run_key,branch_role,jaro_winkler
8ba57d13-2b79-45f5-a3e5-65053536439c,paid_other,0.6061744768641321
502b3507-3501-4fda-a8cf-e15a07ea5fd3,original_free,1.0
d1256117-3f2a-495c-bc16-f08aed933062,neural,0.6074481074481074
b5590d05-9b04-4e2a-92db-c5e9ae1193a7,paid_other,0.6357402220147318
9ce4833e-d1d5-491b-ab4b-a825e878e08e,paid_google,0.852991452991453
a5effc43-f12f-4f5c-aa0f-7fbf399ee83f,paid_google,0.851851851851852
e2465754-e157-4a70-89bf-c18f65aa111f,neural,0.5758898508898508
c1ff8391-c300-4bfe-9c74-308e17bd1568,neural,0.6894196219862418
f250ada5-7ca8-4259-83ae-404e17423998,paid_other,0.5704310868245295
c92991f1-fa6b-4dff-96ba-0528c6ac6cb3,specialized,0.5956450956450957
8afe5b0a-6004-4f5b-8927-63299d413f2f,original_free,1.0
ebcc4130-770d-426b-9939-caf97419af9d,original_free,1.0
c5c926ec-a148-40d9-8d35-7d0968f4cc62,paid_google,0.655164216224124
11ed16db-213f-4a4a-903a-83b285759471,specialized,0.7662962962962964
d20cf5fd-c775-468e-92a8-85d12a0ac794,neural,0.6827028408117304
3bbdf982-3527-4b8a-9c40-59b4ee575b46,paid_brave,0.8441077024306665
14cd39de-3fd3-400e-8ded-4ac62a4449c4,paid_other,0.6802131041261475
03f35ad2-d6f2-4236-b6c5-00ccec5170e9,paid_other,0.6192705863758495
14afbf93-a7b9-4fa9-915b-38890f98b548,paid_google,0.6494741574790835
53a937ae-ab54-4637-b954-68f8a06fd1a1,neural,0.5787439613526569
6c2cc5aa-b382-49ec-b76a-aca1e93995e3,original_free,1.0
4f1befd3-32bc-486e-9b48-8be7124d9bca,neural,0.6062573932878682
1d6a40ad-7c5c-40d0-b87d-0ca1072cc041,paid_brave,0.9492753623188405
c08937e0-ae20-4521-998b-c834142760be,paid_other,0.5764303959131545
a8bcb6ef-bce8-44f0-81f4-4b12f4e40c67,specialized,0.625725900116144
ccb7bd82-30cb-4954-9a8d-0b93afbe1462,neural,0.646531007751938
2b4b4d27-ba4f-48f0-bee6-e086df894c11,paid_brave,0.7033669981301176
bcc7d9ec-bf6a-41cb-ae1a-b921bc6a0617,neural,0.6644360418553966
a632cedb-a780-4d50-bf67-543d3c2fd5b0,original_free,1.0
b4d5524e-2c09-4611-827f-dff2ba9388f4,original_free,1.0
a93f279f-77cf-48eb-b5aa-d66c7bb72df2,paid_other,0.8083007438079901
8433b089-03f1-467b-a785-310fed0629f9,paid_other,0.6587325962325962
08da862b-3d9a-4ab3-94b2-1cae75d41721,neural,0.5376949317738792
ff2df774-8d22-4909-ae19-95d426a89530,neural,1.0
5b91c1c2-6da3-4810-93c0-91f0e042d1d1,specialized,1.0
848e1b75-bd45-4f71-950b-133a15cdae20,paid_other,0.6628166968404471
887d7b7e-3572-47e4-b2ac-d06b8dcbea78,paid_google,0.8781725888324873
0b2d081c-ffaf-48c3-9edf-0e52b2977a51,original_free,1.0
fdd59047-74b4-4762-bcea-0ffd38ba6085,specialized,0.5333035979779958
47a6723e-28ce-42aa-ab5f-7811dafa5c1a,paid_brave,0.6571159537261232
8144cc33-4334-4fd9-8f36-f5674335eb29,neural,0.6836531627576403
d1dd16dd-d3cc-4c41-923e-f2f5836a2503,paid_brave,0.890618017210987
a35ddb53-3e4a-4ba9-b91e-d389c38afb81,neural,0.5302693914164774
2b4b4d27-ba4f-48f0-bee6-e086df894c11,specialized,0.6662904305743383
9f3ec071-94b6-414b-b672-a3c1418a0d67,paid_google,0.6841066341066341
b6363b63-363e-4883-aa93-45404923714f,neural,0.5859342488555972
7deb83cb-f09a-4a97-9981-67d52caceaad,paid_google,0.7328019592760581
f79a2bbf-5739-4b2e-8741-c2592d2bcc8e,paid_brave,0.87007299270073
2958b8e6-5553-4ab6-9abe-d3c76fc5eb23,paid_other,0.5741207600356351
b43a8783-0b36-47d2-8475-6d0b62c484e7,paid_brave,0.7735465600533068
236b2a75-5322-4d05-9025-01b7b3fc227b,specialized,0.5333035979779958
8c2270dd-d2c3-44b5-9590-9b5e90d2c3f4,neural,0.5925694154730451
ea0bc351-df32-4176-8749-e3042d30adf6,paid_google,0.888
a84723d3-1e70-487a-ba0e-4d7cbefff6c5,specialized,0.660490455698996
bb83c6dc-b113-4c37-bf2b-007738d0da77,original_free,1.0
c01152b1-17db-4800-9406-c8fb8ed73fbe,neural,1.0
6ac7d769-520f-4e69-8ca7-ee2aa2fbbd38,neural,1.0
16985833-c733-4e74-ae40-bd38b150ec53,paid_brave,0.850403591137468
8acf41bc-af62-4f54-9d08-76aa3ebf8bc9,paid_brave,0.6838916607270136
25383109-3d4d-4a61-9183-20af84162fb9,specialized,0.6019493177387915
eb820fef-f6d3-4235-822f-bdef0a3457bf,paid_other,0.7333333333333334
c6236195-7c48-4ce3-bb31-92b7ed07bd96,paid_google,0.8275862068965518
11ed16db-213f-4a4a-903a-83b285759471,original_free,1.0
bb83c6dc-b113-4c37-bf2b-007738d0da77,paid_google,0.8370960766141489
cc78c2f2-4d4b-458c-80a5-fac7e3b1ccc5,specialized,0.6508486326257411
749f432b-3519-4529-835a-3e39618570f5,paid_brave,0.6843689190990271
065cfc03-c130-4846-9a18-b857a5765fe3,specialized,0.5947532364644664
9d4cf316-3dad-4470-8cd7-960548a3298d,neural,0.5845381571323172
c7d0cb6d-894f-4700-a9b7-0403d342e600,paid_google,0.8958512076159135
7cc0100d-8f47-4eac-9df2-907791e3eb64,paid_other,0.6968923216719672
6baf1b6a-84f5-456a-816a-4f1a0509fcfa,neural,0.6258356873822976
16be6f6d-2aa9-43f2-afd3-f7c42775898e,neural,0.6503923278116827
9efd7a7e-9927-42f1-89a6-f26152fe25db,paid_brave,0.8087912087912088
86122e62-49f9-462f-ad15-5cc48e1fe7b2,paid_google,0.6848070369346965
9d2375b8-5734-4b60-a8b8-fb15ad5fe2b7,paid_brave,0.8243058753697051
6299675b-d32f-484d-a247-a80439860f1d,paid_other,0.8481681681681682
92b70a13-752e-40c0-8267-2ac79ca5b214,original_free,1.0
2b97ee7f-e52f-4b5d-bb24-76e5e0f17dee,neural,1.0
7cc0100d-8f47-4eac-9df2-907791e3eb64,paid_brave,0.7743701333536491
b6366318-03cb-426c-a879-118838619933,paid_google,0.8797148772154243
9c894a00-08e6-49a8-bbc2-d696fb090186,paid_google,0.5569513279959334
695b9e26-7ae5-4986-ba6d-e8beb52e9715,specialized,0.7708513708513709
be8bc310-c3f8-48f3-bc17-8ccef8b2c403,paid_brave,0.89
6299675b-d32f-484d-a247-a80439860f1d,paid_brave,0.6862564599483204
b03e2e34-95b6-4264-8042-4d39ad76d21f,specialized,0.7104563281657662
23600e58-b80a-4ab7-aeef-9bbc2bbab0ea,paid_other,0.8953125000000001
5c0a23e7-9e86-470d-9333-6742c111791b,paid_other,0.6666561580496007
cd2bbf76-c80e-4010-bfcb-07e6b0b76070,neural,1.0
695b9e26-7ae5-4986-ba6d-e8beb52e9715,neural,0.6204007285974499
7b1ab636-c0f8-4b23-b805-77662bdda8a9,paid_google,0.6057826118801729
4eabe5e1-1a8a-4692-87ac-942b2f5e9488,original_free,1.0
d625d3b0-5099-4c62-b12b-8b8d7084790c,specialized,0.6691920297433454
d6907839-1199-4b1a-aa28-4fdcf09ec54b,original_free,1.0
c6363790-df2d-47f1-8b59-849c8f3be311,paid_other,0.8400000000000001
dc285158-0dfb-44e4-b207-a71182965eca,paid_google,0.5917141049968374
074ddc77-e0a4-46f5-826e-0a6868e6d787,original_free,1.0
401c7553-e71f-43b8-84eb-2ffc0c258c4d,paid_brave,0.899056603773585
67991401-195d-4190-b2be-061a1de9ebf2,original_free,1.0
47a6723e-28ce-42aa-ab5f-7811dafa5c1a,original_free,1.0
a35ddb53-3e4a-4ba9-b91e-d389c38afb81,paid_brave,0.6466830466830467
24f74c5a-5a75-4c91-83e8-65fdd4565f68,original_free,1.0
c3c5b697-5609-4713-a440-3d38db62d6ac,specialized,0.5998353124909142
50924a1a-4fe8-4cc0-ac0b-0ef3e39f1bbf,paid_other,0.851851851851852
b6366318-03cb-426c-a879-118838619933,specialized,0.7154024724506348
f6569c08-77a1-4bd7-8693-31bbb2e1da2d,paid_brave,0.825341342794173
33ddf1bc-cb47-4755-bae3-1bba55c20ad1,neural,0.6423033148385261
f64262de-94e2-478e-9a61-ac22b70a0e03,paid_google,0.9223686963799959
f4aae70c-b1a6-404a-b61f-dc653e4a8dff,paid_other,0.851851851851852
23600e58-b80a-4ab7-aeef-9bbc2bbab0ea,neural,1.0
445116d6-60ac-43f4-9e32-8194e6c8c064,paid_other,0.687200865879956
10fbd5a4-703b-47e3-bde1-7c0c008ea94c,specialized,0.6534391534391534
06311970-fc29-4973-8156-cae47ed0d8f0,paid_google,0.6777691465247179
22024a58-83d3-42da-a688-da03c11bc0d6,paid_other,0.7733333333333334
939318eb-10f0-48e7-b603-329d04fc8dce,original_free,1.0
c8beac48-c90f-435a-9d65-a5adbcfde88b,neural,0.6711560953666217
02fc1e93-26d3-4eed-a32e-23243f9dde04,paid_brave,0.9503546099290779
636dd0bb-0367-47fc-aec9-5f54ee89134a,original_free,1.0
a04e2ee1-79b7-4af2-929c-c6fef79e3a4c,neural,1.0
2600e567-407e-4469-a2ff-4cca36353988,paid_brave,0.7927927927927928
620b01e4-0bd3-45a1-8e2d-4c9cfd165dc5,specialized,0.6259422212910585
6e12ab59-bb11-4b7e-a1b3-db32b3d9f540,paid_google,0.9138461538461539
25a7f8be-342a-4fcc-bdb5-2b1b8027639b,paid_brave,0.8559670781893004
150ea450-50bf-48d5-8758-0d7483d84dc1,paid_brave,0.6862564599483204
93d1de7b-0cfd-48a4-ab81-afdcde4fd0f1,paid_other,0.6192450824029772
b2f94c6c-ec32-4bd4-8cc8-d54d930a75e5,neural,1.0
5d6e178d-ba86-41d1-ab73-fc79632eb398,original_free,1.0
35167059-fa9f-468e-945c-6d44c7f9f5cf,original_free,1.0
1c32f2eb-e71a-4f5e-8a73-def9acdd950b,paid_other,0.6760355755870756
6299675b-d32f-484d-a247-a80439860f1d,specialized,0.6258356873822976
3e027faa-b697-49f4-abbf-89a32777b196,specialized,0.5828201417379413
f3929c3a-d25b-412d-9c92-b51f0862a408,paid_brave,0.7777777777777777
2c0064d3-4568-4d9a-9ebd-26d9232483cd,paid_other,0.6702553485162182
63dab63f-afa3-485e-bea8-1086c132ca45,paid_brave,0.9759700176366843
ff8bd0b6-7443-4449-bb30-9318db20262b,paid_other,1.0
8afe5b0a-6004-4f5b-8927-63299d413f2f,paid_google,0.8149488192966453
782e22ad-b784-4ce7-b9e7-5c5344934275,specialized,1.0
0038e066-c8aa-40ce-8b94-579cbd33481b,paid_brave,0.8611940298507463
4f87a47e-10e3-454b-a9eb-38ee37248304,paid_brave,0.8117005666510968
55aa7be1-92e3-4e2e-bce8-0e2a1401cff1,original_free,1.0
d5d73cd7-51b2-4eb4-a839-f24340d1b6e5,paid_other,0.7419484702093397
74483a5a-baf4-4e8d-a8fe-b8756bab080a,paid_brave,0.8305281223506205
10373513-d80f-4bc1-8352-8178e0a11fdb,original_free,1.0
d7d80579-fe4b-4e1a-8509-16712ae4e5b7,original_free,1.0
fac9b8c3-a3d3-4b9b-959e-35a672713181,neural,0.6330537014196231
e5a970d6-a230-4603-9e9c-27a1a4e1338b,paid_brave,0.7973372593718339
e28c4e6a-b224-496a-a9ea-9e7982347e5e,original_free,1.0
dab294f7-a79d-48f5-af95-eff5ef9fab6e,neural,0.5948502788291521
706e25f2-220f-4525-acfb-4151cd967cc4,neural,0.5933599695585997
cf174e72-cc13-4a1d-8554-fcbf537ab3d5,neural,0.5589989531166001
1ad7cac7-6dc6-41dd-b976-393163ac7800,paid_other,0.6574227451876392
ff8bd0b6-7443-4449-bb30-9318db20262b,neural,1.0
212bed68-e98a-403f-bc52-3169caf47dbc,neural,0.599677394278607
6e615698-e56c-4c2f-8e86-dd0fba584b32,paid_google,0.6747738521932071
3e907bf1-1860-45a3-8c78-38a7ce91f2fa,paid_google,0.7133116460637605
b5ee3634-3168-458c-9e7a-7f74968c3c6f,paid_other,0.6651886125570335
d65638f3-ba8f-4f37-bcfd-d5838c8842cd,paid_google,0.7563009667927701
0be887d8-d8ae-4e6d-84d4-595c9aa34da9,original_free,1.0
f85c89c2-8c53-45b8-91a8-6d1a7e6c455e,paid_google,0.8687898089171975
cd2bbf76-c80e-4010-bfcb-07e6b0b76070,specialized,1.0
3708be34-083f-4770-a8df-94eedda24dc3,original_free,1.0
648fd4f5-3541-40fe-8c53-9fc8c62f1b92,original_free,1.0
ac959d2c-3d5d-46a7-b2c7-e7da6cdac34d,paid_google,0.6102292768959435
524f85ab-7574-4bd1-a225-b2b8bad8a6e2,paid_brave,0.6016859991057103
2b4b4d27-ba4f-48f0-bee6-e086df894c11,original_free,1.0
f6569c08-77a1-4bd7-8693-31bbb2e1da2d,paid_other,0.765379781420765
18db6b8c-c80d-4ca0-800b-f6ad19687874,neural,0.6720070022137511
d3e20889-fb61-456e-8129-ea40cd681e3e,paid_brave,0.6638728421337117
e282f473-753b-4349-b8ce-14706e92654f,specialized,1.0
3fb982d8-a8ee-4e0d-a217-16ab98b6dbc9,neural,0.0
c2896bcf-dcfd-41a0-917f-d3095b575f81,paid_google,0.5758923645591967
34b6c06e-dc8a-4e96-9cf0-8ec0852f15c7,paid_google,0.8135593220338984
ebf764b2-dc49-477c-87b4-547dd0dc765a,paid_brave,0.8859813084112149
8a118083-ba42-422c-903c-0324ba87854f,neural,0.6037765293383272
3afcb934-c8a9-40ca-8b34-f00a26cf0753,neural,1.0
cf7f04e2-39ea-4489-9582-64d64baf5c84,original_free,1.0
7f176fc8-84c8-4291-8399-535ea20c4156,paid_other,0.6565915565915565
1072a343-7d01-44b6-83d2-ab297aa54dd9,paid_google,0.851851851851852
7680d93d-7317-4b91-a53f-9d31db3bb5f0,paid_other,0.6686977232962062
e43cd97d-2689-4ec1-b010-25771fd1525a,paid_brave,0.6578084997439836
06eed339-934e-4087-90ce-a6e2569befdf,paid_google,0.8945273631840797
e54874db-e3b4-4824-9ba6-c13b57041834,original_free,1.0
7842beca-0867-49fb-bad7-20b348e9020f,original_free,1.0
043800f7-15a3-429c-a376-563dba27306b,paid_other,0.7083919362400376
bcdeab72-4e6a-43eb-ac5e-51908da9ba92,neural,0.5673400673400674
f4aae70c-b1a6-404a-b61f-dc653e4a8dff,neural,1.0
08d0fb2a-aa2d-4883-81af-c9c77c23c2cb,original_free,1.0
fa427d9f-6b56-452f-9d2d-9cfd4f5d647f,neural,1.0
ef853143-54bf-4a93-8a94-c543dec24e89,neural,0.6145307912481855
08e3dda3-bea2-4793-8f91-be14333af84f,paid_other,0.4828725236864772
c7d0cb6d-894f-4700-a9b7-0403d342e600,paid_other,0.8933649109511178
e2465754-e157-4a70-89bf-c18f65aa111f,paid_google,0.8497886473429952
10c276b0-8e6d-4a1b-a14a-a85e5816f82f,specialized,0.6803403913160011
98badc56-a1ba-4b66-bc77-7942596a5ce3,paid_google,0.844760710553814
51acbb91-93a5-4828-8fd0-160941e54092,paid_other,0.6433298365241717
946efcc6-9bb8-4805-98df-789e2c17a5b1,paid_brave,0.7761904761904761
dc285158-0dfb-44e4-b207-a71182965eca,neural,0.598345588235294
fa427d9f-6b56-452f-9d2d-9cfd4f5d647f,paid_brave,0.8707070707070708
04f32696-5534-40f6-af39-ce76be29fd82,paid_google,0.8736842105263157
b0b7a170-2120-4dac-aef6-4309a0088247,paid_google,0.7154351395730706
26c97e89-5440-43ef-9cca-3088c179a843,paid_brave,0.7888952074998586
fa6d6937-770f-4f8e-bea2-ec960765b84d,specialized,1.0
70ae03fd-0561-4b1d-9452-8f4ba8ba8099,paid_google,0.6895424836601306
8144cc33-4334-4fd9-8f36-f5674335eb29,original_free,1.0
5453bd7b-8c66-41fa-84eb-1541c9160d68,neural,1.0
c6912b31-0f91-46d4-8cc0-670839d9148b,paid_other,0.5970826920000221
b5590d05-9b04-4e2a-92db-c5e9ae1193a7,specialized,0.8806926406926406
c543c071-7421-4fd4-87a5-9d5c7db6f7b1,paid_other,0.5730074671822245
4d27a4b0-eef8-4761-ba91-8abd44cfafe5,specialized,1.0
3bbdf982-3527-4b8a-9c40-59b4ee575b46,original_free,1.0
80cee934-4364-4365-86e0-b0f63ea26f17,original_free,1.0
f7777528-3226-4fd2-b0f2-d31bb8e9a145,paid_other,0.7027321295732739
09e08bde-9670-4f6f-98b1-0f80b2106b05,original_free,1.0
b68dc359-db51-4025-a2e6-652627036ad5,paid_google,0.6358585858585859
24f74c5a-5a75-4c91-83e8-65fdd4565f68,specialized,0.740634319585205
5229f521-bbb6-4856-8d90-bcb281430eeb,neural,1.0
e077183f-1926-4f72-bce4-af5449f42753,neural,0.6331222144030025
514fd566-7df6-4248-aa6a-92d610a839c0,specialized,0.5673245614035087
2d8d7be9-318d-4b8b-8a5e-41216db148c7,neural,0.6266743522178305
16be6f6d-2aa9-43f2-afd3-f7c42775898e,original_free,1.0
b5ee3634-3168-458c-9e7a-7f74968c3c6f,neural,0.590438969695031
0038e066-c8aa-40ce-8b94-579cbd33481b,paid_google,0.8611940298507463
b9a6d7cd-27c8-4ff0-aa4e-bd387bfc453f,neural,1.0
502b3507-3501-4fda-a8cf-e15a07ea5fd3,paid_other,0.8767857142857143
a8bcb6ef-bce8-44f0-81f4-4b12f4e40c67,neural,0.625725900116144
f7777528-3226-4fd2-b0f2-d31bb8e9a145,original_free,1.0
ed6aa4c6-7e43-4cff-898b-baee8996c304,neural,0.6353643551358141
c32c82de-a06a-47a2-9b5b-2140026dd918,paid_other,0.8683229813664597
be197ffe-44c4-410b-b121-9d418ba59d2b,paid_other,0.5515873015873015
bf0fca6a-31a3-4f2a-88c2-dad8e45a2ec5,paid_other,0.7485344827586207
a646bcb3-16dc-4cbb-88b3-e5614b0f14f4,paid_brave,0.9025641025641026
b03e2e34-95b6-4264-8042-4d39ad76d21f,paid_google,0.8725490196078431
eb820fef-f6d3-4235-822f-bdef0a3457bf,original_free,1.0
1a57af3f-a4f5-4f5a-8654-9d3ce652530c,specialized,0.8845687893873557
e21f8086-87e6-4c67-a7e5-f6b63d831342,original_free,1.0
500cb1b0-b0c9-46e9-8961-f4dd06945140,original_free,1.0
79887d11-a38b-494e-baa2-bfbaed28bb5f,original_free,1.0
0d25eaee-5561-4d33-ad7d-d5a69f6aa823,specialized,0.6074951192598251
7938e1e8-127c-4f61-b806-41787a547a54,neural,0.5491000750229627
922c8a9e-4a5b-4c62-983b-6f19facf4f92,neural,0.5964203731510727
abaa22b3-4fda-4365-87af-cbaa513517aa,paid_google,0.7074829931972788
dc285158-0dfb-44e4-b207-a71182965eca,original_free,1.0
ae5796cc-e3b2-41ca-9f17-dece6e5d1a06,paid_other,0.8953125000000001
fa04b794-1a4e-4ef0-805e-3ee41ca9b71c,original_free,1.0
ee1fa91b-f40a-4a6a-bcf4-fc8d0345bacc,specialized,1.0
b2f94c6c-ec32-4bd4-8cc8-d54d930a75e5,paid_other,0.8912
b26a2c1c-c944-44d7-aa7e-9d857de7e03e,paid_google,0.869811320754717
4f89645d-d128-4031-9eaa-3a7d6648df23,specialized,1.0
f525eaf4-fe73-4830-9341-62db69dd4a03,paid_google,0.8666666666666666
28f114f2-8f03-460d-80c7-8703f582eabd,original_free,1.0
3f837b51-6d50-444e-b6ce-c1ac25c8de63,specialized,1.0
b6366318-03cb-426c-a879-118838619933,original_free,1.0
01549a9c-6584-4a48-ba0d-5e84a6501b44,specialized,0.5537240537240536
d432c5f1-e749-4744-bbd2-f9cf5ddef71c,specialized,0.5983449717915335
d07785ad-ee07-43e0-a62e-dfe311fa6e1d,original_free,1.0
a9952fbc-47de-4e43-84b4-792214d8b4e9,paid_google,0.49258391881342706
bd4876b2-7093-43d3-9c3c-a4bdaa2c7f90,original_free,1.0
3fe05733-8253-46a2-924c-bb0cedbe290e,original_free,1.0
f136a4eb-5426-49c4-88f8-e3e7879a0af9,original_free,1.0
1c32f2eb-e71a-4f5e-8a73-def9acdd950b,paid_google,0.6692108100070628
c2e0d4c7-e1ea-4d69-a000-20a326f023a5,original_free,1.0
598a7130-14d7-4741-98e1-d48b77250ed0,paid_brave,0.8890052356020942
f614a284-2bf0-441b-b1c3-b7a2e36afa17,paid_google,0.6978380294169768
6baf1b6a-84f5-456a-816a-4f1a0509fcfa,specialized,0.6258356873822976
f4704b96-5687-4445-b5ab-7810eb6def6c,paid_brave,0.85
648fd4f5-3541-40fe-8c53-9fc8c62f1b92,paid_other,0.6586404845418129
b9a6d7cd-27c8-4ff0-aa4e-bd387bfc453f,paid_brave,0.8822222222222222
e9187378-12a6-4bfa-a6e1-0338ea9bcd57,original_free,1.0
93d1de7b-0cfd-48a4-ab81-afdcde4fd0f1,original_free,1.0
a3333df6-55b4-46e3-ab29-aca3a63dd05b,specialized,0.6067668229592349
b221a7ab-29d2-4ae3-927d-7d13147ae5ed,paid_brave,0.7716199228401751
3d9272d7-c886-4fb7-9905-48dba8fef9b9,neural,1.0
5c82e586-e6b3-4c65-976b-9d356bce6edb,neural,0.6172937286427899
2f1e95d7-c8ec-4802-b6a6-891315aa1704,neural,1.0
e9187378-12a6-4bfa-a6e1-0338ea9bcd57,paid_google,0.6995552721505535
8369c3a3-545a-43b2-b435-97dfd96c7de2,paid_other,0.569828638794156
f62ca042-85c6-4743-b423-06a24bae2b8b,specialized,0.6741557734204792
a0760b36-ea78-4ff0-a418-a29dc6a1a989,paid_other,0.8333333333333334
8afe5b0a-6004-4f5b-8927-63299d413f2f,paid_other,0.8776482776482777
62203d2c-8711-431d-b73c-6f523b1a9fcd,neural,0.7079706939275331
51acbb91-93a5-4828-8fd0-160941e54092,specialized,0.6016939750810718
f53754ef-9c4e-482f-84d3-9bd0a6a8c892,paid_other,0.5651797117314359
d22fc215-2a66-4a97-863b-3cfb3c7b82c9,paid_google,0.8231632211458436
16cfad6c-8311-4309-b7e8-37e8540a5e4f,original_free,1.0
3d9272d7-c886-4fb7-9905-48dba8fef9b9,paid_other,0.8760975609756098
5e441852-2609-45e8-9953-f93e90a60596,paid_brave,0.6222222222222222
fb59a507-2cf0-4008-8997-46dac60d88a7,neural,0.6209023545345627
01b2cda2-a67f-4d20-adc9-94b1bd6fd512,paid_other,0.9945945945945945
d59f26d3-a634-4dc6-9c5d-cce8ebc71bff,neural,0.6622573590839845
8a118083-ba42-422c-903c-0324ba87854f,paid_other,0.8111988304093567
b6519b50-8e71-4385-94b2-a2828598ead6,specialized,0.6895927601809955
922c8a9e-4a5b-4c62-983b-6f19facf4f92,paid_brave,0.8418079096045198
65c20585-e865-4706-a1b9-50ae4ccba6d3,neural,0.5836629001883239
d2d188ce-8720-425d-94cc-65a6b90e3282,specialized,1.0
b77e4720-af5c-4a92-bccc-7b52aa4d9819,paid_brave,0.8174603174603176
b26a2c1c-c944-44d7-aa7e-9d857de7e03e,original_free,1.0
be68cc93-8fbe-4d8e-99f7-0fff0ad9acaa,paid_brave,0.7201910821371111
3d41e1b5-3913-43ee-ae79-284ff3c359e1,paid_google,0.8827586206896552
d3e20889-fb61-456e-8129-ea40cd681e3e,paid_other,0.6053661616161616
764d08bd-f7ae-4801-b4a9-5205a0a79302,specialized,0.70044358016218
d0dacb59-cadf-41f8-9bb6-e6f2be6b3a5c,original_free,1.0
dcf31214-d851-4293-a066-f17b7fc4c078,specialized,1.0
5f837868-5f48-47c1-a9ca-620fdcea6f55,paid_google,0.6397280497280496
29998019-40f5-4757-a30d-059fa8782236,neural,0.6491942411435248
fdd59047-74b4-4762-bcea-0ffd38ba6085,original_free,1.0
278436f3-c5aa-4573-ad03-d8d814aed9df,paid_brave,0.851851851851852
fa1f50f8-62b7-4630-a06a-07d9e0531a98,original_free,1.0
3708be34-083f-4770-a8df-94eedda24dc3,paid_other,0.8653266331658291
79eaebe9-a71e-4e52-9c59-a065beaa4a6c,original_free,1.0
4dd421b5-9733-4798-9db3-3b6785e14770,original_free,1.0
fa13b84d-27fa-4089-a43f-bf45285b1af2,paid_brave,0.8847058823529412
07fe6bfb-db63-4635-8d6c-7aae4c1dfc06,specialized,0.6748089117515467
da625182-a1bb-433e-9ade-d49fd3e884a5,paid_brave,0.8678787878787879
8433b089-03f1-467b-a785-310fed0629f9,paid_brave,0.7594953608652238
3fe05733-8253-46a2-924c-bb0cedbe290e,specialized,0.6123188405797101
d2786f18-9964-44bd-9d62-12e76512cf2d,specialized,1.0
0491dcc1-ddd2-4bf1-84dc-3f2634f5de47,neural,0.5844854275056662
3d80fc9a-0064-4231-aa23-f088e898ab0d,paid_other,0.851851851851852
648fd4f5-3541-40fe-8c53-9fc8c62f1b92,neural,0.5545508131715028
7de06311-2e45-461a-9164-d5ec42663991,neural,1.0
5ab89d3a-625c-429c-a8a7-3f9aff30d21c,paid_other,0.5870189266773707
607d4fb0-0f25-4f81-9b97-95c7a89010c0,paid_other,0.7655086353199562
7c1af73d-df29-4be6-ac40-c2ca2e3d864d,paid_other,0.6529394759251752
9ec823ed-63db-41c9-99cd-578729424418,paid_google,0.6330916641861916
c1ff8391-c300-4bfe-9c74-308e17bd1568,specialized,0.6894196219862418
c0633008-d2c4-4a69-b370-c8dcc32ce752,specialized,0.6399114997905321
6a320c07-9473-4117-8018-62bdd08695b1,neural,1.0
8003a039-958a-41ff-9a41-ce0abdf619cb,original_free,1.0
541c632f-7dd6-41b4-9342-c7b54f3720b6,paid_google,0.8599078341013825
d1dd16dd-d3cc-4c41-923e-f2f5836a2503,neural,0.5900797593420544
08d0fb2a-aa2d-4883-81af-c9c77c23c2cb,paid_other,0.5577802135346892
ce5e9666-3677-46ab-bb79-6b2a78204226,paid_google,0.697715394597426
00b7f89e-cdd6-4e34-9a90-bbda53733270,specialized,1.0
f7440437-ad2d-4d8c-9f64-40602c8c09f1,paid_brave,0.7390377811391659
926dc624-bc88-4c11-bf93-78f33efc43cd,specialized,1.0
9f1c4b6e-10f9-42c6-9143-a888c92c59a7,specialized,0.452187440737059
8c2270dd-d2c3-44b5-9590-9b5e90d2c3f4,paid_other,0.9044444444444444
8d98806d-2c30-483f-8850-dc3d2723d356,neural,0.598083982451428
b5590d05-9b04-4e2a-92db-c5e9ae1193a7,paid_google,0.7095770851524239
d625d3b0-5099-4c62-b12b-8b8d7084790c,neural,0.6387283146807213
08110b45-75a8-4f4b-96fa-fc2c4bdc5343,neural,1.0
1041e0d3-077e-4e87-84ca-47b2ac8368cf,neural,0.5888463175819497
99106d71-722c-4b31-9347-3156e6db6877,specialized,0.6279014918824046
3e907bf1-1860-45a3-8c78-38a7ce91f2fa,paid_brave,0.8848529962831303
4d040c3c-945c-44c2-b2a8-7a3a0e027610,neural,1.0
08d0fb2a-aa2d-4883-81af-c9c77c23c2cb,specialized,0.5602380952380953
636dd0bb-0367-47fc-aec9-5f54ee89134a,paid_google,0.8705882352941177
70376984-d59e-47a4-8a2c-3fc4227ab9a9,paid_other,0.6749999999999999
c6363790-df2d-47f1-8b59-849c8f3be311,paid_brave,0.7419354838709676
c40c5cb3-a2cd-4ade-9f87-019f924e1ada,original_free,1.0
4ccd808f-d969-4018-8f65-65b780b10991,paid_other,0.5949594385197339
159fb71f-42c6-4cdc-9977-4b0c6748579d,original_free,1.0
b0b7a170-2120-4dac-aef6-4309a0088247,original_free,1.0
396ed137-ff6e-4542-a156-ed62e9c9df57,paid_brave,0.8708729876666697
396ed137-ff6e-4542-a156-ed62e9c9df57,original_free,1.0
cd5b798f-283c-49c5-b9cf-1215d199b925,original_free,1.0
074ddc77-e0a4-46f5-826e-0a6868e6d787,neural,0.5613445378151259
043800f7-15a3-429c-a376-563dba27306b,paid_google,0.6079477553185318
82d35294-043d-4eed-a9ed-6a9dbfc6ad8c,paid_brave,0.8559523809523809
b7b479b4-eb09-4892-8af8-e88a040f3d4b,specialized,1.0
2600e567-407e-4469-a2ff-4cca36353988,paid_google,0.7600000000000001
9d4cf316-3dad-4470-8cd7-960548a3298d,original_free,1.0
eef08cc1-e341-4aa3-98bc-88b0ca2c7420,original_free,1.0
0a7fdcde-1509-4732-8d14-c330585f6cc9,paid_other,0.7105508177810735
33ddf1bc-cb47-4755-bae3-1bba55c20ad1,paid_google,0.8341440518859874
01b2cda2-a67f-4d20-adc9-94b1bd6fd512,paid_google,0.9945945945945945
2600e567-407e-4469-a2ff-4cca36353988,paid_other,0.5515873015873015
23600e58-b80a-4ab7-aeef-9bbc2bbab0ea,paid_brave,0.8953125000000001
eb8bb643-6537-46b0-b42d-702a3dc3d437,specialized,0.6124110476995702
1b7d9fbc-5bf7-4fec-b737-8d9f560535f0,paid_google,0.6653439153439153
70ae03fd-0561-4b1d-9452-8f4ba8ba8099,specialized,0.6313588372411901
3c1581a7-b415-4721-8457-54371dfb54e6,neural,0.6600454869662347
c7d0cb6d-894f-4700-a9b7-0403d342e600,original_free,1.0
f9f8c48c-42b3-4d41-bbba-fdc274484fa7,paid_google,0.8169333413235852
a27d369e-ac2d-4428-9df6-3e272f34a993,specialized,0.5859342488555972
1dbe046d-6c33-410a-99be-f49e684883ec,neural,0.6152492435101131
2a467b8d-30e3-4166-8179-d3a96d6c1706,specialized,0.5620270621909966
078375dc-4a8a-4dd7-8b2f-2df9ef3dc009,paid_other,0.5971211338303682
9b50f5a7-0513-447e-89d2-ba4fb7e67a62,paid_other,1.0
a5effc43-f12f-4f5c-aa0f-7fbf399ee83f,paid_brave,0.812807881773399
d07785ad-ee07-43e0-a62e-dfe311fa6e1d,paid_google,0.7022146435939539
b362625d-e7ea-40f4-8973-2caa022130ab,original_free,1.0
16cfad6c-8311-4309-b7e8-37e8540a5e4f,paid_other,0.6159959037378392
f9f8c48c-42b3-4d41-bbba-fdc274484fa7,neural,0.590633674555369
c6526e72-828c-4769-ae14-43b04bf629cd,original_free,1.0
5d74fb4b-b8df-49aa-b952-b09a20bd1674,paid_brave,0.812807881773399
6b15798b-45e9-44f4-bbc2-003866d3c063,paid_other,0.5949594385197339
4973464b-94f0-44b1-871f-ea7332e3a647,neural,0.5360204898600066
b6363b63-363e-4883-aa93-45404923714f,original_free,1.0
5c82e586-e6b3-4c65-976b-9d356bce6edb,paid_brave,0.6085237785623064
7842beca-0867-49fb-bad7-20b348e9020f,neural,0.6830120937263794
f6569c08-77a1-4bd7-8693-31bbb2e1da2d,specialized,0.5797385059117911
7974b90f-1636-4b77-8c4c-eaf3f877be33,paid_brave,0.7256604908778822
78eb9786-ccd2-4fa2-a166-d37eb7b05964,specialized,0.596764075589324
5c0a23e7-9e86-470d-9333-6742c111791b,paid_brave,0.6139344262295082
cedde1af-8709-4ada-9bb2-8c948c3524c4,neural,0.49411764705882355
4237ecf2-7ee0-480b-97a7-ec5a4fa9cce9,paid_other,0.8281473435948362
cee8284a-4926-4699-9511-ba70eb36db58,paid_google,0.8828194444444445
620b01e4-0bd3-45a1-8e2d-4c9cfd165dc5,paid_brave,0.751682784427763
c40c5cb3-a2cd-4ade-9f87-019f924e1ada,neural,1.0
f8c95cc4-068f-4ff5-9920-5eb6c5bf78e3,neural,1.0
da2b7444-d758-4b02-b039-517403c885a9,specialized,0.783072546230441
0b9624d1-741d-4c53-9cae-a0216a0b80d3,original_free,1.0
62aae3f6-ba45-40fb-8349-5b427141747b,paid_other,0.8883531746031746
c32c82de-a06a-47a2-9b5b-2140026dd918,original_free,1.0
b0b7a170-2120-4dac-aef6-4309a0088247,neural,0.6011806375442739
f85c89c2-8c53-45b8-91a8-6d1a7e6c455e,specialized,1.0
a04e2ee1-79b7-4af2-929c-c6fef79e3a4c,paid_other,0.887136929460581
759ac087-8c4a-4832-96ca-bb52df6e3362,neural,0.644029304029304
fb59a507-2cf0-4008-8997-46dac60d88a7,original_free,1.0
b6363b63-363e-4883-aa93-45404923714f,paid_google,0.7738095238095237
759ac087-8c4a-4832-96ca-bb52df6e3362,paid_other,0.7237190103965121
2c0064d3-4568-4d9a-9ebd-26d9232483cd,paid_brave,0.8091357376283846
48a73e7b-549d-4c05-97c6-0d8ef5206b6e,paid_other,0.6458126448195961
a5effc43-f12f-4f5c-aa0f-7fbf399ee83f,paid_other,0.851851851851852
6e615698-e56c-4c2f-8e86-dd0fba584b32,specialized,0.6883512544802867
51897f66-9e4b-4f3f-9ce3-01212ce18926,paid_other,0.6746031746031745
9fd41c25-3e2f-4bba-abd4-c7a2bb32d723,paid_brave,0.872316384180791
80cee934-4364-4365-86e0-b0f63ea26f17,paid_google,0.8726457399103139
75ac6791-8ff4-4fe9-9ce8-263f024fac03,paid_other,0.851851851851852
8ba57d13-2b79-45f5-a3e5-65053536439c,paid_google,0.7461517461517461
9da7142e-1ac6-48d2-b5f6-9f48f39f10b9,paid_brave,0.8174279761189246
e5a970d6-a230-4603-9e9c-27a1a4e1338b,original_free,1.0
d432c5f1-e749-4744-bbd2-f9cf5ddef71c,original_free,1.0
7b673e20-1fe9-4c5b-897a-d9fbe3a4911c,specialized,0.7226512226512227
c3c5b697-5609-4713-a440-3d38db62d6ac,neural,0.5998353124909142
18db6b8c-c80d-4ca0-800b-f6ad19687874,paid_brave,0.8565468315597737
7deb83cb-f09a-4a97-9981-67d52caceaad,original_free,1.0
971ee889-50ac-4796-826f-07fe11905a25,paid_brave,0.8978494623655914
209942f8-127b-4501-84ab-d2237b2db44c,original_free,1.0
5a2b695f-2783-46a9-8f6c-98868a9f5002,paid_other,0.5987914047755095
e06459d9-ddc3-4b65-84f6-04c60634fa4b,neural,0.6311511183851609
150ea450-50bf-48d5-8758-0d7483d84dc1,original_free,1.0
c73e6215-f7cf-41b1-aacc-8d10cc86fb48,paid_other,0.8430220573077717
e5fa39dc-01ae-4a7d-9da8-5daa8aa4f5a5,paid_google,0.7329418781921738
0491dcc1-ddd2-4bf1-84dc-3f2634f5de47,specialized,0.5953348819202477
8c31067a-e06f-45c5-8005-d006cc8adc6d,paid_brave,0.6872217942133196
ebf51948-4482-405a-bac6-a7e21f1998b7,paid_other,0.872538860103627
f7c4a5c3-b875-433d-9cbb-ed2e90118edd,original_free,1.0
d5e9a5ea-f384-4e4a-823e-1df377413093,paid_brave,0.6752136752136751
500cb1b0-b0c9-46e9-8961-f4dd06945140,specialized,0.6054188662644545
24e0f50d-7de8-4820-b744-95a7fadfdcfe,paid_google,0.6035956380783968
3e907bf1-1860-45a3-8c78-38a7ce91f2fa,original_free,1.0
c1ff8391-c300-4bfe-9c74-308e17bd1568,paid_brave,0.8713772577996717
b61a8ced-cd6d-4d40-a811-ab3ccf1dbed8,paid_other,0.8653658536585367
d59f26d3-a634-4dc6-9c5d-cce8ebc71bff,original_free,1.0
4d27a4b0-eef8-4761-ba91-8abd44cfafe5,original_free,1.0
e7737246-539a-4ee7-aa0e-b9ab91e4178e,paid_brave,0.8857142857142858
cdd8ec3f-5799-48ca-a0ad-f66027e7e5c4,specialized,0.6013820583761645
8ba57d13-2b79-45f5-a3e5-65053536439c,neural,0.652142575341349
a9b090ca-3918-42ab-aaaa-7bc608b3bd39,neural,0.6131306389815845
4625070b-8780-45d0-961c-a9463854ce9c,original_free,1.0
cdd8ec3f-5799-48ca-a0ad-f66027e7e5c4,paid_brave,0.7991810473918477
5c3bb872-51d7-416e-a5f6-48906f9a0ac9,specialized,0.631540526701817
159fb71f-42c6-4cdc-9977-4b0c6748579d,neural,0.7148603188532983
2008d8ce-c85d-48f3-80e4-1954371e8bdd,paid_google,0.6358593616658132
02fc1e93-26d3-4eed-a32e-23243f9dde04,specialized,0.5831282752335384
4b9df8f2-e4ee-4e76-aa4c-fbef17e78372,paid_other,0.884263959390863
e077183f-1926-4f72-bce4-af5449f42753,paid_brave,0.7254150702426564
7b4a06d4-1564-409a-96b8-a0fe29da3d88,neural,1.0
764d08bd-f7ae-4801-b4a9-5205a0a79302,original_free,1.0
f250ada5-7ca8-4259-83ae-404e17423998,paid_brave,0.8530808080808081
25a7f8be-342a-4fcc-bdb5-2b1b8027639b,paid_other,0.764659977703456
2d8d7be9-318d-4b8b-8a5e-41216db148c7,specialized,0.7292038027332145
d9cd5a69-6902-4880-b0e5-fdcecfcb48bf,original_free,1.0
3f1d1563-32dd-441b-920a-a5321315f33b,paid_brave,0.8643738977072309
209942f8-127b-4501-84ab-d2237b2db44c,neural,0.5798425119964289
1ae9cf32-a465-4930-8f93-8ff8e7e372a0,specialized,0.5631868131868131
ceb7705f-e9b0-4c11-85d3-6c480b604151,paid_brave,0.763888888888889
3ddf4189-b401-4583-b3de-18eda8178e4f,paid_brave,0.6971308573242497
759ac087-8c4a-4832-96ca-bb52df6e3362,paid_brave,0.7855555555555555
2b97ee7f-e52f-4b5d-bb24-76e5e0f17dee,specialized,1.0
6304e95c-30c8-4e11-aea3-38233a79ccc1,paid_google,0.6996669996669996
2d8d7be9-318d-4b8b-8a5e-41216db148c7,paid_brave,0.8250325910554182
edd1e4ed-038f-4c15-bd5b-6223e204a6c9,paid_brave,0.812807881773399
7b1ab636-c0f8-4b23-b805-77662bdda8a9,original_free,1.0
6413f295-f00f-47d3-b1fa-e43304106f5a,paid_brave,0.7170509539384998
e9e18c32-2ccc-4244-bd3e-4f7281f26b87,specialized,0.6434058536695743
653aabb0-1be9-4b0a-b828-1f0c74321a44,original_free,1.0
f5dea594-6512-4cf1-a421-099115e0e13c,paid_other,0.8698924731182796
cc90c3a0-169d-403a-baee-b80fcc119819,paid_brave,0.8890052356020942
d3d39102-4e52-4653-83a8-be5e15cc24a8,paid_other,0.9071428571428571
7deb83cb-f09a-4a97-9981-67d52caceaad,paid_other,0.5842663635502511
f648aa5d-7028-46c5-a871-909269639fcc,neural,1.0
7588b98d-b986-4b7f-9a4e-5740bd38abba,specialized,0.7049889577734615
dd93361a-f639-4b26-852d-e2f4985ccf07,paid_other,0.5953671066878614
7de06311-2e45-461a-9164-d5ec42663991,paid_google,0.851851851851852
e3cb0d83-0836-42c5-8de9-14dc755d2b88,original_free,1.0
11d88e70-c545-4cad-8ca2-c43b72661634,paid_other,0.8372294372294373
cee8284a-4926-4699-9511-ba70eb36db58,original_free,1.0
598a7130-14d7-4741-98e1-d48b77250ed0,paid_other,0.8890052356020942
1a57af3f-a4f5-4f5a-8654-9d3ce652530c,original_free,1.0
50924a1a-4fe8-4cc0-ac0b-0ef3e39f1bbf,neural,1.0
e865c771-ff8b-4b77-b6d0-a55003f1fc4d,paid_other,0.8821621621621623
0038e066-c8aa-40ce-8b94-579cbd33481b,neural,1.0
236b2a75-5322-4d05-9025-01b7b3fc227b,original_free,1.0
50924a1a-4fe8-4cc0-ac0b-0ef3e39f1bbf,original_free,1.0
1d6a40ad-7c5c-40d0-b87d-0ca1072cc041,neural,0.6074481074481074
2508b6fe-faf2-4557-ae11-276c2eaf4442,paid_google,0.851851851851852
25a7f8be-342a-4fcc-bdb5-2b1b8027639b,paid_google,0.6331103678929767
c6526e72-828c-4769-ae14-43b04bf629cd,paid_brave,0.7777777777777777
7aecaf40-8f51-45cc-a554-eef092c40dc5,paid_other,0.851851851851852
31d33787-f98b-4632-b7d0-1a8cdcbf4a30,paid_other,0.6517831662582273
ddbcf1ca-318b-4c3d-97df-ee016727d260,paid_google,0.6639685420447671
7e796f15-eafa-4318-bdf1-65ac269dd347,paid_google,0.6682539682539682
c0633008-d2c4-4a69-b370-c8dcc32ce752,paid_other,0.8820640756302521
1dbe046d-6c33-410a-99be-f49e684883ec,paid_brave,0.8324111560953665
0a032d91-13a3-4c3b-8b72-f2c0e7a9b813,paid_google,0.7481160392119296
f614a284-2bf0-441b-b1c3-b7a2e36afa17,specialized,0.5701463254094833
2c131c81-99af-48ca-9b9a-b32c9c959d79,original_free,1.0
8ba57d13-2b79-45f5-a3e5-65053536439c,paid_brave,0.7295861843639054
f62ca042-85c6-4743-b423-06a24bae2b8b,paid_google,0.6381152837782947
8dcb77d7-d226-4b5f-9c8d-9baa4191d994,original_free,1.0
f648aa5d-7028-46c5-a871-909269639fcc,specialized,1.0
448e0fc0-b3e8-4172-85a6-200305eeb55e,original_free,1.0
b61a8ced-cd6d-4d40-a811-ab3ccf1dbed8,neural,1.0
aa685ba9-aabd-4fcc-833a-6ddb056b8f79,specialized,0.5894921075226208
57f5c239-0067-40f1-bb38-ff36e90336f9,paid_other,0.85
b6519b50-8e71-4385-94b2-a2828598ead6,original_free,1.0
82bd2d49-f90f-424d-8c32-9fbf70947d20,paid_brave,0.8629032258064516
ebab61ff-dd0a-4104-ad22-711b3ee3485e,paid_brave,0.8035051869475677
31a8738c-5d51-43f2-8539-6e3ccb788939,paid_google,0.6022828533370079
d2d188ce-8720-425d-94cc-65a6b90e3282,neural,1.0
5fa3d68e-521e-4981-86d1-a54e5dc9a804,paid_google,0.8701298701298701
e1f59c4d-2a45-4ae0-8a36-6f3cb897b53d,original_free,1.0
e8d0ffcb-c7a0-498b-99ce-f013de3473f6,original_free,1.0
be8bc310-c3f8-48f3-bc17-8ccef8b2c403,specialized,1.0
aa685ba9-aabd-4fcc-833a-6ddb056b8f79,paid_google,0.6300831443688587
7e6707e2-7989-447d-b6b8-b7eb8d4687e5,paid_brave,0.8333333333333334
448e0fc0-b3e8-4172-85a6-200305eeb55e,specialized,0.6811883311883312
af4bad40-ee6d-46e1-bf6f-673513dec233,neural,1.0
0ab947a0-95eb-4ad8-b6ee-0d121e753246,specialized,0.6767676767676768
422a18d3-971e-4a2f-bb0f-e0bca5fc641c,original_free,1.0
a7ac9a6c-bc6b-40bc-9ecf-41e74d2fefc0,paid_brave,0.6967782709491024
849c7c61-5a28-46bd-af07-62b062c027c5,paid_google,0.5789473684210527
6e800075-7e9d-4b89-bcd7-5689ed58a73c,specialized,1.0
726e1cd3-c21b-43a5-b2e8-397cc72123b1,paid_google,0.8395061728395062
8bfdd929-8a24-4904-95d4-7664cad1d051,paid_brave,0.676616412330698
fcde020f-afc2-4318-8d2a-5065907f020e,original_free,1.0
cdd8ec3f-5799-48ca-a0ad-f66027e7e5c4,paid_other,0.8165923163180733
c01152b1-17db-4800-9406-c8fb8ed73fbe,original_free,1.0
9da7142e-1ac6-48d2-b5f6-9f48f39f10b9,specialized,0.6913784067085954
80cee934-4364-4365-86e0-b0f63ea26f17,paid_other,0.8726457399103139
7428d981-9515-46ed-98d7-eedd43a179af,paid_brave,0.7261622236046789
af462d06-7c39-4545-9069-e8a4d6889806,paid_other,0.6415263032849406
9ec646ae-fe7d-4f30-bd06-6e2ef26fe94a,neural,0.6233243364822312
636dd0bb-0367-47fc-aec9-5f54ee89134a,paid_brave,0.8705882352941177
80242102-1e23-45e8-b2aa-4d15fcc88d49,paid_google,0.8975308641975308
53f2c062-024d-4900-bc96-2bffc2631ab5,neural,0.6015217274446151
f81d3b7e-8e65-43ac-befa-76aa2fd665b2,neural,0.6552287581699346
db1c0b1d-c8ba-45ed-b5f0-5ca49221ba89,specialized,0.6527323975421387
8afe5b0a-6004-4f5b-8927-63299d413f2f,paid_brave,0.7615995115995116
8ba57d13-2b79-45f5-a3e5-65053536439c,original_free,1.0
e4601fd7-48d0-453c-b98f-4a0aa449740b,neural,1.0
a7ac9a6c-bc6b-40bc-9ecf-41e74d2fefc0,paid_google,0.6156027758140434
841172c0-7c8d-4153-9e7e-f6385eabe47a,neural,0.5826118326118327
2958b8e6-5553-4ab6-9abe-d3c76fc5eb23,paid_brave,0.6220724190284425
d65638f3-ba8f-4f37-bcfd-d5838c8842cd,original_free,1.0
e611137b-b0f8-4ed4-bec0-25b7dd1c6a91,specialized,0.5490108386825213
50ddb1c7-5916-4b9a-bbd4-e45b1eb8deb1,paid_google,0.6318801131122503
23274dcc-cc03-4a1b-926e-300d7bc1f82f,original_free,1.0
07fe6bfb-db63-4635-8d6c-7aae4c1dfc06,paid_google,0.8228517873878698
942292d8-73f6-41f1-bb50-c56a365ca196,paid_google,0.6903747273020616
0cecc4ef-f05b-4253-8240-6f3d49501026,paid_other,0.8751269035532996
b362625d-e7ea-40f4-8973-2caa022130ab,paid_google,0.6558324104835732
236b2a75-5322-4d05-9025-01b7b3fc227b,neural,0.5333035979779958
2600e567-407e-4469-a2ff-4cca36353988,specialized,0.6373626373626373
06e23e53-ca20-48f5-b64b-ece1e231ea44,original_free,1.0
11d88e70-c545-4cad-8ca2-c43b72661634,paid_google,0.6980039568274862
f136a4eb-5426-49c4-88f8-e3e7879a0af9,paid_brave,0.8169934640522877
45718589-5772-4aec-8576-dc2de07e48e7,neural,1.0
2958b8e6-5553-4ab6-9abe-d3c76fc5eb23,specialized,0.6711573249836521
48c59936-e018-4ef0-b519-13adf421b183,paid_google,0.7890236597783767
ebf51948-4482-405a-bac6-a7e21f1998b7,original_free,1.0
abaa22b3-4fda-4365-87af-cbaa513517aa,specialized,0.49569892473118277
8bfdd929-8a24-4904-95d4-7664cad1d051,original_free,1.0
5fa3d68e-521e-4981-86d1-a54e5dc9a804,paid_brave,0.8333333333333334
f4aae70c-b1a6-404a-b61f-dc653e4a8dff,original_free,1.0
445116d6-60ac-43f4-9e32-8194e6c8c064,neural,0.6683464120499711
eb820fef-f6d3-4235-822f-bdef0a3457bf,neural,1.0
232f4b01-da33-4f12-ad55-aaec7544cf87,paid_google,0.6648199166439607
3d9272d7-c886-4fb7-9905-48dba8fef9b9,paid_google,0.8760975609756098
9cb4a6d4-143d-4818-ad59-f50afb5b6d2a,original_free,1.0
3c1581a7-b415-4721-8457-54371dfb54e6,specialized,0.6600454869662347
16609785-36c3-42a2-b315-ac8958f59d30,paid_brave,0.8859060402684564
2008d8ce-c85d-48f3-80e4-1954371e8bdd,paid_other,0.5451234924919136
7588b98d-b986-4b7f-9a4e-5740bd38abba,paid_other,0.9007936507936508
a13c8361-ab20-4f0d-bc31-828e58ce57ec,paid_brave,0.8187935592405672
0372cd8c-0ec9-47a6-a000-462a4c548328,neural,0.6680221210149643
3f1d1563-32dd-441b-920a-a5321315f33b,paid_google,0.8073223599539389
6aa7715d-207e-4181-b8c9-9ea599be71cd,neural,0.7148603188532983
fa13b84d-27fa-4089-a43f-bf45285b1af2,original_free,1.0
4fe7a378-adfe-4eef-af26-bb947e17c233,original_free,1.0
29e6ff29-8eba-444f-8750-cd59005d2ef9,paid_other,0.7517997043606799
16985833-c733-4e74-ae40-bd38b150ec53,paid_google,0.8146324944200724
b0b17244-af3f-4678-ad9f-bba4b71dcfbf,specialized,0.6654901960784314
6ac439a3-ca36-421e-a4a9-778fb1e9538f,paid_other,0.6458126448195961
7f176fc8-84c8-4291-8399-535ea20c4156,specialized,0.695021645021645
a5954cf0-0624-484c-8299-4c08c5070c40,paid_google,0.7220913018520196
9b50f5a7-0513-447e-89d2-ba4fb7e67a62,paid_brave,1.0
210d04ed-6a7c-49fb-85f5-719bbbc26436,neural,0.5975063938618926
782e22ad-b784-4ce7-b9e7-5c5344934275,paid_google,0.8890756302521009
2b97ee7f-e52f-4b5d-bb24-76e5e0f17dee,paid_google,0.8763636363636363
3a216269-db7c-43f0-83fc-5492401724ee,original_free,1.0
2508b6fe-faf2-4557-ae11-276c2eaf4442,neural,1.0
99106d71-722c-4b31-9347-3156e6db6877,paid_other,0.6032754759238522
65c20585-e865-4706-a1b9-50ae4ccba6d3,original_free,1.0
294d61f6-f5c1-4b54-bf10-8b860d7cfae2,paid_other,0.521952043228639
d1256117-3f2a-495c-bc16-f08aed933062,specialized,0.6074481074481074
e5fa39dc-01ae-4a7d-9da8-5daa8aa4f5a5,specialized,0.6025397247242972
b43a8783-0b36-47d2-8475-6d0b62c484e7,specialized,0.5569344236010902
07b5e1b9-ba79-48f2-9209-59012445cb46,neural,0.5888463175819497
25383109-3d4d-4a61-9183-20af84162fb9,original_free,1.0
75629b0c-dbae-4aed-acc9-625768dfc6bc,original_free,1.0
078375dc-4a8a-4dd7-8b2f-2df9ef3dc009,neural,0.5750299443387585
f9afc108-65de-469c-9d36-33726cb128d2,specialized,0.5688306852035749
15b42d8a-31f9-47e0-88f1-8919c53fefba,original_free,1.0
d6907839-1199-4b1a-aa28-4fdcf09ec54b,neural,0.6664794007490636
653aabb0-1be9-4b0a-b828-1f0c74321a44,neural,0.5597534062559969
aeaf88f1-1c63-450b-ba7a-088867303127,paid_brave,0.8755555555555556
524f85ab-7574-4bd1-a225-b2b8bad8a6e2,neural,0.6032024826438879
6b15798b-45e9-44f4-bbc2-003866d3c063,paid_google,0.8684634154723855
726e1cd3-c21b-43a5-b2e8-397cc72123b1,neural,0.4871031746031746
b56d74c4-6158-4087-ace2-91848c70cf3b,paid_other,0.6350038850038849
edd1e4ed-038f-4c15-bd5b-6223e204a6c9,paid_google,0.851851851851852
0a179a47-5a4c-4b2f-ad83-0714fcd32802,specialized,1.0
1559aa8a-8a05-4d7a-abde-b98f2d1f463d,paid_brave,0.6526726228853889
55aa7be1-92e3-4e2e-bce8-0e2a1401cff1,neural,1.0
50ddb1c7-5916-4b9a-bbd4-e45b1eb8deb1,original_free,1.0
9e1919c5-87a4-48e0-9654-191555496b82,paid_other,0.6821548821548822
c5c926ec-a148-40d9-8d35-7d0968f4cc62,specialized,0.6523163528977483
c6912b31-0f91-46d4-8cc0-670839d9148b,paid_brave,0.706161732023801
bb83c6dc-b113-4c37-bf2b-007738d0da77,paid_brave,0.6862564599483204
770a5344-2ea6-4256-a2fb-bbfb902af62e,original_free,1.0
35f00641-0af3-4148-80ef-65560ac62975,paid_other,0.5940225449154021
e991815f-170a-4ebb-b8c7-30e2a66653c2,paid_brave,0.8002612264555915
401fe955-f6ef-492d-a3a7-cdafa1ecc468,paid_brave,0.6543703586386513
a53fb033-bf99-4a36-9cb6-0d2d10051bce,paid_google,0.8706601707635148
2958b8e6-5553-4ab6-9abe-d3c76fc5eb23,paid_google,0.6379253273065553
10373513-d80f-4bc1-8352-8178e0a11fdb,paid_google,0.6994708994708995
a9b090ca-3918-42ab-aaaa-7bc608b3bd39,specialized,0.6161327658303465
f79a2bbf-5739-4b2e-8741-c2592d2bcc8e,paid_google,0.87007299270073
b0b17244-af3f-4678-ad9f-bba4b71dcfbf,neural,0.6463502067493664
db1c0b1d-c8ba-45ed-b5f0-5ca49221ba89,paid_other,0.6601058201058201
ddbcf1ca-318b-4c3d-97df-ee016727d260,specialized,0.6316607369238948
20157b1a-a4a2-42d5-94fb-b25b1d6faebc,neural,0.6073001254373803
9f1c4b6e-10f9-42c6-9143-a888c92c59a7,paid_google,0.8522144522144522
2b4b4d27-ba4f-48f0-bee6-e086df894c11,neural,0.6662904305743383
9efd7a7e-9927-42f1-89a6-f26152fe25db,original_free,1.0
d1256117-3f2a-495c-bc16-f08aed933062,paid_google,0.8243223443223444
5f837868-5f48-47c1-a9ca-620fdcea6f55,neural,0.6426877470355731
598a7130-14d7-4741-98e1-d48b77250ed0,original_free,1.0
4eabe5e1-1a8a-4692-87ac-942b2f5e9488,paid_brave,0.7517441860465116
9f80ea09-9c4e-4657-8997-ec85dcd205c1,original_free,1.0
e1f59c4d-2a45-4ae0-8a36-6f3cb897b53d,paid_brave,0.812807881773399
de6ebd6a-d71a-46c9-920f-fe17558e158e,paid_google,0.8757009345794392
f86682f5-30e6-4c9f-bc5c-6998d2ab5dbc,paid_brave,0.8368940533151059
d1dd16dd-d3cc-4c41-923e-f2f5836a2503,paid_google,0.7411729911729911
79eaebe9-a71e-4e52-9c59-a065beaa4a6c,specialized,0.5374096534613692
75629b0c-dbae-4aed-acc9-625768dfc6bc,paid_brave,0.8557846639743191
81ec9b66-c95b-419d-94f1-1efdb05cd272,paid_other,0.887292817679558
c5c926ec-a148-40d9-8d35-7d0968f4cc62,neural,0.6523163528977483
30c226e2-dcfb-45a7-9bb6-6f9ac104b004,specialized,0.5852640255155978
b06348e2-05ce-4b0a-bce5-724494461b13,paid_brave,0.8368794326241135
6ff79ac6-c0d2-407a-9d88-35227f349e66,paid_google,0.6102292768959435
da625182-a1bb-433e-9ade-d49fd3e884a5,specialized,1.0
d7d80579-fe4b-4e1a-8509-16712ae4e5b7,neural,0.6185580774365821
b61a8ced-cd6d-4d40-a811-ab3ccf1dbed8,specialized,1.0
8dcb77d7-d226-4b5f-9c8d-9baa4191d994,paid_other,0.6291773685661631
0469d164-946b-4011-8f5f-82cdf4b5c779,paid_google,0.681411453470277
ee1fa91b-f40a-4a6a-bcf4-fc8d0345bacc,paid_google,0.8450704225352113
d803118b-4a57-4304-803d-6f27e2cf167c,paid_other,0.8962162162162162
0c548aca-52b9-4c52-90a5-b741810aa77e,original_free,1.0
ccb7bd82-30cb-4954-9a8d-0b93afbe1462,paid_brave,0.6749693295484057
ee0c9eff-aa2c-4d83-89f9-394e5c65f793,paid_other,0.8692307692307693
ee706abd-d8bd-45ab-8a71-ecb2684a0aab,neural,1.0
efe7b586-4d3e-46d5-85fc-48f9ba213c27,paid_other,0.8784688995215311
b56d74c4-6158-4087-ace2-91848c70cf3b,paid_google,0.6942472078367754
922c8a9e-4a5b-4c62-983b-6f19facf4f92,paid_other,0.8898550724637682
d2786f18-9964-44bd-9d62-12e76512cf2d,paid_brave,0.865625
20157b1a-a4a2-42d5-94fb-b25b1d6faebc,paid_google,0.6416288838118177
6baf1b6a-84f5-456a-816a-4f1a0509fcfa,original_free,1.0
0372cd8c-0ec9-47a6-a000-462a4c548328,paid_other,0.6841887672076351
53a937ae-ab54-4637-b954-68f8a06fd1a1,paid_brave,0.9516483516483516
d95ed62d-1d51-4ccc-a5ff-898884fd1f15,paid_google,0.6226613180101553
ceb7705f-e9b0-4c11-85d3-6c480b604151,neural,0.38116688116688113
cc78c2f2-4d4b-458c-80a5-fac7e3b1ccc5,paid_google,0.6568553282899038
ebf51948-4482-405a-bac6-a7e21f1998b7,neural,1.0
236b2a75-5322-4d05-9025-01b7b3fc227b,paid_brave,0.8174603174603176
607d4fb0-0f25-4f81-9b97-95c7a89010c0,paid_google,0.6446067821067821
38d79892-cbe4-4f5e-a368-d21f269d33fd,paid_brave,1.0
01549a9c-6584-4a48-ba0d-5e84a6501b44,paid_other,0.8304347826086957
0ab947a0-95eb-4ad8-b6ee-0d121e753246,neural,0.0
08da862b-3d9a-4ab3-94b2-1cae75d41721,paid_google,0.5671345029239766
942292d8-73f6-41f1-bb50-c56a365ca196,specialized,0.7030910083110257
c6912b31-0f91-46d4-8cc0-670839d9148b,original_free,1.0
294d61f6-f5c1-4b54-bf10-8b860d7cfae2,paid_brave,0.6532738095238094
1c32f2eb-e71a-4f5e-8a73-def9acdd950b,specialized,0.6702110882438751
396ed137-ff6e-4542-a156-ed62e9c9df57,paid_google,0.7939737958758283
f4aae70c-b1a6-404a-b61f-dc653e4a8dff,paid_brave,0.812807881773399
d1256117-3f2a-495c-bc16-f08aed933062,paid_brave,0.8636363636363636
6c1bef1e-3a1c-484a-a107-6462f9e6ec53,paid_other,0.851851851851852
12335093-babd-4598-8924-e08ed77e2c33,paid_brave,0.881767955801105
07fe6bfb-db63-4635-8d6c-7aae4c1dfc06,neural,0.6748089117515467
82d35294-043d-4eed-a9ed-6a9dbfc6ad8c,neural,1.0
86baff84-baf8-4c05-9288-ddbc4f4f1938,paid_brave,0.8512820512820513
30c226e2-dcfb-45a7-9bb6-6f9ac104b004,paid_other,0.8071175553283556
c0e4463b-1ce2-4e69-8592-42b5ffa61f50,paid_google,0.8702694235588972
f4704b96-5687-4445-b5ab-7810eb6def6c,specialized,1.0
0b04d220-451b-463b-9a92-2c32bc572d4b,specialized,0.7022385022385023
be8bc310-c3f8-48f3-bc17-8ccef8b2c403,paid_google,0.89
e3db200a-81f5-4522-bf01-6a605ba9581d,neural,0.592913347343727
ce9587cf-af16-4170-ba70-dc266b341c1c,neural,0.6000803699392673
6db30215-290b-4619-a880-07707854c0c6,paid_google,0.8592592592592593
69308eb8-f047-4a02-9918-6be9f7ab1108,paid_other,0.6794871794871794
d6907839-1199-4b1a-aa28-4fdcf09ec54b,paid_brave,0.7063104189044038
c2896bcf-dcfd-41a0-917f-d3095b575f81,specialized,0.6341167383868477
d07785ad-ee07-43e0-a62e-dfe311fa6e1d,specialized,0.671602119108513
50ddb1c7-5916-4b9a-bbd4-e45b1eb8deb1,paid_brave,0.6484063948383936
cd5b798f-283c-49c5-b9cf-1215d199b925,paid_google,0.8358974358974359
84558946-4199-41a9-a4c5-74bd1081a32c,paid_google,0.7268518518518517
c7690b3e-f495-4378-a2a9-b58481099c80,neural,0.5228956228956229
b1329783-79c7-4de3-9be8-73be853a7a41,paid_google,0.6664586504312532
06e23e53-ca20-48f5-b64b-ece1e231ea44,paid_google,0.685529617863176
c760a8ae-de33-47bf-bde1-5bb414447092,specialized,1.0
e9784d46-6eac-4acf-a575-0525f4187772,original_free,1.0
b26a2c1c-c944-44d7-aa7e-9d857de7e03e,specialized,1.0
9c894a00-08e6-49a8-bbc2-d696fb090186,neural,0.6380546494089585
5453bd7b-8c66-41fa-84eb-1541c9160d68,paid_google,0.9122807017543859
0a057781-bdf2-4f0b-9ea6-28bce8d08679,paid_google,0.717953342953343
ce5e9666-3677-46ab-bb79-6b2a78204226,neural,0.5958180402624847
d2786f18-9964-44bd-9d62-12e76512cf2d,original_free,1.0
d65638f3-ba8f-4f37-bcfd-d5838c8842cd,paid_brave,0.8961117950711678
a53fb033-bf99-4a36-9cb6-0d2d10051bce,paid_brave,0.7711090432864626
cc78c2f2-4d4b-458c-80a5-fac7e3b1ccc5,original_free,1.0
0372cd8c-0ec9-47a6-a000-462a4c548328,specialized,0.7640285439248449
53a937ae-ab54-4637-b954-68f8a06fd1a1,paid_google,0.8809511910711312
2008d8ce-c85d-48f3-80e4-1954371e8bdd,specialized,0.6370476190476191
c2e0d4c7-e1ea-4d69-a000-20a326f023a5,specialized,0.5899515109073933
82bd2d49-f90f-424d-8c32-9fbf70947d20,paid_other,0.8629032258064516
f3929c3a-d25b-412d-9c92-b51f0862a408,original_free,1.0
524f85ab-7574-4bd1-a225-b2b8bad8a6e2,paid_other,0.8175707384403037
0a7fdcde-1509-4732-8d14-c330585f6cc9,specialized,0.728371029538994
be197ffe-44c4-410b-b121-9d418ba59d2b,paid_brave,0.7927927927927928
237e6c8a-0750-40d2-a8f9-351e85f9aea3,paid_other,0.6578533876779491
1b0ca779-e25e-40be-be74-fae4e26eea68,paid_google,0.8780487804878049
bcc7d9ec-bf6a-41cb-ae1a-b921bc6a0617,paid_other,0.6289077451311494
50ddb1c7-5916-4b9a-bbd4-e45b1eb8deb1,specialized,0.6307380512925318
e6e1e46f-a31d-4b20-a296-f5a75995f2c9,original_free,1.0
bb281ca9-26c6-4882-ac99-ed7a296e0d04,paid_brave,0.9112426035502958
a4a00ce0-bd5d-48b9-9115-95d6ac84dea0,paid_google,0.6048406960068688
f136a4eb-5426-49c4-88f8-e3e7879a0af9,specialized,0.5507077856420627
d8f903a8-bf0b-49e5-806e-c010fc76026c,original_free,1.0
502b3507-3501-4fda-a8cf-e15a07ea5fd3,paid_brave,0.8767857142857143
6e800075-7e9d-4b89-bcd7-5689ed58a73c,paid_other,0.8777777777777778
157b2a73-63d4-4b6f-a920-61619492c058,specialized,0.710796477399893
cfe1e6ae-39a4-4fb6-aabb-38571e2c0a7d,specialized,0.6595165975242842
82d35294-043d-4eed-a9ed-6a9dbfc6ad8c,original_free,1.0
23cd58af-a8fa-488e-8bae-ef479fdf5cbd,original_free,1.0
67991401-195d-4190-b2be-061a1de9ebf2,paid_brave,0.8790697674418605
3f837b51-6d50-444e-b6ce-c1ac25c8de63,original_free,1.0
848e1b75-bd45-4f71-950b-133a15cdae20,paid_google,0.6726202876304296
bfd7889f-93cd-4904-b694-130ff739ebfc,neural,1.0
fa1f50f8-62b7-4630-a06a-07d9e0531a98,paid_other,0.7197158697158698
62aae3f6-ba45-40fb-8349-5b427141747b,paid_google,0.9161904761904761
c6363790-df2d-47f1-8b59-849c8f3be311,paid_google,0.8424242424242424
5c3bb872-51d7-416e-a5f6-48906f9a0ac9,paid_brave,0.621575557059428
734d4d33-e64c-4d3e-8e12-c8dd75baef26,specialized,0.5884592974145213
278436f3-c5aa-4573-ad03-d8d814aed9df,paid_other,0.851851851851852
3857e0e7-b5f1-4a36-a13b-262d80162061,paid_other,0.5515873015873015
e3c7095c-79d4-4bd2-b2ec-2b0c0badbf5d,neural,0.6162536957768854
ed21f834-1625-4f6c-aee3-978500509276,original_free,1.0
922c8a9e-4a5b-4c62-983b-6f19facf4f92,paid_google,0.656274747901378
b6519b50-8e71-4385-94b2-a2828598ead6,paid_google,0.8931843675685377
4e7d0fa3-9fa7-4971-a6e8-3ad0e4bf0388,specialized,0.5844474969474969
b824c63a-a310-4f94-aba4-c2e5f1328d9a,paid_other,0.8882051282051283
c1ff8391-c300-4bfe-9c74-308e17bd1568,paid_google,0.699670836076366
7f176fc8-84c8-4291-8399-535ea20c4156,paid_google,0.6416762910410824
a53fb033-bf99-4a36-9cb6-0d2d10051bce,paid_other,0.6558892454568501
d6f5ebc3-5a11-461d-9848-9a7f48bb9538,paid_brave,0.9404761904761905
23600e58-b80a-4ab7-aeef-9bbc2bbab0ea,specialized,1.0
06eed339-934e-4087-90ce-a6e2569befdf,paid_other,0.8945273631840797
e611137b-b0f8-4ed4-bec0-25b7dd1c6a91,paid_brave,0.8838383838383838
25a7f8be-342a-4fcc-bdb5-2b1b8027639b,original_free,1.0
695b9e26-7ae5-4986-ba6d-e8beb52e9715,paid_other,0.6924349881796691
fac9b8c3-a3d3-4b9b-959e-35a672713181,specialized,0.7749457504520796
ee0c9eff-aa2c-4d83-89f9-394e5c65f793,neural,1.0
9ec646ae-fe7d-4f30-bd06-6e2ef26fe94a,paid_other,0.5986790986790987
ff2df774-8d22-4909-ae19-95d426a89530,original_free,1.0
8314dd00-63db-4381-a46f-99288f1977c6,original_free,1.0
67991401-195d-4190-b2be-061a1de9ebf2,paid_google,0.8790697674418605
ba6dc6b6-dbf7-4588-b83c-1c1becc97eae,paid_google,0.7570163577369605
e2465754-e157-4a70-89bf-c18f65aa111f,paid_brave,0.9636541471048513
7de06311-2e45-461a-9164-d5ec42663991,specialized,1.0
ba915f64-fe99-44e5-b19f-a63c51035e83,paid_google,0.6977351151264196
899eb188-05ce-49ec-ae12-83b8c61cce5e,original_free,1.0
01b2cda2-a67f-4d20-adc9-94b1bd6fd512,paid_brave,0.9945945945945945
514fd566-7df6-4248-aa6a-92d610a839c0,paid_other,0.6458126448195961
3e907bf1-1860-45a3-8c78-38a7ce91f2fa,specialized,0.6650909703504043
0491dcc1-ddd2-4bf1-84dc-3f2634f5de47,paid_google,0.6929652244987671
c8beac48-c90f-435a-9d65-a5adbcfde88b,original_free,1.0
6e615698-e56c-4c2f-8e86-dd0fba584b32,paid_brave,0.7270133859995611
a84723d3-1e70-487a-ba0e-4d7cbefff6c5,neural,0.7148603188532983
36396b20-73da-4314-9a85-2adb60bd12bd,paid_google,0.8729281767955801
ed6aa4c6-7e43-4cff-898b-baee8996c304,paid_brave,0.7827551533433886
51897f66-9e4b-4f3f-9ce3-01212ce18926,specialized,0.5487528344671202
78eb9786-ccd2-4fa2-a166-d37eb7b05964,paid_brave,0.9245197740112995
caa398dd-3e0f-41f9-9d2f-8b1b2bb92db5,original_free,1.0
f5dea594-6512-4cf1-a421-099115e0e13c,neural,1.0
e6e1e46f-a31d-4b20-a296-f5a75995f2c9,neural,1.0
70ae03fd-0561-4b1d-9452-8f4ba8ba8099,neural,0.546637800810637
67991401-195d-4190-b2be-061a1de9ebf2,neural,1.0
11d88e70-c545-4cad-8ca2-c43b72661634,specialized,0.8288744588744589
0038e066-c8aa-40ce-8b94-579cbd33481b,original_free,1.0
6413f295-f00f-47d3-b1fa-e43304106f5a,neural,0.6424106071086454
5f837868-5f48-47c1-a9ca-620fdcea6f55,paid_other,0.7584088392227928
5229f521-bbb6-4856-8d90-bcb281430eeb,paid_brave,1.0
60621ba3-c2ab-4c84-8ae4-57499dc6d3a9,paid_google,0.8740088105726873
70ae03fd-0561-4b1d-9452-8f4ba8ba8099,paid_brave,0.6569867027270678
1674d04e-d964-43c3-956c-1e200a89cce3,paid_google,0.5570897932816538
00b7f89e-cdd6-4e34-9a90-bbda53733270,paid_google,0.851851851851852
deee9f33-9672-41d1-ab6f-994b8e41738f,paid_brave,0.7927927927927928
c7d0cb6d-894f-4700-a9b7-0403d342e600,paid_brave,0.8939497284324871
ee1fa91b-f40a-4a6a-bcf4-fc8d0345bacc,neural,1.0
b362625d-e7ea-40f4-8973-2caa022130ab,neural,0.5505448945747453
16b5e635-462a-43a2-8327-5c2e475e2968,paid_brave,0.812807881773399
41358de3-5cdc-4bbf-9f82-aff021650f35,neural,0.45939803823566167
dd93361a-f639-4b26-852d-e2f4985ccf07,specialized,0.872000938306357
31d33787-f98b-4632-b7d0-1a8cdcbf4a30,original_free,1.0
3afcb934-c8a9-40ca-8b34-f00a26cf0753,paid_brave,0.8950276243093923
841172c0-7c8d-4153-9e7e-f6385eabe47a,paid_brave,0.819672131147541
2a467b8d-30e3-4166-8179-d3a96d6c1706,paid_brave,0.8267496392496393
66e51f4c-2b98-4de8-a74d-b394c238bab3,paid_other,0.6394097338233656
ed6aa4c6-7e43-4cff-898b-baee8996c304,original_free,1.0
ee0a3e6e-638a-4bf2-8d94-ca93704049ba,paid_google,0.7678695591711863
7fe156f4-f1f2-448c-a12b-d2177e045abe,paid_google,0.8518987341772152
078375dc-4a8a-4dd7-8b2f-2df9ef3dc009,original_free,1.0
d432c5f1-e749-4744-bbd2-f9cf5ddef71c,paid_google,0.6738830789814512
cfb12cc3-33a0-4397-a70e-c80a284fc930,neural,1.0
08110b45-75a8-4f4b-96fa-fc2c4bdc5343,paid_google,1.0
c0e4463b-1ce2-4e69-8592-42b5ffa61f50,paid_other,0.6968671679197995
1ede234a-9e13-48ee-9e3d-dea67eeb8871,original_free,1.0
7588b98d-b986-4b7f-9a4e-5740bd38abba,original_free,1.0
eec7a420-f678-4331-a5c0-4349ca145d8a,neural,0.5615497076023391
c5c926ec-a148-40d9-8d35-7d0968f4cc62,paid_brave,0.9157875457875457
0469d164-946b-4011-8f5f-82cdf4b5c779,original_free,1.0
ef0a3d73-98e9-4553-a741-274e2a645829,neural,0.6188616349560722
bb281ca9-26c6-4882-ac99-ed7a296e0d04,neural,1.0
cc90c3a0-169d-403a-baee-b80fcc119819,specialized,1.0
69308eb8-f047-4a02-9918-6be9f7ab1108,original_free,1.0
792d85ca-7785-4d20-aa5f-91cb8056fe51,original_free,1.0
236b2a75-5322-4d05-9025-01b7b3fc227b,paid_google,0.798611111111111
7be9367d-1c08-4a16-b081-4845bdbb5a4b,neural,0.6336134453781512
35f00641-0af3-4148-80ef-65560ac62975,paid_google,0.6986556088668765
ed6aa4c6-7e43-4cff-898b-baee8996c304,paid_google,0.6226613180101553
29998019-40f5-4757-a30d-059fa8782236,original_free,1.0
69946991-3f00-4495-86e2-485e1f6c2c8c,specialized,0.5883262711864407
1dbe046d-6c33-410a-99be-f49e684883ec,specialized,0.6152492435101131
a632cedb-a780-4d50-bf67-543d3c2fd5b0,paid_brave,0.7549228429724755
bc761ef7-79ce-46ba-805f-86c0d756d88c,specialized,0.6786215904801637
45718589-5772-4aec-8576-dc2de07e48e7,original_free,1.0
a84723d3-1e70-487a-ba0e-4d7cbefff6c5,paid_google,0.7027945350047776
5c0a23e7-9e86-470d-9333-6742c111791b,original_free,1.0
9d4cf316-3dad-4470-8cd7-960548a3298d,paid_brave,0.7779175050301811
9cb4a6d4-143d-4818-ad59-f50afb5b6d2a,paid_brave,0.8838164251207731
fb59a507-2cf0-4008-8997-46dac60d88a7,specialized,0.6209023545345627
c543c071-7421-4fd4-87a5-9d5c7db6f7b1,specialized,0.6488205639005923
7cc0100d-8f47-4eac-9df2-907791e3eb64,neural,0.5953051643192487
236b2a75-5322-4d05-9025-01b7b3fc227b,paid_other,0.635438596491228
4e7d0fa3-9fa7-4971-a6e8-3ad0e4bf0388,paid_brave,0.8721461187214613
b6cb0e8e-e2a9-470a-af83-b61a5a4930a9,original_free,1.0
be68cc93-8fbe-4d8e-99f7-0fff0ad9acaa,original_free,1.0
77b2d06f-36f3-4baf-8a0c-b5200e288437,paid_brave,0.8866425992779784
8d98806d-2c30-483f-8850-dc3d2723d356,original_free,1.0
00c5f463-637d-45b7-b678-f4e73f626be4,specialized,0.6690140154856414
d07785ad-ee07-43e0-a62e-dfe311fa6e1d,neural,0.671602119108513
cc78c2f2-4d4b-458c-80a5-fac7e3b1ccc5,neural,0.6508486326257411
86baff84-baf8-4c05-9288-ddbc4f4f1938,paid_other,0.7687579821200511
b6519b50-8e71-4385-94b2-a2828598ead6,neural,0.6895927601809955
6c1bef1e-3a1c-484a-a107-6462f9e6ec53,neural,1.0
c5c926ec-a148-40d9-8d35-7d0968f4cc62,paid_other,0.8576403695806681
7588b98d-b986-4b7f-9a4e-5740bd38abba,paid_brave,0.8409533168576933
f86682f5-30e6-4c9f-bc5c-6998d2ab5dbc,paid_other,0.8430028011204482
07fe6bfb-db63-4635-8d6c-7aae4c1dfc06,paid_other,0.5607817869415808
e7737246-539a-4ee7-aa0e-b9ab91e4178e,neural,1.0
b9a6d7cd-27c8-4ff0-aa4e-bd387bfc453f,original_free,1.0
b77e4720-af5c-4a92-bccc-7b52aa4d9819,paid_other,0.8745098039215686
209942f8-127b-4501-84ab-d2237b2db44c,specialized,0.5798425119964289
7be6acb9-5b99-4322-bcb4-68254688c2b6,specialized,0.6650104702776836
cee5e9a5-1b3d-4f10-9251-ceba550e202f,paid_google,0.5726780185758513
a27d369e-ac2d-4428-9df6-3e272f34a993,original_free,1.0
8433b089-03f1-467b-a785-310fed0629f9,original_free,1.0
4fe7a378-adfe-4eef-af26-bb947e17c233,paid_other,0.6557387057387057
514fd566-7df6-4248-aa6a-92d610a839c0,neural,0.5872132253711201
5d6e178d-ba86-41d1-ab73-fc79632eb398,paid_brave,0.7615611507540372
3e027faa-b697-49f4-abbf-89a32777b196,paid_other,0.8498654782197942
39e14779-b329-4d7c-b376-f587d6ff6c89,specialized,1.0
9af714c9-f4c9-4969-b202-c31b1edbdbdb,specialized,0.6384222684222683
f81d3b7e-8e65-43ac-befa-76aa2fd665b2,paid_brave,0.699002849002849
5229f521-bbb6-4856-8d90-bcb281430eeb,paid_other,1.0
ea0bc351-df32-4176-8749-e3042d30adf6,original_free,1.0
c0e4463b-1ce2-4e69-8592-42b5ffa61f50,specialized,0.6120091064314171
b6363b63-363e-4883-aa93-45404923714f,paid_other,0.7003367003367004
792d85ca-7785-4d20-aa5f-91cb8056fe51,neural,0.6814866881877192
25383109-3d4d-4a61-9183-20af84162fb9,paid_brave,0.9590643274853802
749f432b-3519-4529-835a-3e39618570f5,neural,0.5676709726443768
1ad7cac7-6dc6-41dd-b976-393163ac7800,paid_google,0.6216834050693448
75ac6791-8ff4-4fe9-9ce8-263f024fac03,paid_google,0.851851851851852
d991bc4e-9536-447d-9d76-ce0788c1f962,paid_brave,0.8707070707070708
f9afc108-65de-469c-9d36-33726cb128d2,paid_brave,0.9102564102564102
f62ca042-85c6-4743-b423-06a24bae2b8b,paid_other,0.6860857386432834
f1241f01-05a8-49b8-82df-744fcee2c295,specialized,0.6146064096883769
d2d188ce-8720-425d-94cc-65a6b90e3282,paid_brave,0.812807881773399
1b7d9fbc-5bf7-4fec-b737-8d9f560535f0,original_free,1.0
ddbcf1ca-318b-4c3d-97df-ee016727d260,paid_other,0.8192087361260294
cd5b798f-283c-49c5-b9cf-1215d199b925,neural,0.5462454212454212
926dc624-bc88-4c11-bf93-78f33efc43cd,paid_brave,0.8909871244635192
cd2bbf76-c80e-4010-bfcb-07e6b0b76070,paid_google,0.85
25383109-3d4d-4a61-9183-20af84162fb9,neural,0.6019493177387915
63dab63f-afa3-485e-bea8-1086c132ca45,paid_google,0.6792436464567612
7b4e1e3e-5c91-48d9-a1ab-fe2aaa8d5037,paid_other,0.85
c50fbcfb-8d9a-4cd2-aa96-93fbae50aae3,paid_brave,0.8333333333333334
af462d06-7c39-4545-9069-e8a4d6889806,specialized,0.601329975359311
f526f110-bb06-42c0-bc05-0b68e4e4c976,paid_brave,0.626764705882353
98badc56-a1ba-4b66-bc77-7942596a5ce3,original_free,1.0
fa6d6937-770f-4f8e-bea2-ec960765b84d,paid_other,0.881437125748503
cedde1af-8709-4ada-9bb2-8c948c3524c4,original_free,1.0
57f03947-852c-4a2f-a974-b8a3b6905c5b,neural,0.5872132253711201
d1256117-3f2a-495c-bc16-f08aed933062,paid_other,0.8654012654012654
c543c071-7421-4fd4-87a5-9d5c7db6f7b1,original_free,1.0
5c82e586-e6b3-4c65-976b-9d356bce6edb,original_free,1.0
1ede234a-9e13-48ee-9e3d-dea67eeb8871,paid_google,0.8749864498644988
e4601fd7-48d0-453c-b98f-4a0aa449740b,paid_other,0.8816479400749063
7680d93d-7317-4b91-a53f-9d31db3bb5f0,specialized,0.6705425212580433
fa6d6937-770f-4f8e-bea2-ec960765b84d,paid_brave,0.881437125748503
65c20585-e865-4706-a1b9-50ae4ccba6d3,paid_other,0.9212121212121211
db1c0b1d-c8ba-45ed-b5f0-5ca49221ba89,paid_brave,0.763785220627326
6db30215-290b-4619-a880-07707854c0c6,original_free,1.0
d9cd5a69-6902-4880-b0e5-fdcecfcb48bf,specialized,1.0
9d2375b8-5734-4b60-a8b8-fb15ad5fe2b7,specialized,0.577488584737588
93d1de7b-0cfd-48a4-ab81-afdcde4fd0f1,neural,0.6321989242267879
1ae9cf32-a465-4930-8f93-8ff8e7e372a0,paid_google,0.8109710550887023
706e25f2-220f-4525-acfb-4151cd967cc4,specialized,0.7136426384560712
16985833-c733-4e74-ae40-bd38b150ec53,original_free,1.0
f0752e86-8592-4681-87fd-025927ab4e23,original_free,1.0
c760a8ae-de33-47bf-bde1-5bb414447092,paid_brave,0.9119170984455959
6c2cc5aa-b382-49ec-b76a-aca1e93995e3,paid_other,0.6781609195402298
0a9c269e-5c8d-4125-9165-bf2f57cbb059,paid_google,0.6470993953136811
41358de3-5cdc-4bbf-9f82-aff021650f35,specialized,0.45939803823566167
caa398dd-3e0f-41f9-9d2f-8b1b2bb92db5,paid_other,0.7024610136452241
66717348-31eb-46c3-a84f-54773ba7ed3c,paid_other,0.85
ad041fb9-fe3a-4557-a727-01df5c7525c1,paid_brave,0.8833333333333334
b3bf8bde-f024-4b6d-bd4c-4d3449861976,neural,0.5554439092510483
eec7a420-f678-4331-a5c0-4349ca145d8a,paid_brave,0.8014184397163121
8dd60a11-c54a-4593-84b7-e98c758222a5,neural,0.557657224323891
fa82bdf3-de68-408b-9488-bdceb6f04ffd,paid_brave,0.7776010539168433
f44d0efe-8321-427e-afdc-0924521cef3e,specialized,1.0
00c5f463-637d-45b7-b678-f4e73f626be4,paid_google,0.6148762932973458
0469d164-946b-4011-8f5f-82cdf4b5c779,specialized,0.6374377815702696
3bbdf982-3527-4b8a-9c40-59b4ee575b46,paid_other,0.6737332907846683
69946991-3f00-4495-86e2-485e1f6c2c8c,paid_brave,0.7023628792312945
a5954cf0-0624-484c-8299-4c08c5070c40,neural,0.6070373354821381
1041e0d3-077e-4e87-84ca-47b2ac8368cf,paid_brave,0.9351851851851851
fcde020f-afc2-4318-8d2a-5065907f020e,paid_google,0.8540000000000001
ff8bd0b6-7443-4449-bb30-9318db20262b,original_free,1.0
1a42782a-4b23-4f5e-8782-ac26e2bd2b49,paid_google,0.6682447397563678
7e6707e2-7989-447d-b6b8-b7eb8d4687e5,paid_other,0.6358363858363858
4d040c3c-945c-44c2-b2a8-7a3a0e027610,original_free,1.0
75629b0c-dbae-4aed-acc9-625768dfc6bc,paid_google,0.7567492190986167
334a6e3e-ae22-43b8-aaa6-e3a3963099eb,paid_other,0.8697916666666666
6a320c07-9473-4117-8018-62bdd08695b1,original_free,1.0
04f32696-5534-40f6-af39-ce76be29fd82,paid_brave,0.7209302325581396
4d040c3c-945c-44c2-b2a8-7a3a0e027610,paid_other,0.8702702702702703
3708be34-083f-4770-a8df-94eedda24dc3,paid_google,0.8653266331658291
3e027faa-b697-49f4-abbf-89a32777b196,original_free,1.0
e5a970d6-a230-4603-9e9c-27a1a4e1338b,paid_other,0.8403491543917075
10373513-d80f-4bc1-8352-8178e0a11fdb,paid_brave,0.9444444444444445
9ec646ae-fe7d-4f30-bd06-6e2ef26fe94a,paid_google,0.7257442248154322
0d25eaee-5561-4d33-ad7d-d5a69f6aa823,paid_other,0.6536720302758039
8c31067a-e06f-45c5-8005-d006cc8adc6d,neural,0.6135665409858958
5d74fb4b-b8df-49aa-b952-b09a20bd1674,original_free,1.0
c5483a53-c722-4583-a16c-46b58f23f324,paid_brave,0.6754587239897826
62203d2c-8711-431d-b73c-6f523b1a9fcd,specialized,0.8506347719069131
ee0c9eff-aa2c-4d83-89f9-394e5c65f793,original_free,1.0
08da862b-3d9a-4ab3-94b2-1cae75d41721,paid_other,0.547625376572745
f7c4a5c3-b875-433d-9cbb-ed2e90118edd,paid_other,0.629390102615028
e8d0ffcb-c7a0-498b-99ce-f013de3473f6,specialized,0.6957738651488121
b61a8ced-cd6d-4d40-a811-ab3ccf1dbed8,paid_brave,0.8653658536585367
31d33787-f98b-4632-b7d0-1a8cdcbf4a30,paid_google,0.6840374484952797
dbcf6a51-20a9-40c7-a5f0-c539f06170c8,paid_google,0.6549624741200829
2508b6fe-faf2-4557-ae11-276c2eaf4442,specialized,1.0
65c20585-e865-4706-a1b9-50ae4ccba6d3,paid_brave,0.8817204301075269
36396b20-73da-4314-9a85-2adb60bd12bd,paid_brave,0.8729281767955801
3708be34-083f-4770-a8df-94eedda24dc3,specialized,1.0
ac959d2c-3d5d-46a7-b2c7-e7da6cdac34d,neural,0.48314946702043476
bd4876b2-7093-43d3-9c3c-a4bdaa2c7f90,paid_brave,0.8795918367346939
833ffff7-3926-4a78-82ee-578294550e52,paid_other,0.478441127694859
a84723d3-1e70-487a-ba0e-4d7cbefff6c5,paid_brave,0.7982583454281568
8314dd00-63db-4381-a46f-99288f1977c6,paid_google,0.7209450830140485
23274dcc-cc03-4a1b-926e-300d7bc1f82f,neural,1.0
cdd8ec3f-5799-48ca-a0ad-f66027e7e5c4,neural,0.5986401495835457
1dbe046d-6c33-410a-99be-f49e684883ec,paid_other,0.7071777428920285
53f2c062-024d-4900-bc96-2bffc2631ab5,paid_other,0.6877893545033666
86ef4491-f1ee-4d64-bba9-080f803b0083,paid_google,0.763888888888889
e1653e6e-d355-4d8d-bdaa-110e5a4d062e,paid_other,0.5497425232719351
af9808ff-13cd-41fd-9222-ff548cd13f66,original_free,1.0
3f837b51-6d50-444e-b6ce-c1ac25c8de63,paid_brave,0.6139235492176668
065cfc03-c130-4846-9a18-b857a5765fe3,original_free,1.0
4d27a4b0-eef8-4761-ba91-8abd44cfafe5,neural,1.0
aeaf88f1-1c63-450b-ba7a-088867303127,neural,0.6311511183851609
150ea450-50bf-48d5-8758-0d7483d84dc1,paid_google,0.8370960766141489
237e6c8a-0750-40d2-a8f9-351e85f9aea3,specialized,0.6749231444883619
30c226e2-dcfb-45a7-9bb6-6f9ac104b004,paid_google,0.6483111857695653
38237a35-cdb4-4974-b87a-dbfa8d98e331,specialized,0.6163189502410699
ccb7bd82-30cb-4954-9a8d-0b93afbe1462,paid_google,0.580535477337803
53f2c062-024d-4900-bc96-2bffc2631ab5,original_free,1.0
c01152b1-17db-4800-9406-c8fb8ed73fbe,specialized,1.0
e28c4e6a-b224-496a-a9ea-9e7982347e5e,specialized,0.7985729028453488
aa685ba9-aabd-4fcc-833a-6ddb056b8f79,paid_other,0.695784374355803
7aecaf40-8f51-45cc-a554-eef092c40dc5,paid_google,0.851851851851852
5dd7a25e-c62b-4c98-a387-254f206555c4,neural,0.5199760985475271
ac959d2c-3d5d-46a7-b2c7-e7da6cdac34d,original_free,1.0
41b36f9a-d24c-4243-a1ab-741ca503a2f8,original_free,1.0
c8beac48-c90f-435a-9d65-a5adbcfde88b,paid_google,0.7892584892584893
b4d5524e-2c09-4611-827f-dff2ba9388f4,neural,0.6262775842044135
4625070b-8780-45d0-961c-a9463854ce9c,paid_brave,0.8014184397163121
08da862b-3d9a-4ab3-94b2-1cae75d41721,paid_brave,0.7738011695906434
237e6c8a-0750-40d2-a8f9-351e85f9aea3,neural,0.5898559758538106
e6d8368f-d5dd-4920-a1c8-5e3cfface94f,paid_brave,0.8688149972632732
500cb1b0-b0c9-46e9-8961-f4dd06945140,paid_other,0.9109031491384433
fa6d6937-770f-4f8e-bea2-ec960765b84d,paid_google,0.881437125748503
0d25eaee-5561-4d33-ad7d-d5a69f6aa823,paid_brave,0.7889428445950184
82d35294-043d-4eed-a9ed-6a9dbfc6ad8c,paid_other,0.8559523809523809
69946991-3f00-4495-86e2-485e1f6c2c8c,paid_other,0.5652744550770866
982729e8-04d2-46be-9a26-7ff85937a2a3,original_free,1.0
1d6a40ad-7c5c-40d0-b87d-0ca1072cc041,original_free,1.0
00c5f463-637d-45b7-b678-f4e73f626be4,paid_other,0.5762003179650238
08110b45-75a8-4f4b-96fa-fc2c4bdc5343,specialized,1.0
53f2c062-024d-4900-bc96-2bffc2631ab5,specialized,0.6335724539405331
6ac439a3-ca36-421e-a4a9-778fb1e9538f,original_free,1.0
38d79892-cbe4-4f5e-a368-d21f269d33fd,neural,1.0
bd4876b2-7093-43d3-9c3c-a4bdaa2c7f90,specialized,1.0
06311970-fc29-4973-8156-cae47ed0d8f0,paid_other,0.624695474433905
cee5e9a5-1b3d-4f10-9251-ceba550e202f,paid_brave,0.6222222222222222
157b2a73-63d4-4b6f-a920-61619492c058,paid_brave,0.7291010886991849
00e768ca-a5a6-461f-abac-3b5177931001,paid_google,0.870940170940171
46e10105-8e18-4f03-a97f-43e9b3db206f,original_free,1.0
3e50e21d-762c-4bba-addd-983c63cdfa34,paid_brave,0.925
849c7c61-5a28-46bd-af07-62b062c027c5,original_free,1.0
e7d85af9-38f6-49ef-818c-be771b645ed5,original_free,1.0
1afc4490-367c-491d-b355-4547ed98af20,specialized,0.5996971438147909
7938e1e8-127c-4f61-b806-41787a547a54,paid_google,0.8060086313672997
d991bc4e-9536-447d-9d76-ce0788c1f962,neural,1.0
f525eaf4-fe73-4830-9341-62db69dd4a03,paid_brave,0.7971014492753623
86122e62-49f9-462f-ad15-5cc48e1fe7b2,specialized,0.5667654790552921
d3d39102-4e52-4653-83a8-be5e15cc24a8,original_free,1.0
726e8072-dbd6-4ff7-8dc5-d91d05c8b71d,paid_other,0.6392929292929292
fed7457b-4468-403c-bae4-893d1836ab3c,neural,0.5837902837902837
db4934be-c089-4e43-95fa-8ebc7cfa24d5,neural,0.5570744047188421
aeaf88f1-1c63-450b-ba7a-088867303127,paid_google,0.6512591330428696
f1241f01-05a8-49b8-82df-744fcee2c295,neural,0.6146064096883769
1b0ca779-e25e-40be-be74-fae4e26eea68,paid_other,0.8780487804878049
8144cc33-4334-4fd9-8f36-f5674335eb29,paid_brave,0.8079365079365081
efe7b586-4d3e-46d5-85fc-48f9ba213c27,specialized,1.0
8314dd00-63db-4381-a46f-99288f1977c6,paid_brave,0.8923789173789173
c7690b3e-f495-4378-a2a9-b58481099c80,paid_brave,0.8627450980392157
dac3c153-3186-495a-aebc-09ab5949fb21,original_free,1.0
7aecaf40-8f51-45cc-a554-eef092c40dc5,paid_brave,0.851851851851852
3d80fc9a-0064-4231-aa23-f088e898ab0d,paid_google,0.851851851851852
6db30215-290b-4619-a880-07707854c0c6,specialized,1.0
734d4d33-e64c-4d3e-8e12-c8dd75baef26,neural,0.5884592974145213
ceb7705f-e9b0-4c11-85d3-6c480b604151,paid_other,0.6532999164578112
93d1de7b-0cfd-48a4-ab81-afdcde4fd0f1,paid_brave,0.7701993077932926
043800f7-15a3-429c-a376-563dba27306b,paid_brave,0.8840579710144928
9f1c4b6e-10f9-42c6-9143-a888c92c59a7,paid_brave,0.9083084364774505
946efcc6-9bb8-4805-98df-789e2c17a5b1,specialized,0.5825856912813435
b824c63a-a310-4f94-aba4-c2e5f1328d9a,paid_brave,0.8882051282051283
5a2b695f-2783-46a9-8f6c-98868a9f5002,paid_brave,0.7062062062062062
9f80ea09-9c4e-4657-8997-ec85dcd205c1,specialized,0.7479901744830256
a101f6c8-b287-4ffa-9d04-be397c238321,paid_other,0.6916786916786917
f3929c3a-d25b-412d-9c92-b51f0862a408,paid_other,0.8408163265306122
30c226e2-dcfb-45a7-9bb6-6f9ac104b004,paid_brave,0.7982583454281568
92464d9f-bb8a-45a3-972e-034ef276e378,paid_other,0.8317032967032967
ad041fb9-fe3a-4557-a727-01df5c7525c1,paid_google,0.8833333333333334
09e08bde-9670-4f6f-98b1-0f80b2106b05,specialized,0.5875199362041467
4dd421b5-9733-4798-9db3-3b6785e14770,specialized,0.7256366664949429
4fe7a378-adfe-4eef-af26-bb947e17c233,neural,0.6305907294149176
eb4912a1-715d-441b-bd84-c0d533b96038,specialized,0.6505418798136895
8c2270dd-d2c3-44b5-9590-9b5e90d2c3f4,original_free,1.0
942292d8-73f6-41f1-bb50-c56a365ca196,neural,0.6323320928584087
caa398dd-3e0f-41f9-9d2f-8b1b2bb92db5,neural,0.6691919191919192
1553a1a5-d9d9-419e-90a5-1fa6a48bd4e2,paid_brave,0.8554187596441117
b68dc359-db51-4025-a2e6-652627036ad5,paid_other,0.8490867579908675
759ac087-8c4a-4832-96ca-bb52df6e3362,specialized,0.6384222684222683
1ae9cf32-a465-4930-8f93-8ff8e7e372a0,paid_other,0.8058798429766172
0b2d081c-ffaf-48c3-9edf-0e52b2977a51,paid_google,0.8907488986784141
71afc7ef-6a47-4ec1-960d-9100a35b3ebb,neural,0.7007130124777183
d22fc215-2a66-4a97-863b-3cfb3c7b82c9,neural,0.6158839342188488
f58b0287-c317-49b2-a579-1d4572bd20b7,paid_brave,0.88
7aecaf40-8f51-45cc-a554-eef092c40dc5,original_free,1.0
294d61f6-f5c1-4b54-bf10-8b860d7cfae2,specialized,0.719162826420891
35f00641-0af3-4148-80ef-65560ac62975,original_free,1.0
0a179a47-5a4c-4b2f-ad83-0714fcd32802,paid_google,0.8783505154639175
620b01e4-0bd3-45a1-8e2d-4c9cfd165dc5,neural,0.6259422212910585
00e768ca-a5a6-461f-abac-3b5177931001,specialized,1.0
07b5e1b9-ba79-48f2-9209-59012445cb46,paid_other,0.5409719382732875
1559aa8a-8a05-4d7a-abde-b98f2d1f463d,original_free,1.0
ced51279-8e65-4d04-a15b-6d278c595c85,specialized,1.0
fd3c2ef7-9655-4f1e-ae8b-8af79d724ae2,original_free,1.0
70376984-d59e-47a4-8a2c-3fc4227ab9a9,paid_google,0.6994918699186993
6c1bef1e-3a1c-484a-a107-6462f9e6ec53,original_free,1.0
fa1f50f8-62b7-4630-a06a-07d9e0531a98,specialized,0.597104247104247
7be9367d-1c08-4a16-b081-4845bdbb5a4b,paid_brave,0.8333333333333334
792d85ca-7785-4d20-aa5f-91cb8056fe51,specialized,0.6814866881877192
be8bc310-c3f8-48f3-bc17-8ccef8b2c403,original_free,1.0
1dbe046d-6c33-410a-99be-f49e684883ec,paid_google,0.6874120588406303
7fe156f4-f1f2-448c-a12b-d2177e045abe,paid_brave,0.8518987341772152
157b2a73-63d4-4b6f-a920-61619492c058,original_free,1.0
577bda92-ad4a-4c66-b204-32763d1ea975,paid_brave,0.812807881773399
51acbb91-93a5-4828-8fd0-160941e54092,paid_google,0.6660424640058319
6c2cc5aa-b382-49ec-b76a-aca1e93995e3,paid_google,0.7093750000000001
23274dcc-cc03-4a1b-926e-300d7bc1f82f,paid_brave,0.8887323943661972
fd6b676e-8705-4e3e-8ecf-ca6eac2d058e,neural,1.0
00c5f463-637d-45b7-b678-f4e73f626be4,paid_brave,0.6180677576801608
fed7457b-4468-403c-bae4-893d1836ab3c,paid_brave,0.6462904911180773
af9808ff-13cd-41fd-9222-ff548cd13f66,paid_brave,0.9309090909090909
7d06f413-dd66-455a-8662-b1b7802f0189,specialized,1.0
f39fbf6e-8e28-4e94-bb74-6b997493ab59,original_free,1.0
ee706abd-d8bd-45ab-8a71-ecb2684a0aab,paid_google,0.851851851851852
28f114f2-8f03-460d-80c7-8703f582eabd,specialized,0.8038131679641114
a4a00ce0-bd5d-48b9-9115-95d6ac84dea0,specialized,0.8807303807303807
f10ccd76-12be-4457-972b-18edffca5ff2,specialized,0.655025782013274
f7440437-ad2d-4d8c-9f64-40602c8c09f1,specialized,0.5984660496124801
082236f4-68b8-4781-b25e-93591178d839,original_free,1.0
777905e2-d1b9-4699-9cc2-9d00a0e23e60,paid_brave,0.7683037802440787
7deb83cb-f09a-4a97-9981-67d52caceaad,specialized,0.6688062438240779
a35ddb53-3e4a-4ba9-b91e-d389c38afb81,paid_other,0.6266139657444005
0a057781-bdf2-4f0b-9ea6-28bce8d08679,paid_brave,0.697389586733849
48a73e7b-549d-4c05-97c6-0d8ef5206b6e,specialized,0.5673245614035087
50924a1a-4fe8-4cc0-ac0b-0ef3e39f1bbf,paid_google,0.851851851851852
dd93361a-f639-4b26-852d-e2f4985ccf07,paid_google,0.69573010657348
7cc0100d-8f47-4eac-9df2-907791e3eb64,specialized,0.5953051643192487
9ce4833e-d1d5-491b-ab4b-a825e878e08e,paid_other,0.852991452991453
55aa7be1-92e3-4e2e-bce8-0e2a1401cff1,paid_google,0.8866666666666667
16609785-36c3-42a2-b315-ac8958f59d30,original_free,1.0
bac90278-b6f6-4f5a-847d-370e45e92d99,specialized,0.5249600337170096
eb8bb643-6537-46b0-b42d-702a3dc3d437,original_free,1.0
d5d73cd7-51b2-4eb4-a839-f24340d1b6e5,paid_google,0.8767185034933513
5ab89d3a-625c-429c-a8a7-3f9aff30d21c,paid_google,0.7220302099334357
11d88e70-c545-4cad-8ca2-c43b72661634,paid_brave,0.7054247835497836
f136a4eb-5426-49c4-88f8-e3e7879a0af9,neural,0.5507077856420627
5c3bb872-51d7-416e-a5f6-48906f9a0ac9,original_free,1.0
6ff79ac6-c0d2-407a-9d88-35227f349e66,specialized,0.5536876059264119
d95ed62d-1d51-4ccc-a5ff-898884fd1f15,paid_other,0.6694540839277682
09e08bde-9670-4f6f-98b1-0f80b2106b05,neural,0.5875199362041467
e06459d9-ddc3-4b65-84f6-04c60634fa4b,paid_brave,0.8755555555555556
6c1bef1e-3a1c-484a-a107-6462f9e6ec53,specialized,1.0
782e22ad-b784-4ce7-b9e7-5c5344934275,paid_other,0.8890756302521009
065cfc03-c130-4846-9a18-b857a5765fe3,paid_google,0.8225108225108224
3d80fc9a-0064-4231-aa23-f088e898ab0d,specialized,1.0
16cfad6c-8311-4309-b7e8-37e8540a5e4f,paid_google,0.7373205678266856
abaa22b3-4fda-4365-87af-cbaa513517aa,original_free,1.0
2ac8bbcd-4855-4f39-b339-60b095d8ed7a,paid_brave,0.8867768595041323
c3c5b697-5609-4713-a440-3d38db62d6ac,paid_google,0.6488391617423875
f39fbf6e-8e28-4e94-bb74-6b997493ab59,paid_other,0.8843930635838151
d3e20889-fb61-456e-8129-ea40cd681e3e,original_free,1.0
c5c926ec-a148-40d9-8d35-7d0968f4cc62,original_free,1.0
fa13b84d-27fa-4089-a43f-bf45285b1af2,neural,1.0
ff2df774-8d22-4909-ae19-95d426a89530,specialized,1.0
acda7041-07c4-4add-bf68-183203e3dbf9,paid_brave,0.7811965811965812
d07785ad-ee07-43e0-a62e-dfe311fa6e1d,paid_brave,0.7212281545614879
6c1bef1e-3a1c-484a-a107-6462f9e6ec53,paid_brave,0.812807881773399
a1335ec1-3c6d-4efd-a6a5-b91e84a6797a,original_free,1.0
94315ae4-7d84-4275-bf5d-3d0982c43333,paid_google,0.8933333333333334
79887d11-a38b-494e-baa2-bfbaed28bb5f,paid_brave,0.8760180995475113
a2e07e5f-32d5-4ff7-b42d-19c35eaf367e,neural,0.6576638109920704
9f3ec071-94b6-414b-b672-a3c1418a0d67,original_free,1.0
43ae5558-52bb-4eda-a38c-714274e837f6,specialized,0.5774665421724245
ef853143-54bf-4a93-8a94-c543dec24e89,original_free,1.0
08e3dda3-bea2-4793-8f91-be14333af84f,original_free,1.0
38237a35-cdb4-4974-b87a-dbfa8d98e331,neural,0.6163189502410699
d6907839-1199-4b1a-aa28-4fdcf09ec54b,paid_other,0.5345543345543345
1553a1a5-d9d9-419e-90a5-1fa6a48bd4e2,specialized,0.649093429354407
a3333df6-55b4-46e3-ab29-aca3a63dd05b,neural,0.6067668229592349
607d4fb0-0f25-4f81-9b97-95c7a89010c0,original_free,1.0
18db6b8c-c80d-4ca0-800b-f6ad19687874,original_free,1.0
dcf31214-d851-4293-a066-f17b7fc4c078,paid_google,0.8783505154639175
e8d0ffcb-c7a0-498b-99ce-f013de3473f6,neural,0.6957738651488121
8003a039-958a-41ff-9a41-ce0abdf619cb,specialized,0.7100803266222212
4f89645d-d128-4031-9eaa-3a7d6648df23,original_free,1.0
0ab947a0-95eb-4ad8-b6ee-0d121e753246,paid_other,0.6754385964912281
1b7d9fbc-5bf7-4fec-b737-8d9f560535f0,neural,0.5700463706081683
942292d8-73f6-41f1-bb50-c56a365ca196,paid_other,0.6338915470494418
efe7b586-4d3e-46d5-85fc-48f9ba213c27,original_free,1.0
4625070b-8780-45d0-961c-a9463854ce9c,specialized,0.5673245614035087
de6ebd6a-d71a-46c9-920f-fe17558e158e,specialized,1.0
deee9f33-9672-41d1-ab6f-994b8e41738f,paid_other,0.5080504291030606
994ad3c7-2219-4a26-a603-8d7271956293,specialized,1.0
14cd39de-3fd3-400e-8ded-4ac62a4449c4,paid_google,0.7662395614202843
db4934be-c089-4e43-95fa-8ebc7cfa24d5,paid_google,0.7563009667927701
10fbd5a4-703b-47e3-bde1-7c0c008ea94c,paid_other,0.9037037037037038
e3c7095c-79d4-4bd2-b2ec-2b0c0badbf5d,original_free,1.0
24e0f50d-7de8-4820-b744-95a7fadfdcfe,original_free,1.0
f39fbf6e-8e28-4e94-bb74-6b997493ab59,paid_google,0.8843930635838151
a27d369e-ac2d-4428-9df6-3e272f34a993,paid_brave,0.7971014492753623
fa427d9f-6b56-452f-9d2d-9cfd4f5d647f,original_free,1.0
fb05cb59-7332-4cd9-a007-560dbc272de9,paid_google,0.5908653951191803
6baf1b6a-84f5-456a-816a-4f1a0509fcfa,paid_other,0.8481681681681682
ced51279-8e65-4d04-a15b-6d278c595c85,paid_google,0.8674698795180722
9ec823ed-63db-41c9-99cd-578729424418,specialized,0.541358818486478
bf0fca6a-31a3-4f2a-88c2-dad8e45a2ec5,paid_google,0.8397568306010929
946efcc6-9bb8-4805-98df-789e2c17a5b1,paid_other,0.7418300653594772
c40c5cb3-a2cd-4ade-9f87-019f924e1ada,paid_brave,0.9056818181818181
237e6c8a-0750-40d2-a8f9-351e85f9aea3,paid_google,0.6693084693084693
92464d9f-bb8a-45a3-972e-034ef276e378,original_free,1.0
e28c4e6a-b224-496a-a9ea-9e7982347e5e,paid_brave,0.6971308573242497
23600e58-b80a-4ab7-aeef-9bbc2bbab0ea,original_free,1.0
10373513-d80f-4bc1-8352-8178e0a11fdb,specialized,0.7226190476190476
ff2df774-8d22-4909-ae19-95d426a89530,paid_other,0.8607142857142858
232f4b01-da33-4f12-ad55-aaec7544cf87,specialized,0.659547745792787
e1f59c4d-2a45-4ae0-8a36-6f3cb897b53d,paid_google,0.851851851851852
e3790259-51b5-40c6-bda5-7064f09b09c8,paid_other,0.8762790697674419
12335093-babd-4598-8924-e08ed77e2c33,neural,1.0
f525eaf4-fe73-4830-9341-62db69dd4a03,specialized,0.5706924315619968
2c131c81-99af-48ca-9b9a-b32c9c959d79,paid_google,0.7468475263393594
514b47fc-f747-468b-b354-f051d327d0c0,paid_brave,0.8796296296296297
9efd7a7e-9927-42f1-89a6-f26152fe25db,neural,1.0
ba915f64-fe99-44e5-b19f-a63c51035e83,neural,0.5940281940281941
ee0c9eff-aa2c-4d83-89f9-394e5c65f793,paid_google,0.8692307692307693
80cee934-4364-4365-86e0-b0f63ea26f17,specialized,1.0
41ad24db-fa71-49c8-a9c0-7058cb87988f,paid_brave,0.7564102564102564
57f03947-852c-4a2f-a974-b8a3b6905c5b,paid_other,0.6458126448195961
7740fb15-17b7-4983-9e1e-3284340e24f1,paid_brave,0.7419354838709676
2444ee7c-ecbc-4c24-aa1c-f1ab20d85f7d,paid_google,0.5225943646996278
0cecc4ef-f05b-4253-8240-6f3d49501026,paid_brave,0.8751269035532996
8d062b0f-215e-41a2-811f-81118c89d5fc,neural,0.7009977558622441
3857e0e7-b5f1-4a36-a13b-262d80162061,original_free,1.0
5a2b695f-2783-46a9-8f6c-98868a9f5002,specialized,0.6169149221685454
cdfd6a14-0d96-4c2f-8194-6693404218b2,paid_google,0.8985507246376812
a9b090ca-3918-42ab-aaaa-7bc608b3bd39,original_free,1.0
fac9b8c3-a3d3-4b9b-959e-35a672713181,paid_google,0.7318181818181818
31a8738c-5d51-43f2-8539-6e3ccb788939,paid_other,0.5770231394621639
939318eb-10f0-48e7-b603-329d04fc8dce,neural,1.0
d3e20889-fb61-456e-8129-ea40cd681e3e,paid_google,0.7496114996114995
ba6dc6b6-dbf7-4588-b83c-1c1becc97eae,neural,0.6039572914185917
7588b98d-b986-4b7f-9a4e-5740bd38abba,paid_google,0.7188900936546888
764d08bd-f7ae-4801-b4a9-5205a0a79302,paid_brave,0.9457364341085271
57f5c239-0067-40f1-bb38-ff36e90336f9,neural,1.0
f58b0287-c317-49b2-a579-1d4572bd20b7,original_free,1.0
be197ffe-44c4-410b-b121-9d418ba59d2b,original_free,1.0
078375dc-4a8a-4dd7-8b2f-2df9ef3dc009,specialized,0.6364766081871345
1d6a40ad-7c5c-40d0-b87d-0ca1072cc041,paid_google,0.6587067837067836
6db30215-290b-4619-a880-07707854c0c6,neural,1.0
ced51279-8e65-4d04-a15b-6d278c595c85,paid_other,0.8674698795180722
af462d06-7c39-4545-9069-e8a4d6889806,original_free,1.0
bc761ef7-79ce-46ba-805f-86c0d756d88c,paid_google,0.6746134226048143
f0b16052-c178-494b-b994-a57f47ad8224,neural,0.6886137946831589
8dd60a11-c54a-4593-84b7-e98c758222a5,paid_other,0.6492796675986331
7428d981-9515-46ed-98d7-eedd43a179af,paid_other,0.6351707349606509
2f1e95d7-c8ec-4802-b6a6-891315aa1704,paid_brave,0.8964285714285715
6c2cc5aa-b382-49ec-b76a-aca1e93995e3,specialized,0.6756756756756758
a3333df6-55b4-46e3-ab29-aca3a63dd05b,original_free,1.0
a53fb033-bf99-4a36-9cb6-0d2d10051bce,specialized,0.6298127293164514
b6519b50-8e71-4385-94b2-a2828598ead6,paid_other,0.7083040308321911
8fcd43ce-bee1-4ed1-909c-4c5176f0ba6f,neural,0.5712349980642664
cf7f04e2-39ea-4489-9582-64d64baf5c84,paid_other,0.5861296581635566
8314dd00-63db-4381-a46f-99288f1977c6,specialized,0.6235930735930736
39e14779-b329-4d7c-b376-f587d6ff6c89,paid_brave,0.912
bac90278-b6f6-4f5a-847d-370e45e92d99,paid_google,0.6315926234653658
af4bad40-ee6d-46e1-bf6f-673513dec233,specialized,1.0
06311970-fc29-4973-8156-cae47ed0d8f0,specialized,0.6085578832471956
9cb4a6d4-143d-4818-ad59-f50afb5b6d2a,neural,0.6725743348982786
92464d9f-bb8a-45a3-972e-034ef276e378,neural,0.49180153967388013
35f00641-0af3-4148-80ef-65560ac62975,paid_brave,0.7997863247863247
074ddc77-e0a4-46f5-826e-0a6868e6d787,paid_other,0.5879781420765027
9c7fb591-c432-4585-9a05-db41497e0f9c,original_free,1.0
a6e89d57-fd2c-4fe5-9e57-bd449969c4c8,paid_google,0.9106918238993711
8d062b0f-215e-41a2-811f-81118c89d5fc,paid_other,0.5834157826270178
bb83c6dc-b113-4c37-bf2b-007738d0da77,paid_other,0.8481681681681682
899eb188-05ce-49ec-ae12-83b8c61cce5e,neural,0.5888463175819497
7428d981-9515-46ed-98d7-eedd43a179af,specialized,0.6334365325077399
6a320c07-9473-4117-8018-62bdd08695b1,specialized,1.0
7fe156f4-f1f2-448c-a12b-d2177e045abe,original_free,1.0
d59f26d3-a634-4dc6-9c5d-cce8ebc71bff,paid_brave,0.7611423427395648
bedb0e86-d1b2-4ba0-9433-a83a1b6d67ae,specialized,1.0
4dd421b5-9733-4798-9db3-3b6785e14770,paid_other,0.9110755612435344
f64262de-94e2-478e-9a61-ac22b70a0e03,paid_brave,0.9542857142857143
7b1ab636-c0f8-4b23-b805-77662bdda8a9,neural,0.6098771525317185
ce9587cf-af16-4170-ba70-dc266b341c1c,specialized,0.7244107744107744
11ed16db-213f-4a4a-903a-83b285759471,paid_brave,0.6230009656418404
94315ae4-7d84-4275-bf5d-3d0982c43333,specialized,1.0
51897f66-9e4b-4f3f-9ce3-01212ce18926,paid_brave,0.7419354838709676
cf7f04e2-39ea-4489-9582-64d64baf5c84,neural,0.6430584918957012
620b01e4-0bd3-45a1-8e2d-4c9cfd165dc5,original_free,1.0
9da7142e-1ac6-48d2-b5f6-9f48f39f10b9,paid_other,0.563568868407578
62203d2c-8711-431d-b73c-6f523b1a9fcd,paid_brave,0.6729576789795768
8369c3a3-545a-43b2-b435-97dfd96c7de2,neural,0.6596992566820153
b6e1d605-7b61-4203-8fd7-af27c1d6b887,paid_other,0.6785951337922663
2508b6fe-faf2-4557-ae11-276c2eaf4442,original_free,1.0
c8beac48-c90f-435a-9d65-a5adbcfde88b,specialized,0.6711560953666217
e4601fd7-48d0-453c-b98f-4a0aa449740b,paid_brave,0.8816479400749063
4b9df8f2-e4ee-4e76-aa4c-fbef17e78372,paid_google,0.884263959390863
ccb7bd82-30cb-4954-9a8d-0b93afbe1462,original_free,1.0
d9cd5a69-6902-4880-b0e5-fdcecfcb48bf,paid_google,0.8809756097560976
7be6acb9-5b99-4322-bcb4-68254688c2b6,paid_google,0.7850521005355766
7f176fc8-84c8-4291-8399-535ea20c4156,original_free,1.0
c6912b31-0f91-46d4-8cc0-670839d9148b,specialized,0.6508952415169486
278436f3-c5aa-4573-ad03-d8d814aed9df,paid_google,0.851851851851852
41ad24db-fa71-49c8-a9c0-7058cb87988f,paid_other,0.7209302325581396
24f74c5a-5a75-4c91-83e8-65fdd4565f68,paid_other,0.6555999439304737
edd1e4ed-038f-4c15-bd5b-6223e204a6c9,neural,1.0
da625182-a1bb-433e-9ade-d49fd3e884a5,neural,1.0
833ffff7-3926-4a78-82ee-578294550e52,specialized,0.5131808278867102
1b7d9fbc-5bf7-4fec-b737-8d9f560535f0,specialized,0.5700463706081683
bcc7d9ec-bf6a-41cb-ae1a-b921bc6a0617,paid_google,0.6766680966680966
f44d0efe-8321-427e-afdc-0924521cef3e,paid_brave,0.8449275362318841
7c1af73d-df29-4be6-ac40-c2ca2e3d864d,paid_google,0.7019254236049389
c2e0d4c7-e1ea-4d69-a000-20a326f023a5,paid_brave,0.656883089809919
17ea1326-b8c3-4859-ae9a-c6412f38f1e0,paid_google,0.8839622641509435
bedb0e86-d1b2-4ba0-9433-a83a1b6d67ae,neural,1.0
72b0145e-249c-4258-ac35-a651a305f87f,paid_brave,0.7753476796955058
d1dd16dd-d3cc-4c41-923e-f2f5836a2503,paid_other,0.6308754208754209
5e441852-2609-45e8-9953-f93e90a60596,specialized,0.5910818713450291
598a7130-14d7-4741-98e1-d48b77250ed0,specialized,1.0
70ae03fd-0561-4b1d-9452-8f4ba8ba8099,paid_other,0.7016036079503571
dab0a67d-0380-4131-b901-2b6ae66e06d1,paid_other,0.8948391013964784
8dcb77d7-d226-4b5f-9c8d-9baa4191d994,neural,0.6030831308609086
8369c3a3-545a-43b2-b435-97dfd96c7de2,specialized,0.698967698967699
bcdeab72-4e6a-43eb-ac5e-51908da9ba92,original_free,1.0
9efd7a7e-9927-42f1-89a6-f26152fe25db,paid_google,0.8105263157894737
ebab61ff-dd0a-4104-ad22-711b3ee3485e,original_free,1.0
f648aa5d-7028-46c5-a871-909269639fcc,paid_other,0.8763636363636363
b1329783-79c7-4de3-9be8-73be853a7a41,original_free,1.0
dab0a67d-0380-4131-b901-2b6ae66e06d1,neural,0.584457639516372
b4d5524e-2c09-4611-827f-dff2ba9388f4,specialized,0.6262775842044135
7740fb15-17b7-4983-9e1e-3284340e24f1,paid_google,0.6069703243616287
985ae3bb-66f5-4c2b-91b9-82af74062e7d,paid_other,0.8217338217338218
cedde1af-8709-4ada-9bb2-8c948c3524c4,paid_brave,0.7777777777777777
01549a9c-6584-4a48-ba0d-5e84a6501b44,neural,0.5481150793650794
46e10105-8e18-4f03-a97f-43e9b3db206f,specialized,0.7036390121833159
2b97ee7f-e52f-4b5d-bb24-76e5e0f17dee,original_free,1.0
a9952fbc-47de-4e43-84b4-792214d8b4e9,original_free,1.0
0372cd8c-0ec9-47a6-a000-462a4c548328,original_free,1.0
3f1d1563-32dd-441b-920a-a5321315f33b,specialized,0.58553536071149
1a42782a-4b23-4f5e-8782-ac26e2bd2b49,original_free,1.0
0a9c269e-5c8d-4125-9165-bf2f57cbb059,neural,0.5896825396825397
07fe6bfb-db63-4635-8d6c-7aae4c1dfc06,paid_brave,0.7357628881205018
48a73e7b-549d-4c05-97c6-0d8ef5206b6e,original_free,1.0
d625d3b0-5099-4c62-b12b-8b8d7084790c,paid_other,0.5555799026546957
2c0064d3-4568-4d9a-9ebd-26d9232483cd,original_free,1.0
e28c4e6a-b224-496a-a9ea-9e7982347e5e,paid_other,0.549906629318394
e28c4e6a-b224-496a-a9ea-9e7982347e5e,paid_google,0.5640937417955202
6e800075-7e9d-4b89-bcd7-5689ed58a73c,neural,1.0
74483a5a-baf4-4e8d-a8fe-b8756bab080a,paid_google,0.6444778111444779
b03e2e34-95b6-4264-8042-4d39ad76d21f,original_free,1.0
541c632f-7dd6-41b4-9342-c7b54f3720b6,specialized,1.0
e4ca8da0-389a-4f60-8b0b-35a1c2125d80,specialized,0.6054511596411037
4973464b-94f0-44b1-871f-ea7332e3a647,specialized,0.5360204898600066
5c010dee-f8ac-4b90-bbde-11ed5837ddd5,specialized,0.6860243695871923
e3c7095c-79d4-4bd2-b2ec-2b0c0badbf5d,paid_google,0.8765635914473123
0372cd8c-0ec9-47a6-a000-462a4c548328,paid_brave,0.7982583454281568
8d062b0f-215e-41a2-811f-81118c89d5fc,original_free,1.0
3f1d1563-32dd-441b-920a-a5321315f33b,paid_other,0.5951541514041514
35167059-fa9f-468e-945c-6d44c7f9f5cf,paid_other,0.8763636363636363
9fd41c25-3e2f-4bba-abd4-c7a2bb32d723,paid_google,0.872316384180791
b1329783-79c7-4de3-9be8-73be853a7a41,paid_brave,0.7210716224414854
f50b0b2f-0b8b-4a17-a30f-306f34190ac7,paid_brave,0.8057876943881
02fc1e93-26d3-4eed-a32e-23243f9dde04,neural,0.5831282752335384
212bed68-e98a-403f-bc52-3169caf47dbc,paid_other,0.7228046514415872
3f837b51-6d50-444e-b6ce-c1ac25c8de63,paid_other,0.876595744680851
48c59936-e018-4ef0-b519-13adf421b183,specialized,0.6529790771682271
1072a343-7d01-44b6-83d2-ab297aa54dd9,original_free,1.0
4f87a47e-10e3-454b-a9eb-38ee37248304,paid_other,0.5962620288682301
a8bcb6ef-bce8-44f0-81f4-4b12f4e40c67,original_free,1.0
dd93361a-f639-4b26-852d-e2f4985ccf07,neural,0.5975604175604176
1b0ca779-e25e-40be-be74-fae4e26eea68,neural,1.0
39e14779-b329-4d7c-b376-f587d6ff6c89,paid_google,0.912
c6912b31-0f91-46d4-8cc0-670839d9148b,paid_google,0.6025817546644636
25b37bdc-b4db-4715-ba3a-cb6c54e03ff3,neural,0.5586925723537745
f9afc108-65de-469c-9d36-33726cb128d2,original_free,1.0
e9187378-12a6-4bfa-a6e1-0338ea9bcd57,neural,0.6202702702702703
34b6c06e-dc8a-4e96-9cf0-8ec0852f15c7,paid_other,0.6158536585365854
cfe1e6ae-39a4-4fb6-aabb-38571e2c0a7d,original_free,1.0
a6e89d57-fd2c-4fe5-9e57-bd449969c4c8,neural,1.0
061a473d-d879-4855-b7d2-50d5a0777dbc,paid_google,0.6118963778538247
232f4b01-da33-4f12-ad55-aaec7544cf87,neural,0.6607757291696394
78eb9786-ccd2-4fa2-a166-d37eb7b05964,paid_other,0.7108300456021269
67488f96-0d49-4d3a-ae68-84a8934414b8,neural,0.6286875725900116
a5954cf0-0624-484c-8299-4c08c5070c40,paid_brave,0.9814814814814815
5dd7a25e-c62b-4c98-a387-254f206555c4,paid_brave,1.0
0a7fdcde-1509-4732-8d14-c330585f6cc9,original_free,1.0
eb4912a1-715d-441b-bd84-c0d533b96038,paid_google,0.7230158730158731
e3cb0d83-0836-42c5-8de9-14dc755d2b88,specialized,0.6433952111918213
a1335ec1-3c6d-4efd-a6a5-b91e84a6797a,paid_google,0.8769230769230769
982729e8-04d2-46be-9a26-7ff85937a2a3,paid_google,0.8889908256880733
28f114f2-8f03-460d-80c7-8703f582eabd,paid_google,0.6390189154416798
2958b8e6-5553-4ab6-9abe-d3c76fc5eb23,original_free,1.0
f79a2bbf-5739-4b2e-8741-c2592d2bcc8e,original_free,1.0
20157b1a-a4a2-42d5-94fb-b25b1d6faebc,specialized,0.6073001254373803
98badc56-a1ba-4b66-bc77-7942596a5ce3,paid_brave,0.6960506926024168
9fd41c25-3e2f-4bba-abd4-c7a2bb32d723,specialized,1.0
989b7ca5-a0f8-431a-a3f2-4c1ac6e0ed59,paid_google,0.6019093627789279
841172c0-7c8d-4153-9e7e-f6385eabe47a,specialized,0.5826118326118327
d9cd5a69-6902-4880-b0e5-fdcecfcb48bf,neural,1.0
7b1ab636-c0f8-4b23-b805-77662bdda8a9,specialized,0.8721486643437862
6413f295-f00f-47d3-b1fa-e43304106f5a,paid_other,0.5874755015083712
cf7f04e2-39ea-4489-9582-64d64baf5c84,paid_brave,0.652020202020202
653aabb0-1be9-4b0a-b828-1f0c74321a44,specialized,0.6427015250544662
3f1d1563-32dd-441b-920a-a5321315f33b,neural,0.58553536071149
401fe955-f6ef-492d-a3a7-cdafa1ecc468,specialized,0.5939607233724881
00b7f89e-cdd6-4e34-9a90-bbda53733270,neural,1.0
f526f110-bb06-42c0-bc05-0b68e4e4c976,paid_google,0.6350828466980012
1a57af3f-a4f5-4f5a-8654-9d3ce652530c,neural,0.585987963122688
0b04d220-451b-463b-9a92-2c32bc572d4b,paid_brave,0.6569272643975531
d8f903a8-bf0b-49e5-806e-c010fc76026c,specialized,0.5501919073640386
1ede234a-9e13-48ee-9e3d-dea67eeb8871,neural,0.5748677248677249
66e51f4c-2b98-4de8-a74d-b394c238bab3,original_free,1.0
7d06f413-dd66-455a-8662-b1b7802f0189,neural,1.0
232f4b01-da33-4f12-ad55-aaec7544cf87,original_free,1.0
98badc56-a1ba-4b66-bc77-7942596a5ce3,specialized,0.6547909590540673
c32c82de-a06a-47a2-9b5b-2140026dd918,neural,1.0
f0b16052-c178-494b-b994-a57f47ad8224,paid_other,0.5663754663754664
08142df9-4005-4840-9b7d-8cba94da0494,specialized,0.6977547391700482
237e6c8a-0750-40d2-a8f9-351e85f9aea3,original_free,1.0
5ab89d3a-625c-429c-a8a7-3f9aff30d21c,specialized,0.652305199587568
7cc0100d-8f47-4eac-9df2-907791e3eb64,paid_google,0.6983402872225167
d8f903a8-bf0b-49e5-806e-c010fc76026c,paid_brave,0.644450046937964
e6d8368f-d5dd-4920-a1c8-5e3cfface94f,original_free,1.0
e9e18c32-2ccc-4244-bd3e-4f7281f26b87,paid_google,0.5841946597760551
31a8738c-5d51-43f2-8539-6e3ccb788939,paid_brave,0.8802083333333334
77b2d06f-36f3-4baf-8a0c-b5200e288437,paid_other,0.8866425992779784
69308eb8-f047-4a02-9918-6be9f7ab1108,specialized,0.0
af4bad40-ee6d-46e1-bf6f-673513dec233,paid_brave,0.8780487804878049
08110b45-75a8-4f4b-96fa-fc2c4bdc5343,paid_other,1.0
d803118b-4a57-4304-803d-6f27e2cf167c,paid_google,0.8962162162162162
30c226e2-dcfb-45a7-9bb6-6f9ac104b004,original_free,1.0
62aae3f6-ba45-40fb-8349-5b427141747b,paid_brave,0.9523809523809524
a101f6c8-b287-4ffa-9d04-be397c238321,specialized,0.5814449917898193
7842beca-0867-49fb-bad7-20b348e9020f,paid_brave,0.8935185185185185
0a057781-bdf2-4f0b-9ea6-28bce8d08679,paid_other,0.7020652541004067
f8c95cc4-068f-4ff5-9920-5eb6c5bf78e3,paid_other,0.8950413223140495
5e441852-2609-45e8-9953-f93e90a60596,paid_google,0.5726780185758513
2008d8ce-c85d-48f3-80e4-1954371e8bdd,paid_brave,0.7600354313680181
f9f8c48c-42b3-4d41-bbba-fdc274484fa7,paid_brave,0.7156135596443683
b25f17a1-ed6f-426c-887e-524370f28f54,paid_google,0.6102292768959435
29e6ff29-8eba-444f-8750-cd59005d2ef9,paid_google,0.7753488668194551
22024a58-83d3-42da-a688-da03c11bc0d6,specialized,0.5857038767117818
a13c8361-ab20-4f0d-bc31-828e58ce57ec,specialized,0.6011617967924061
35f00641-0af3-4148-80ef-65560ac62975,neural,0.6912246003155094
f614a284-2bf0-441b-b1c3-b7a2e36afa17,paid_brave,0.6895325030823352
a7ac9a6c-bc6b-40bc-9ecf-41e74d2fefc0,original_free,1.0
06e23e53-ca20-48f5-b64b-ece1e231ea44,specialized,0.682280701754386
1041e0d3-077e-4e87-84ca-47b2ac8368cf,original_free,1.0
57f03947-852c-4a2f-a974-b8a3b6905c5b,specialized,0.5673245614035087
6c1bef1e-3a1c-484a-a107-6462f9e6ec53,paid_google,0.851851851851852
48a73e7b-549d-4c05-97c6-0d8ef5206b6e,paid_google,0.5789473684210527
bb281ca9-26c6-4882-ac99-ed7a296e0d04,paid_other,0.9112426035502958
9e1919c5-87a4-48e0-9654-191555496b82,paid_google,0.6019093627789279
ee0a3e6e-638a-4bf2-8d94-ca93704049ba,paid_brave,0.9282051282051281
e9e18c32-2ccc-4244-bd3e-4f7281f26b87,original_free,1.0
ddbcf1ca-318b-4c3d-97df-ee016727d260,paid_brave,0.9635416666666666
38237a35-cdb4-4974-b87a-dbfa8d98e331,paid_brave,0.6639249639249639
726e8072-dbd6-4ff7-8dc5-d91d05c8b71d,neural,0.7057971744018255
f250ada5-7ca8-4259-83ae-404e17423998,neural,0.4895514780835882
ae5796cc-e3b2-41ca-9f17-dece6e5d1a06,neural,1.0
7c1af73d-df29-4be6-ac40-c2ca2e3d864d,specialized,0.6648664948736224
0d25eaee-5561-4d33-ad7d-d5a69f6aa823,paid_google,0.679279215200607
f50b0b2f-0b8b-4a17-a30f-306f34190ac7,neural,0.5913968964110355
e8d0ffcb-c7a0-498b-99ce-f013de3473f6,paid_brave,0.6113269794721408
bf0fca6a-31a3-4f2a-88c2-dad8e45a2ec5,paid_brave,0.7699229691876751
8c31067a-e06f-45c5-8005-d006cc8adc6d,paid_other,0.869221023797295
b2f94c6c-ec32-4bd4-8cc8-d54d930a75e5,specialized,1.0
57f5c239-0067-40f1-bb38-ff36e90336f9,specialized,1.0
0be887d8-d8ae-4e6d-84d4-595c9aa34da9,paid_google,0.8385714285714286
4ccd808f-d969-4018-8f65-65b780b10991,specialized,0.6189353099730458
f9f8c48c-42b3-4d41-bbba-fdc274484fa7,paid_other,0.6232679685600843
2b4b4d27-ba4f-48f0-bee6-e086df894c11,paid_google,0.6506842936248066
a53fb033-bf99-4a36-9cb6-0d2d10051bce,neural,0.6298127293164514
bedb0e86-d1b2-4ba0-9433-a83a1b6d67ae,paid_google,0.886021505376344
e4ca8da0-389a-4f60-8b0b-35a1c2125d80,paid_brave,0.8656126482213439
e5fa39dc-01ae-4a7d-9da8-5daa8aa4f5a5,paid_other,0.6884920634920634
d95ed62d-1d51-4ccc-a5ff-898884fd1f15,paid_brave,0.7827551533433886
cfb12cc3-33a0-4397-a70e-c80a284fc930,specialized,1.0
c760a8ae-de33-47bf-bde1-5bb414447092,original_free,1.0
985ae3bb-66f5-4c2b-91b9-82af74062e7d,neural,0.5786435786435787
ff2df774-8d22-4909-ae19-95d426a89530,paid_google,0.8607142857142858
6304e95c-30c8-4e11-aea3-38233a79ccc1,neural,0.5585414585414585
80cee934-4364-4365-86e0-b0f63ea26f17,paid_brave,0.8726457399103139
48c59936-e018-4ef0-b519-13adf421b183,original_free,1.0
7be6acb9-5b99-4322-bcb4-68254688c2b6,original_free,1.0
f526f110-bb06-42c0-bc05-0b68e4e4c976,original_free,1.0
5d74fb4b-b8df-49aa-b952-b09a20bd1674,neural,1.0
a101f6c8-b287-4ffa-9d04-be397c238321,paid_brave,0.7066629023150762
0a032d91-13a3-4c3b-8b72-f2c0e7a9b813,paid_brave,0.7722383878471556
cfe1e6ae-39a4-4fb6-aabb-38571e2c0a7d,paid_google,0.8690937207122774
d625d3b0-5099-4c62-b12b-8b8d7084790c,original_free,1.0
23274dcc-cc03-4a1b-926e-300d7bc1f82f,paid_other,0.8887323943661972
9cb4a6d4-143d-4818-ad59-f50afb5b6d2a,paid_other,0.7902522522522523
a13c8361-ab20-4f0d-bc31-828e58ce57ec,paid_google,0.6181413059789483
23274dcc-cc03-4a1b-926e-300d7bc1f82f,paid_google,0.8887323943661972
7588b98d-b986-4b7f-9a4e-5740bd38abba,neural,0.6370148812820796
92b70a13-752e-40c0-8267-2ac79ca5b214,neural,0.7164808461978273
10fbd5a4-703b-47e3-bde1-7c0c008ea94c,neural,0.6534391534391534
ba915f64-fe99-44e5-b19f-a63c51035e83,paid_brave,0.7087190135970624
29998019-40f5-4757-a30d-059fa8782236,paid_google,0.6469850395108224
7b4e1e3e-5c91-48d9-a1ab-fe2aaa8d5037,specialized,1.0
792d85ca-7785-4d20-aa5f-91cb8056fe51,paid_google,0.822461456671983
b2c0632e-d1b4-4928-a760-46e9b4377393,specialized,0.6783054679256707
ff8bd0b6-7443-4449-bb30-9318db20262b,paid_brave,1.0
caa398dd-3e0f-41f9-9d2f-8b1b2bb92db5,paid_brave,0.8647491867830851
7be9367d-1c08-4a16-b081-4845bdbb5a4b,original_free,1.0
8d062b0f-215e-41a2-811f-81118c89d5fc,paid_google,0.6957341630635363
3708be34-083f-4770-a8df-94eedda24dc3,neural,1.0
210d04ed-6a7c-49fb-85f5-719bbbc26436,specialized,0.5975063938618926
c543c071-7421-4fd4-87a5-9d5c7db6f7b1,paid_brave,0.6995944201294004
a9b090ca-3918-42ab-aaaa-7bc608b3bd39,paid_brave,0.8418079096045198
5a2b695f-2783-46a9-8f6c-98868a9f5002,neural,0.7179671580966079
9efd7a7e-9927-42f1-89a6-f26152fe25db,paid_other,0.8105263157894737
d3d39102-4e52-4653-83a8-be5e15cc24a8,paid_google,0.890909090909091
8369c3a3-545a-43b2-b435-97dfd96c7de2,paid_google,0.6219715956558062
bfd7889f-93cd-4904-b694-130ff739ebfc,paid_brave,0.85
514b47fc-f747-468b-b354-f051d327d0c0,neural,0.6452007131354958
2734a0bc-625a-44e8-8bdf-ddb8c42fe1a1,paid_other,0.6546865971800125
7d06f413-dd66-455a-8662-b1b7802f0189,paid_brave,0.85
0be887d8-d8ae-4e6d-84d4-595c9aa34da9,paid_other,0.8385714285714286
10c276b0-8e6d-4a1b-a14a-a85e5816f82f,paid_other,0.7626594272935736
433d7d7f-4152-4c71-ba5b-01e27c4f52ed,neural,0.4396743069906488
7b4a06d4-1564-409a-96b8-a0fe29da3d88,paid_brave,0.8720812182741117
2d8d7be9-318d-4b8b-8a5e-41216db148c7,paid_other,0.7012831012831012
75629b0c-dbae-4aed-acc9-625768dfc6bc,neural,0.6412701557668976
f068e3b1-bdc4-44f2-8aa8-05da1ab7e2f1,paid_other,0.7907763843247714
8c31067a-e06f-45c5-8005-d006cc8adc6d,specialized,0.6135665409858958
17ea1326-b8c3-4859-ae9a-c6412f38f1e0,paid_brave,0.8839622641509435
5d74fb4b-b8df-49aa-b952-b09a20bd1674,paid_google,0.851851851851852
a6e89d57-fd2c-4fe5-9e57-bd449969c4c8,paid_other,0.9106918238993711
0a9c269e-5c8d-4125-9165-bf2f57cbb059,specialized,0.6028299188037849
08da862b-3d9a-4ab3-94b2-1cae75d41721,original_free,1.0
2444ee7c-ecbc-4c24-aa1c-f1ab20d85f7d,paid_brave,0.8731951089845827
c1ff8391-c300-4bfe-9c74-308e17bd1568,paid_other,0.708148893360161
6ac439a3-ca36-421e-a4a9-778fb1e9538f,paid_google,0.5789473684210527
0cecc4ef-f05b-4253-8240-6f3d49501026,neural,1.0
75ac6791-8ff4-4fe9-9ce8-263f024fac03,paid_brave,0.851851851851852
70ad24bb-c0e5-4ed5-bda3-1c000db24372,neural,0.5982196167833687
849c7c61-5a28-46bd-af07-62b062c027c5,specialized,0.5673245614035087
4625070b-8780-45d0-961c-a9463854ce9c,paid_other,0.6458126448195961
2a0dc77b-8928-4fc5-ae82-04eaf5dabde0,specialized,0.6492017055775445
6ff79ac6-c0d2-407a-9d88-35227f349e66,neural,0.48314946702043476
d5fb4f99-04b9-47ba-b146-d170da7f23ea,original_free,1.0
09e08bde-9670-4f6f-98b1-0f80b2106b05,paid_google,0.7408304355025667
4d040c3c-945c-44c2-b2a8-7a3a0e027610,specialized,1.0
5ab89d3a-625c-429c-a8a7-3f9aff30d21c,paid_brave,0.9098039215686274
de6ebd6a-d71a-46c9-920f-fe17558e158e,original_free,1.0
db4934be-c089-4e43-95fa-8ebc7cfa24d5,paid_other,0.8640473699071537
06e23e53-ca20-48f5-b64b-ece1e231ea44,paid_brave,0.7648990956613462
c6236195-7c48-4ce3-bb31-92b7ed07bd96,neural,0.6766169154228856
d20cf5fd-c775-468e-92a8-85d12a0ac794,original_free,1.0
4f1befd3-32bc-486e-9b48-8be7124d9bca,paid_other,0.6468805625432131
278436f3-c5aa-4573-ad03-d8d814aed9df,specialized,1.0
5e441852-2609-45e8-9953-f93e90a60596,neural,0.5887845162235407
232ab87d-c137-4dc8-bfb6-6a2ca93492fe,original_free,1.0
d22fc215-2a66-4a97-863b-3cfb3c7b82c9,paid_brave,0.7109954029458674
541c632f-7dd6-41b4-9342-c7b54f3720b6,paid_other,0.8599078341013825
23cd58af-a8fa-488e-8bae-ef479fdf5cbd,specialized,0.6925913661693993
e611137b-b0f8-4ed4-bec0-25b7dd1c6a91,paid_other,0.6271941548605543
75ac6791-8ff4-4fe9-9ce8-263f024fac03,original_free,1.0
ae5796cc-e3b2-41ca-9f17-dece6e5d1a06,paid_brave,0.8953125000000001
4dd421b5-9733-4798-9db3-3b6785e14770,paid_brave,0.6324735168809772
fb59a507-2cf0-4008-8997-46dac60d88a7,paid_brave,0.8056119285190823
a35ddb53-3e4a-4ba9-b91e-d389c38afb81,original_free,1.0
8c2270dd-d2c3-44b5-9590-9b5e90d2c3f4,specialized,0.6473677324741155
b77e4720-af5c-4a92-bccc-7b52aa4d9819,paid_google,0.8666666666666666
a35ddb53-3e4a-4ba9-b91e-d389c38afb81,paid_google,0.6102740964633547
648fd4f5-3541-40fe-8c53-9fc8c62f1b92,specialized,0.5545508131715028
f50b0b2f-0b8b-4a17-a30f-306f34190ac7,paid_google,0.7334659593280283
210d04ed-6a7c-49fb-85f5-719bbbc26436,original_free,1.0
3fb982d8-a8ee-4e0d-a217-16ab98b6dbc9,original_free,1.0
48c59936-e018-4ef0-b519-13adf421b183,neural,0.5864659111768059
6a320c07-9473-4117-8018-62bdd08695b1,paid_other,0.8875
7740fb15-17b7-4983-9e1e-3284340e24f1,paid_other,0.7373737373737373
726e1cd3-c21b-43a5-b2e8-397cc72123b1,original_free,1.0
41b36f9a-d24c-4243-a1ab-741ca503a2f8,paid_other,0.710559542796385
9e1919c5-87a4-48e0-9654-191555496b82,original_free,1.0
8003a039-958a-41ff-9a41-ce0abdf619cb,neural,0.7100803266222212
48c59936-e018-4ef0-b519-13adf421b183,paid_brave,0.7991810473918477
082236f4-68b8-4781-b25e-93591178d839,neural,0.6311599895260539
0be887d8-d8ae-4e6d-84d4-595c9aa34da9,neural,1.0
6310b0f1-bd46-46d7-b94a-4aec48d22452,paid_other,0.8857030411449016
10c276b0-8e6d-4a1b-a14a-a85e5816f82f,original_free,1.0
03f35ad2-d6f2-4236-b6c5-00ccec5170e9,specialized,0.5488251546228357
2734a0bc-625a-44e8-8bdf-ddb8c42fe1a1,specialized,0.6365366659484307
841172c0-7c8d-4153-9e7e-f6385eabe47a,original_free,1.0
e54874db-e3b4-4824-9ba6-c13b57041834,specialized,0.7327369742623979
a646bcb3-16dc-4cbb-88b3-e5614b0f14f4,specialized,1.0
78eb9786-ccd2-4fa2-a166-d37eb7b05964,paid_google,0.8443467842087772
fcde020f-afc2-4318-8d2a-5065907f020e,paid_other,0.8540000000000001
c543c071-7421-4fd4-87a5-9d5c7db6f7b1,neural,0.6260044410339676
e5fa39dc-01ae-4a7d-9da8-5daa8aa4f5a5,paid_brave,0.854047619047619
b7b479b4-eb09-4892-8af8-e88a040f3d4b,paid_other,0.889655172413793
79eaebe9-a71e-4e52-9c59-a065beaa4a6c,paid_other,0.5361175322340371
3bbdf982-3527-4b8a-9c40-59b4ee575b46,neural,0.5695995697857202
7be6acb9-5b99-4322-bcb4-68254688c2b6,neural,0.6650104702776836
541c632f-7dd6-41b4-9342-c7b54f3720b6,paid_brave,0.8599078341013825
15b42d8a-31f9-47e0-88f1-8919c53fefba,paid_google,0.8805825242718447
ac959d2c-3d5d-46a7-b2c7-e7da6cdac34d,specialized,0.5536876059264119
d9cd5a69-6902-4880-b0e5-fdcecfcb48bf,paid_other,0.8809756097560976
926dc624-bc88-4c11-bf93-78f33efc43cd,paid_google,0.8909871244635192
04f32696-5534-40f6-af39-ce76be29fd82,paid_other,0.8358974358974359
dbcf6a51-20a9-40c7-a5f0-c539f06170c8,neural,0.5585339443996777
07b5e1b9-ba79-48f2-9209-59012445cb46,original_free,1.0
c5483a53-c722-4583-a16c-46b58f23f324,specialized,0.6703509775009279
d991bc4e-9536-447d-9d76-ce0788c1f962,specialized,1.0
c3c5b697-5609-4713-a440-3d38db62d6ac,paid_brave,0.8264464999759117
1b7d9fbc-5bf7-4fec-b737-8d9f560535f0,paid_brave,0.8333333333333334
a4a00ce0-bd5d-48b9-9115-95d6ac84dea0,original_free,1.0
b5590d05-9b04-4e2a-92db-c5e9ae1193a7,neural,0.6035439408573736
cee8284a-4926-4699-9511-ba70eb36db58,specialized,0.6694177225324767
25a7f8be-342a-4fcc-bdb5-2b1b8027639b,specialized,0.6347826086956522
0a179a47-5a4c-4b2f-ad83-0714fcd32802,neural,1.0
5c0a23e7-9e86-470d-9333-6742c111791b,paid_google,0.7236552544515074
c6236195-7c48-4ce3-bb31-92b7ed07bd96,specialized,0.6080246913580246
1afc4490-367c-491d-b355-4547ed98af20,neural,0.6611387786639852
e077183f-1926-4f72-bce4-af5449f42753,specialized,0.6487281005306084
448e0fc0-b3e8-4172-85a6-200305eeb55e,paid_google,0.6546191646191646
75ac6791-8ff4-4fe9-9ce8-263f024fac03,neural,1.0
9f1c4b6e-10f9-42c6-9143-a888c92c59a7,neural,0.452187440737059
f250ada5-7ca8-4259-83ae-404e17423998,specialized,0.6328899321857068
fa04b794-1a4e-4ef0-805e-3ee41ca9b71c,neural,0.5988037182830208
7b673e20-1fe9-4c5b-897a-d9fbe3a4911c,paid_google,0.6892719925808161
deee9f33-9672-41d1-ab6f-994b8e41738f,specialized,0.6324675324675324
bedb0e86-d1b2-4ba0-9433-a83a1b6d67ae,paid_brave,0.886021505376344
6e800075-7e9d-4b89-bcd7-5689ed58a73c,paid_google,0.8777777777777778
8314dd00-63db-4381-a46f-99288f1977c6,neural,0.6252012882447665
02fc1e93-26d3-4eed-a32e-23243f9dde04,paid_google,0.880593220338983
6765b9d2-9b64-4a2c-aeaa-95e339e806b4,paid_brave,0.8087912087912088
bb83c6dc-b113-4c37-bf2b-007738d0da77,specialized,0.6258356873822976
a9b090ca-3918-42ab-aaaa-7bc608b3bd39,paid_google,0.5966232095264353
d803118b-4a57-4304-803d-6f27e2cf167c,specialized,1.0
c543c071-7421-4fd4-87a5-9d5c7db6f7b1,paid_google,0.8377561604344146
078375dc-4a8a-4dd7-8b2f-2df9ef3dc009,paid_google,0.6889380265514787
121471e2-68bc-4724-9c88-ae5d8b7cb005,original_free,1.0
0d25eaee-5561-4d33-ad7d-d5a69f6aa823,neural,0.6074951192598251
f10ccd76-12be-4457-972b-18edffca5ff2,paid_google,0.5392106453579687
e077183f-1926-4f72-bce4-af5449f42753,paid_google,0.6148334661052312
e8d0ffcb-c7a0-498b-99ce-f013de3473f6,paid_other,0.7931481481481482
a6e89d57-fd2c-4fe5-9e57-bd449969c4c8,specialized,1.0
71afc7ef-6a47-4ec1-960d-9100a35b3ebb,original_free,1.0
a32d8a79-ca0c-4749-b929-3c91a939176a,paid_other,0.7827146368336299
03f35ad2-d6f2-4236-b6c5-00ccec5170e9,paid_brave,0.8390418067837423
9fd41c25-3e2f-4bba-abd4-c7a2bb32d723,paid_other,0.872316384180791
14cd39de-3fd3-400e-8ded-4ac62a4449c4,neural,0.5973135347328896
a04e2ee1-79b7-4af2-929c-c6fef79e3a4c,specialized,1.0
3a216269-db7c-43f0-83fc-5492401724ee,paid_google,0.7430002234174147
92464d9f-bb8a-45a3-972e-034ef276e378,paid_brave,0.7531288156288157
86ef4491-f1ee-4d64-bba9-080f803b0083,neural,0.5957290132547864
3857e0e7-b5f1-4a36-a13b-262d80162061,specialized,0.6373626373626373
51acbb91-93a5-4828-8fd0-160941e54092,paid_brave,0.7169418842805939
e7d85af9-38f6-49ef-818c-be771b645ed5,paid_google,0.6515621329574818
6b15798b-45e9-44f4-bbc2-003866d3c063,neural,0.6540687214713711
777905e2-d1b9-4699-9cc2-9d00a0e23e60,paid_other,0.6375545089830804
b0b7a170-2120-4dac-aef6-4309a0088247,paid_brave,0.9444444444444445
4e7d0fa3-9fa7-4971-a6e8-3ad0e4bf0388,paid_google,0.7877616747181965
86122e62-49f9-462f-ad15-5cc48e1fe7b2,neural,0.5667654790552921
72b0145e-249c-4258-ac35-a651a305f87f,paid_other,0.6172874928688882
3ddf4189-b401-4583-b3de-18eda8178e4f,paid_other,0.549906629318394
4b9df8f2-e4ee-4e76-aa4c-fbef17e78372,paid_brave,0.884263959390863
0a7fdcde-1509-4732-8d14-c330585f6cc9,neural,0.5953923603545749
159fb71f-42c6-4cdc-9977-4b0c6748579d,paid_other,0.6020703408075069
1553a1a5-d9d9-419e-90a5-1fa6a48bd4e2,original_free,1.0
7aecaf40-8f51-45cc-a554-eef092c40dc5,neural,1.0
e4601fd7-48d0-453c-b98f-4a0aa449740b,paid_google,0.8816479400749063
e077183f-1926-4f72-bce4-af5449f42753,paid_other,0.5825674480846895
9d2375b8-5734-4b60-a8b8-fb15ad5fe2b7,paid_google,0.666335978835979
d0dacb59-cadf-41f8-9bb6-e6f2be6b3a5c,neural,0.5872132253711201
065cfc03-c130-4846-9a18-b857a5765fe3,paid_other,0.6384615384615384
cee5e9a5-1b3d-4f10-9251-ceba550e202f,paid_other,0.6345911949685535
b25f17a1-ed6f-426c-887e-524370f28f54,original_free,1.0
841172c0-7c8d-4153-9e7e-f6385eabe47a,paid_google,0.791111111111111
401c7553-e71f-43b8-84eb-2ffc0c258c4d,paid_google,0.899056603773585
4d27a4b0-eef8-4761-ba91-8abd44cfafe5,paid_other,0.85
8dd60a11-c54a-4593-84b7-e98c758222a5,specialized,0.557657224323891
f81d3b7e-8e65-43ac-befa-76aa2fd665b2,paid_google,0.6337076140997709
c8beac48-c90f-435a-9d65-a5adbcfde88b,paid_brave,0.710370247964233
86ef4491-f1ee-4d64-bba9-080f803b0083,paid_other,0.5304362304362304
d5e9a5ea-f384-4e4a-823e-1df377413093,neural,0.0
f3929c3a-d25b-412d-9c92-b51f0862a408,specialized,0.563095238095238
0b9624d1-741d-4c53-9cae-a0216a0b80d3,paid_brave,0.7661782661782662
6304e95c-30c8-4e11-aea3-38233a79ccc1,paid_other,0.9585365853658537
f58b0287-c317-49b2-a579-1d4572bd20b7,specialized,1.0
e3790259-51b5-40c6-bda5-7064f09b09c8,paid_google,0.8762790697674419
6ac7d769-520f-4e69-8ca7-ee2aa2fbbd38,specialized,1.0
e43cd97d-2689-4ec1-b010-25771fd1525a,neural,0.6018806114017141
17ea1326-b8c3-4859-ae9a-c6412f38f1e0,neural,1.0
07b5e1b9-ba79-48f2-9209-59012445cb46,paid_brave,0.9351851851851851
57f5c239-0067-40f1-bb38-ff36e90336f9,paid_google,0.85
f9f8c48c-42b3-4d41-bbba-fdc274484fa7,original_free,1.0
a7ac9a6c-bc6b-40bc-9ecf-41e74d2fefc0,specialized,0.5960106316913829
770a5344-2ea6-4256-a2fb-bbfb902af62e,specialized,0.5246744720428932
4f1befd3-32bc-486e-9b48-8be7124d9bca,paid_google,0.6667681251321073
f5dea594-6512-4cf1-a421-099115e0e13c,original_free,1.0
d15f0910-85d0-49de-9a87-cd8b65e203c9,paid_google,0.798611111111111
d7d80579-fe4b-4e1a-8509-16712ae4e5b7,paid_google,0.7242424242424242
3afcb934-c8a9-40ca-8b34-f00a26cf0753,specialized,1.0
422a18d3-971e-4a2f-bb0f-e0bca5fc641c,specialized,0.5700267985982271
b43a8783-0b36-47d2-8475-6d0b62c484e7,paid_other,0.896551724137931
3e907bf1-1860-45a3-8c78-38a7ce91f2fa,paid_other,0.6369258623975605
fb59a507-2cf0-4008-8997-46dac60d88a7,paid_other,0.7227224293196516
a0760b36-ea78-4ff0-a418-a29dc6a1a989,paid_brave,0.8095238095238096
77b2d06f-36f3-4baf-8a0c-b5200e288437,neural,1.0
b6e1d605-7b61-4203-8fd7-af27c1d6b887,specialized,0.6355158730158731
7e796f15-eafa-4318-bdf1-65ac269dd347,original_free,1.0
26c97e89-5440-43ef-9cca-3088c179a843,paid_other,0.605785331771176
9c894a00-08e6-49a8-bbc2-d696fb090186,paid_other,0.7251458795841371
e3cb0d83-0836-42c5-8de9-14dc755d2b88,paid_google,0.6314461361631173
1a9dde98-62bf-4200-90c8-96fa7e5f258f,paid_google,0.7280701754385964
445116d6-60ac-43f4-9e32-8194e6c8c064,original_free,1.0
03f35ad2-d6f2-4236-b6c5-00ccec5170e9,paid_google,0.6556762413905272
a3333df6-55b4-46e3-ab29-aca3a63dd05b,paid_brave,0.7145481550969356
c6363790-df2d-47f1-8b59-849c8f3be311,neural,0.4556277056277056
e7737246-539a-4ee7-aa0e-b9ab91e4178e,original_free,1.0
a3333df6-55b4-46e3-ab29-aca3a63dd05b,paid_google,0.6002177583924997
ee1fa91b-f40a-4a6a-bcf4-fc8d0345bacc,paid_other,0.8450704225352113
9f80ea09-9c4e-4657-8997-ec85dcd205c1,paid_google,0.5953847417262051
0b2d081c-ffaf-48c3-9edf-0e52b2977a51,specialized,1.0
dab294f7-a79d-48f5-af95-eff5ef9fab6e,paid_brave,0.9495145631067962
f58b0287-c317-49b2-a579-1d4572bd20b7,paid_other,0.88
9ce4833e-d1d5-491b-ab4b-a825e878e08e,paid_brave,0.852991452991453
75629b0c-dbae-4aed-acc9-625768dfc6bc,paid_other,0.6825588837685612
55aa7be1-92e3-4e2e-bce8-0e2a1401cff1,specialized,1.0
209942f8-127b-4501-84ab-d2237b2db44c,paid_other,0.5603354978354979
eb4912a1-715d-441b-bd84-c0d533b96038,original_free,1.0
ba915f64-fe99-44e5-b19f-a63c51035e83,specialized,0.5940281940281941
294d61f6-f5c1-4b54-bf10-8b860d7cfae2,original_free,1.0
da2b7444-d758-4b02-b039-517403c885a9,paid_brave,0.8611538797241861
4f87a47e-10e3-454b-a9eb-38ee37248304,original_free,1.0
422a18d3-971e-4a2f-bb0f-e0bca5fc641c,paid_other,0.6430756618110248
770a5344-2ea6-4256-a2fb-bbfb902af62e,paid_google,0.7839506172839507
ce9587cf-af16-4170-ba70-dc266b341c1c,paid_google,0.6888782722116056
08d0fb2a-aa2d-4883-81af-c9c77c23c2cb,paid_google,0.6231279358938934
bd4876b2-7093-43d3-9c3c-a4bdaa2c7f90,paid_google,0.8795918367346939
10205441-53b0-435c-92fc-aedb6b6825af,neural,0.5384334672730043
aa685ba9-aabd-4fcc-833a-6ddb056b8f79,neural,0.5894921075226208
726e1cd3-c21b-43a5-b2e8-397cc72123b1,paid_brave,0.8496732026143791
607d4fb0-0f25-4f81-9b97-95c7a89010c0,specialized,0.6383538078351908
46e10105-8e18-4f03-a97f-43e9b3db206f,paid_brave,0.920300591427352
26c97e89-5440-43ef-9cca-3088c179a843,paid_google,0.7538840788840789
2f1e95d7-c8ec-4802-b6a6-891315aa1704,paid_other,0.8964285714285715
81ec9b66-c95b-419d-94f1-1efdb05cd272,paid_google,0.887292817679558
f53754ef-9c4e-482f-84d3-9bd0a6a8c892,paid_brave,0.9303030303030303
d20cf5fd-c775-468e-92a8-85d12a0ac794,paid_brave,0.924731182795699
849c7c61-5a28-46bd-af07-62b062c027c5,neural,0.5872132253711201
926dc624-bc88-4c11-bf93-78f33efc43cd,original_free,1.0
9e1919c5-87a4-48e0-9654-191555496b82,paid_brave,0.8364779874213837
e5fa39dc-01ae-4a7d-9da8-5daa8aa4f5a5,original_free,1.0
078375dc-4a8a-4dd7-8b2f-2df9ef3dc009,paid_brave,0.7323763955342902
7e796f15-eafa-4318-bdf1-65ac269dd347,specialized,0.49810298102981027
38d79892-cbe4-4f5e-a368-d21f269d33fd,specialized,1.0
f136a4eb-5426-49c4-88f8-e3e7879a0af9,paid_other,0.6108499804151978
e21f8086-87e6-4c67-a7e5-f6b63d831342,neural,0.5597909035409036
b7b479b4-eb09-4892-8af8-e88a040f3d4b,neural,1.0
4f89645d-d128-4031-9eaa-3a7d6648df23,paid_google,0.8581818181818182
278436f3-c5aa-4573-ad03-d8d814aed9df,original_free,1.0
3ddf4189-b401-4583-b3de-18eda8178e4f,paid_google,0.5640937417955202
c32c82de-a06a-47a2-9b5b-2140026dd918,paid_brave,0.8683229813664597
1ad7cac7-6dc6-41dd-b976-393163ac7800,original_free,1.0
121471e2-68bc-4724-9c88-ae5d8b7cb005,specialized,1.0
dcf31214-d851-4293-a066-f17b7fc4c078,original_free,1.0
31d33787-f98b-4632-b7d0-1a8cdcbf4a30,specialized,0.6858452050232872
1674d04e-d964-43c3-956c-1e200a89cce3,paid_other,0.5850228236501634
67488f96-0d49-4d3a-ae68-84a8934414b8,original_free,1.0
b824c63a-a310-4f94-aba4-c2e5f1328d9a,specialized,1.0
a6852220-b12f-49b8-b5ce-3729edf2bfce,original_free,1.0
887d7b7e-3572-47e4-b2ac-d06b8dcbea78,paid_other,0.8781725888324873
b68dc359-db51-4025-a2e6-652627036ad5,original_free,1.0
706e25f2-220f-4525-acfb-4151cd967cc4,original_free,1.0
ea0bc351-df32-4176-8749-e3042d30adf6,neural,1.0
57f03947-852c-4a2f-a974-b8a3b6905c5b,paid_brave,0.8014184397163121
1b7d9fbc-5bf7-4fec-b737-8d9f560535f0,paid_other,0.912
8fcd43ce-bee1-4ed1-909c-4c5176f0ba6f,original_free,1.0
a1335ec1-3c6d-4efd-a6a5-b91e84a6797a,paid_other,0.8769230769230769
3d41e1b5-3913-43ee-ae79-284ff3c359e1,specialized,1.0
989b7ca5-a0f8-431a-a3f2-4c1ac6e0ed59,specialized,0.5922890103217971
4e7d0fa3-9fa7-4971-a6e8-3ad0e4bf0388,original_free,1.0
6db30215-290b-4619-a880-07707854c0c6,paid_brave,0.8592592592592593
d3d39102-4e52-4653-83a8-be5e15cc24a8,neural,0.5769005847953217
1559aa8a-8a05-4d7a-abde-b98f2d1f463d,neural,0.6279639595564253
fd6b676e-8705-4e3e-8ecf-ca6eac2d058e,original_free,1.0
c5483a53-c722-4583-a16c-46b58f23f324,paid_other,0.8621792576679794
b7b479b4-eb09-4892-8af8-e88a040f3d4b,original_free,1.0
faab9864-fe9c-4eff-adcb-9ab2b7c7cb6e,paid_brave,0.8884615384615385
982729e8-04d2-46be-9a26-7ff85937a2a3,paid_brave,0.8889908256880733
e3c7095c-79d4-4bd2-b2ec-2b0c0badbf5d,specialized,0.6162536957768854
a6e89d57-fd2c-4fe5-9e57-bd449969c4c8,original_free,1.0
8369c3a3-545a-43b2-b435-97dfd96c7de2,paid_brave,0.7563742268660302
65c20585-e865-4706-a1b9-50ae4ccba6d3,paid_google,0.6148765432098765
7680d93d-7317-4b91-a53f-9d31db3bb5f0,neural,0.6705425212580433
9b50f5a7-0513-447e-89d2-ba4fb7e67a62,specialized,1.0
acda7041-07c4-4add-bf68-183203e3dbf9,paid_google,0.72991452991453
b43a8783-0b36-47d2-8475-6d0b62c484e7,paid_google,0.6268945868945869
51897f66-9e4b-4f3f-9ce3-01212ce18926,original_free,1.0
e9784d46-6eac-4acf-a575-0525f4187772,paid_other,0.8837209302325582
524f85ab-7574-4bd1-a225-b2b8bad8a6e2,original_free,1.0
98cf6e4a-b943-4a23-9639-0240ad7d76fd,neural,0.5454144620811288
1ede234a-9e13-48ee-9e3d-dea67eeb8871,specialized,0.7774536058256989
946efcc6-9bb8-4805-98df-789e2c17a5b1,paid_google,0.5516197783461211
08e3dda3-bea2-4793-8f91-be14333af84f,specialized,0.6005257480691006
23274dcc-cc03-4a1b-926e-300d7bc1f82f,specialized,1.0
b3bf8bde-f024-4b6d-bd4c-4d3449861976,paid_other,0.8624786218568952
b6e1d605-7b61-4203-8fd7-af27c1d6b887,paid_google,0.6686106291369449
13178e4d-506f-45d4-a984-5fa3c84f205a,specialized,0.6791297543113631
23cea32b-0ff5-46df-be99-d95ab67015f6,paid_brave,0.7397660818713451
8369c3a3-545a-43b2-b435-97dfd96c7de2,original_free,1.0
bb281ca9-26c6-4882-ac99-ed7a296e0d04,paid_google,0.9112426035502958
a8bcb6ef-bce8-44f0-81f4-4b12f4e40c67,paid_google,0.8788732394366197
92b70a13-752e-40c0-8267-2ac79ca5b214,paid_google,0.841333121104894
e3db200a-81f5-4522-bf01-6a605ba9581d,paid_google,0.6988526294712107
ef853143-54bf-4a93-8a94-c543dec24e89,paid_other,0.7861868970216778
51acbb91-93a5-4828-8fd0-160941e54092,original_free,1.0
77b2d06f-36f3-4baf-8a0c-b5200e288437,original_free,1.0
d991bc4e-9536-447d-9d76-ce0788c1f962,paid_other,0.8707070707070708
fcde020f-afc2-4318-8d2a-5065907f020e,paid_brave,0.8540000000000001
942292d8-73f6-41f1-bb50-c56a365ca196,original_free,1.0
92464d9f-bb8a-45a3-972e-034ef276e378,specialized,0.7609935897435898
c2896bcf-dcfd-41a0-917f-d3095b575f81,paid_brave,0.7011665197001005
899eb188-05ce-49ec-ae12-83b8c61cce5e,paid_other,0.5764303959131545
be68cc93-8fbe-4d8e-99f7-0fff0ad9acaa,specialized,0.6310835729329617
0a057781-bdf2-4f0b-9ea6-28bce8d08679,specialized,0.6917322255716493
500cb1b0-b0c9-46e9-8961-f4dd06945140,paid_google,0.7323423993253214
b0b17244-af3f-4678-ad9f-bba4b71dcfbf,original_free,1.0
401fe955-f6ef-492d-a3a7-cdafa1ecc468,neural,0.5939607233724881
ce9587cf-af16-4170-ba70-dc266b341c1c,paid_brave,0.907103825136612
dab0a67d-0380-4131-b901-2b6ae66e06d1,paid_brave,0.7478949329359166
792d85ca-7785-4d20-aa5f-91cb8056fe51,paid_brave,0.6072768122400475
0cecc4ef-f05b-4253-8240-6f3d49501026,original_free,1.0
4eabe5e1-1a8a-4692-87ac-942b2f5e9488,specialized,0.8785432207108381
31a8738c-5d51-43f2-8539-6e3ccb788939,neural,0.5260116320328289
fa82bdf3-de68-408b-9488-bdceb6f04ffd,original_free,1.0
20157b1a-a4a2-42d5-94fb-b25b1d6faebc,paid_other,0.5908369408369408
8a118083-ba42-422c-903c-0324ba87854f,specialized,0.6037765293383272
08142df9-4005-4840-9b7d-8cba94da0494,original_free,1.0
6ac439a3-ca36-421e-a4a9-778fb1e9538f,neural,0.5872132253711201
ef853143-54bf-4a93-8a94-c543dec24e89,paid_brave,0.6491622027697935
0a9c269e-5c8d-4125-9165-bf2f57cbb059,paid_brave,0.780071025994939
1a42782a-4b23-4f5e-8782-ac26e2bd2b49,paid_brave,0.810283517731858
0b9624d1-741d-4c53-9cae-a0216a0b80d3,specialized,0.6489242829605714
ccb7bd82-30cb-4954-9a8d-0b93afbe1462,specialized,0.7923290121792829
7fe156f4-f1f2-448c-a12b-d2177e045abe,neural,1.0
1072a343-7d01-44b6-83d2-ab297aa54dd9,paid_other,0.851851851851852
25383109-3d4d-4a61-9183-20af84162fb9,paid_other,0.9252537313432835
500cb1b0-b0c9-46e9-8961-f4dd06945140,paid_brave,0.9302325581395349
b221a7ab-29d2-4ae3-927d-7d13147ae5ed,specialized,0.6627869903870037
ebcc4130-770d-426b-9939-caf97419af9d,paid_brave,0.8343668602289291
92464d9f-bb8a-45a3-972e-034ef276e378,paid_google,0.645345596432553
b6cb0e8e-e2a9-470a-af83-b61a5a4930a9,paid_other,0.5949594385197339
41358de3-5cdc-4bbf-9f82-aff021650f35,paid_brave,0.9827586206896551
5dd7a25e-c62b-4c98-a387-254f206555c4,specialized,0.861195044055358
2a0dc77b-8928-4fc5-ae82-04eaf5dabde0,original_free,1.0
af9808ff-13cd-41fd-9222-ff548cd13f66,neural,1.0
7e796f15-eafa-4318-bdf1-65ac269dd347,paid_brave,0.8205128205128206
fa427d9f-6b56-452f-9d2d-9cfd4f5d647f,specialized,1.0
082236f4-68b8-4781-b25e-93591178d839,paid_brave,0.7608124789585905
14cd39de-3fd3-400e-8ded-4ac62a4449c4,specialized,0.5973135347328896
e077183f-1926-4f72-bce4-af5449f42753,original_free,1.0
86baff84-baf8-4c05-9288-ddbc4f4f1938,specialized,0.5908919123204838
8c2270dd-d2c3-44b5-9590-9b5e90d2c3f4,paid_brave,0.7417532879390688
f86682f5-30e6-4c9f-bc5c-6998d2ab5dbc,paid_google,0.8434371033967899
1072a343-7d01-44b6-83d2-ab297aa54dd9,paid_brave,0.851851851851852
71afc7ef-6a47-4ec1-960d-9100a35b3ebb,specialized,0.7818224378617638
5f837868-5f48-47c1-a9ca-620fdcea6f55,original_free,1.0
c6526e72-828c-4769-ae14-43b04bf629cd,paid_google,0.6
dab294f7-a79d-48f5-af95-eff5ef9fab6e,original_free,1.0
7be9367d-1c08-4a16-b081-4845bdbb5a4b,paid_other,0.9217391304347826
eec7a420-f678-4331-a5c0-4349ca145d8a,paid_google,0.7839506172839507
4ccd808f-d969-4018-8f65-65b780b10991,neural,0.6540687214713711
af462d06-7c39-4545-9069-e8a4d6889806,paid_google,0.7771796190677902
5ab89d3a-625c-429c-a8a7-3f9aff30d21c,neural,0.652305199587568
7cc0100d-8f47-4eac-9df2-907791e3eb64,original_free,1.0
7740fb15-17b7-4983-9e1e-3284340e24f1,original_free,1.0
0b04d220-451b-463b-9a92-2c32bc572d4b,original_free,1.0
6ac7d769-520f-4e69-8ca7-ee2aa2fbbd38,paid_google,0.8787878787878788
c2896bcf-dcfd-41a0-917f-d3095b575f81,neural,0.6341167383868477
065cfc03-c130-4846-9a18-b857a5765fe3,paid_brave,0.8633879781420765
334a6e3e-ae22-43b8-aaa6-e3a3963099eb,specialized,1.0
f53754ef-9c4e-482f-84d3-9bd0a6a8c892,paid_google,0.8163385008758378
c01152b1-17db-4800-9406-c8fb8ed73fbe,paid_google,0.8846153846153847
4083d219-574b-4765-91ee-2cb8dd0494ac,paid_other,0.5093808630393996
a0760b36-ea78-4ff0-a418-a29dc6a1a989,specialized,0.5419170904607798
d5fb4f99-04b9-47ba-b146-d170da7f23ea,paid_brave,0.8742857142857143
db1c0b1d-c8ba-45ed-b5f0-5ca49221ba89,paid_google,0.8531463046757164
b56d74c4-6158-4087-ace2-91848c70cf3b,paid_brave,0.8421443537542609
e5fa39dc-01ae-4a7d-9da8-5daa8aa4f5a5,neural,0.6025397247242972
159fb71f-42c6-4cdc-9977-4b0c6748579d,paid_google,0.7027945350047776
a0a953aa-0887-4090-9cd4-838ce67657dd,paid_google,0.8741935483870968
f9afc108-65de-469c-9d36-33726cb128d2,paid_other,0.8666666666666666
a0760b36-ea78-4ff0-a418-a29dc6a1a989,original_free,1.0
1559aa8a-8a05-4d7a-abde-b98f2d1f463d,specialized,0.6279639595564253
294d61f6-f5c1-4b54-bf10-8b860d7cfae2,neural,0.719162826420891
a0760b36-ea78-4ff0-a418-a29dc6a1a989,paid_google,0.8688524590163935
ce9587cf-af16-4170-ba70-dc266b341c1c,paid_other,0.7270240019898022
dac3c153-3186-495a-aebc-09ab5949fb21,paid_google,0.9040400775694893
b2c0632e-d1b4-4928-a760-46e9b4377393,paid_brave,0.7132702920838514
833ffff7-3926-4a78-82ee-578294550e52,original_free,1.0
e9187378-12a6-4bfa-a6e1-0338ea9bcd57,specialized,0.6202702702702703
f79a2bbf-5739-4b2e-8741-c2592d2bcc8e,neural,1.0
b61a8ced-cd6d-4d40-a811-ab3ccf1dbed8,original_free,1.0
a04e2ee1-79b7-4af2-929c-c6fef79e3a4c,original_free,1.0
20157b1a-a4a2-42d5-94fb-b25b1d6faebc,original_free,1.0
cd2bbf76-c80e-4010-bfcb-07e6b0b76070,paid_other,0.85
d3d39102-4e52-4653-83a8-be5e15cc24a8,specialized,0.6247008547008547
401fe955-f6ef-492d-a3a7-cdafa1ecc468,paid_google,0.6273954803366568
6310b0f1-bd46-46d7-b94a-4aec48d22452,paid_google,0.6477835723598435
07b5e1b9-ba79-48f2-9209-59012445cb46,paid_google,0.6364471203551664
706e25f2-220f-4525-acfb-4151cd967cc4,paid_google,0.6276195745011258
7d06f413-dd66-455a-8662-b1b7802f0189,original_free,1.0
da2b7444-d758-4b02-b039-517403c885a9,paid_google,0.6737080797231173
81ec9b66-c95b-419d-94f1-1efdb05cd272,neural,1.0
b6366318-03cb-426c-a879-118838619933,paid_brave,0.9404761904761905
749f432b-3519-4529-835a-3e39618570f5,paid_other,0.6612700505383432
16cfad6c-8311-4309-b7e8-37e8540a5e4f,specialized,0.5558649086874893
6299675b-d32f-484d-a247-a80439860f1d,neural,0.6258356873822976
0491dcc1-ddd2-4bf1-84dc-3f2634f5de47,original_free,1.0
8acf41bc-af62-4f54-9d08-76aa3ebf8bc9,neural,0.5765439125975899
7b673e20-1fe9-4c5b-897a-d9fbe3a4911c,neural,0.5548382483866354
7deb83cb-f09a-4a97-9981-67d52caceaad,paid_brave,0.8466491496342243
7aecaf40-8f51-45cc-a554-eef092c40dc5,specialized,1.0
ba6dc6b6-dbf7-4588-b83c-1c1becc97eae,specialized,0.6039572914185917
b26a2c1c-c944-44d7-aa7e-9d857de7e03e,paid_brave,0.869811320754717
e991815f-170a-4ebb-b8c7-30e2a66653c2,neural,0.657583833000222
734d4d33-e64c-4d3e-8e12-c8dd75baef26,paid_other,0.8031898656898656
08142df9-4005-4840-9b7d-8cba94da0494,paid_other,0.6830604880996818
620b01e4-0bd3-45a1-8e2d-4c9cfd165dc5,paid_google,0.7121610972674803
d6f5ebc3-5a11-461d-9848-9a7f48bb9538,original_free,1.0
b6e1d605-7b61-4203-8fd7-af27c1d6b887,neural,0.6355158730158731
1afc4490-367c-491d-b355-4547ed98af20,original_free,1.0
23cd58af-a8fa-488e-8bae-ef479fdf5cbd,paid_brave,0.8510528541226217
e991815f-170a-4ebb-b8c7-30e2a66653c2,specialized,0.7220327541779907
18db6b8c-c80d-4ca0-800b-f6ad19687874,paid_google,0.8330273036582967
e21f8086-87e6-4c67-a7e5-f6b63d831342,paid_google,0.6171428571428571
770a5344-2ea6-4256-a2fb-bbfb902af62e,paid_other,0.9027027027027027
2a0dc77b-8928-4fc5-ae82-04eaf5dabde0,paid_brave,0.8283166109253065
3a216269-db7c-43f0-83fc-5492401724ee,paid_brave,0.8184998086490625
dbcf6a51-20a9-40c7-a5f0-c539f06170c8,paid_other,0.83125
3ddf4189-b401-4583-b3de-18eda8178e4f,original_free,1.0
212bed68-e98a-403f-bc52-3169caf47dbc,specialized,0.599677394278607
ddbcf1ca-318b-4c3d-97df-ee016727d260,original_free,1.0
e865c771-ff8b-4b77-b6d0-a55003f1fc4d,specialized,1.0
f1241f01-05a8-49b8-82df-744fcee2c295,original_free,1.0
f068e3b1-bdc4-44f2-8aa8-05da1ab7e2f1,original_free,1.0
f614a284-2bf0-441b-b1c3-b7a2e36afa17,neural,0.5701463254094833
6d916c99-937d-4ed2-8f5f-dec6c90e4369,paid_google,0.6305939865592621
d6f5ebc3-5a11-461d-9848-9a7f48bb9538,paid_google,0.8797148772154243
1ede234a-9e13-48ee-9e3d-dea67eeb8871,paid_other,0.8640046296296297
f526f110-bb06-42c0-bc05-0b68e4e4c976,neural,0.6804791912496966
043800f7-15a3-429c-a376-563dba27306b,neural,0.6382284382284382
23cd58af-a8fa-488e-8bae-ef479fdf5cbd,paid_google,0.7394902793158608
fd6b676e-8705-4e3e-8ecf-ca6eac2d058e,paid_google,0.8838709677419355
445116d6-60ac-43f4-9e32-8194e6c8c064,paid_brave,0.7517975784596556
7842beca-0867-49fb-bad7-20b348e9020f,specialized,0.8126732174351222
2c131c81-99af-48ca-9b9a-b32c9c959d79,paid_other,0.7943347751618428
e3cb0d83-0836-42c5-8de9-14dc755d2b88,neural,0.5919628050225065
b77e4720-af5c-4a92-bccc-7b52aa4d9819,neural,0.5262517607888334
074ddc77-e0a4-46f5-826e-0a6868e6d787,paid_brave,0.746031746031746
8a02ae9c-8c1b-49ba-ad34-9e26e6295611,specialized,0.7001487793331981
ef853143-54bf-4a93-8a94-c543dec24e89,paid_google,0.6553155142718263
e1f59c4d-2a45-4ae0-8a36-6f3cb897b53d,neural,1.0
29998019-40f5-4757-a30d-059fa8782236,paid_brave,0.7732056241173941
23cea32b-0ff5-46df-be99-d95ab67015f6,neural,0.620015347569527
6d916c99-937d-4ed2-8f5f-dec6c90e4369,neural,0.6229196501988188
dcf31214-d851-4293-a066-f17b7fc4c078,paid_brave,0.8783505154639175
66e51f4c-2b98-4de8-a74d-b394c238bab3,paid_brave,0.8533239656518345
10205441-53b0-435c-92fc-aedb6b6825af,paid_brave,0.9292929292929294
1a9dde98-62bf-4200-90c8-96fa7e5f258f,paid_other,0.6666666666666666
5e441852-2609-45e8-9953-f93e90a60596,original_free,1.0
e2465754-e157-4a70-89bf-c18f65aa111f,paid_other,0.6722555889222557
3bbdf982-3527-4b8a-9c40-59b4ee575b46,paid_google,0.6794976460284334
e54874db-e3b4-4824-9ba6-c13b57041834,neural,0.6171893147502904
082236f4-68b8-4781-b25e-93591178d839,paid_google,0.7897304376610106
2508b6fe-faf2-4557-ae11-276c2eaf4442,paid_brave,0.851851851851852
2d8d7be9-318d-4b8b-8a5e-41216db148c7,paid_google,0.6566264653221174
39e14779-b329-4d7c-b376-f587d6ff6c89,neural,1.0
e2465754-e157-4a70-89bf-c18f65aa111f,specialized,0.7080246913580247
08142df9-4005-4840-9b7d-8cba94da0494,neural,0.602302207925856
ce9587cf-af16-4170-ba70-dc266b341c1c,original_free,1.0
4973464b-94f0-44b1-871f-ea7332e3a647,original_free,1.0
c01152b1-17db-4800-9406-c8fb8ed73fbe,paid_brave,0.8846153846153847
c08937e0-ae20-4521-998b-c834142760be,paid_brave,0.9351851851851851
67991401-195d-4190-b2be-061a1de9ebf2,specialized,1.0
f85c89c2-8c53-45b8-91a8-6d1a7e6c455e,original_free,1.0
e4ca8da0-389a-4f60-8b0b-35a1c2125d80,paid_other,0.737037037037037
4ccd808f-d969-4018-8f65-65b780b10991,paid_brave,0.7991810473918477
2ac8bbcd-4855-4f39-b339-60b095d8ed7a,specialized,1.0
3bbdf982-3527-4b8a-9c40-59b4ee575b46,specialized,0.7031645569620254
b43a8783-0b36-47d2-8475-6d0b62c484e7,original_free,1.0
942292d8-73f6-41f1-bb50-c56a365ca196,paid_brave,0.8166739076464746
deee9f33-9672-41d1-ab6f-994b8e41738f,neural,0.5272175536881419
dab0a67d-0380-4131-b901-2b6ae66e06d1,paid_google,0.6675617535791113
dbcf6a51-20a9-40c7-a5f0-c539f06170c8,paid_brave,0.9587264150943395
2a0dc77b-8928-4fc5-ae82-04eaf5dabde0,paid_google,0.6431489414540262
1d6a40ad-7c5c-40d0-b87d-0ca1072cc041,paid_other,0.6787850418682062
84558946-4199-41a9-a4c5-74bd1081a32c,neural,0.6237472766884532
ebab61ff-dd0a-4104-ad22-711b3ee3485e,specialized,0.6920858092238422
9c894a00-08e6-49a8-bbc2-d696fb090186,original_free,1.0
759ac087-8c4a-4832-96ca-bb52df6e3362,paid_google,0.5841269841269842
6baf1b6a-84f5-456a-816a-4f1a0509fcfa,paid_google,0.8370960766141489
f10ccd76-12be-4457-972b-18edffca5ff2,neural,0.56509252674663
a84723d3-1e70-487a-ba0e-4d7cbefff6c5,original_free,1.0
cdd8ec3f-5799-48ca-a0ad-f66027e7e5c4,original_free,1.0
d1dd16dd-d3cc-4c41-923e-f2f5836a2503,specialized,0.5900797593420544
da625182-a1bb-433e-9ade-d49fd3e884a5,original_free,1.0
f250ada5-7ca8-4259-83ae-404e17423998,paid_google,0.7964504241412877
f7777528-3226-4fd2-b0f2-d31bb8e9a145,neural,0.5713514382869221
f62ca042-85c6-4743-b423-06a24bae2b8b,original_free,1.0
e06459d9-ddc3-4b65-84f6-04c60634fa4b,paid_other,0.9287671232876712
b1329783-79c7-4de3-9be8-73be853a7a41,specialized,0.5824584291779678
55aa7be1-92e3-4e2e-bce8-0e2a1401cff1,paid_other,0.8866666666666667
422a18d3-971e-4a2f-bb0f-e0bca5fc641c,neural,0.5878618113912232
5229f521-bbb6-4856-8d90-bcb281430eeb,specialized,1.0
b06348e2-05ce-4b0a-bce5-724494461b13,original_free,1.0
065cfc03-c130-4846-9a18-b857a5765fe3,neural,0.5947532364644664
6e800075-7e9d-4b89-bcd7-5689ed58a73c,paid_brave,0.8777777777777778
a93f279f-77cf-48eb-b5aa-d66c7bb72df2,neural,0.6735731633272617
e7d85af9-38f6-49ef-818c-be771b645ed5,paid_brave,0.7157468930724744
ced51279-8e65-4d04-a15b-6d278c595c85,paid_brave,0.8674698795180722
1c32f2eb-e71a-4f5e-8a73-def9acdd950b,neural,0.6050988994073733
f86682f5-30e6-4c9f-bc5c-6998d2ab5dbc,neural,0.5940082438737148
08e3dda3-bea2-4793-8f91-be14333af84f,paid_google,0.6458333333333334
726e8072-dbd6-4ff7-8dc5-d91d05c8b71d,paid_brave,0.7789599958274658
16b5e635-462a-43a2-8327-5c2e475e2968,paid_other,0.851851851851852
ed21f834-1625-4f6c-aee3-978500509276,paid_brave,0.8491211642651834
e865c771-ff8b-4b77-b6d0-a55003f1fc4d,paid_brave,0.8821621621621623
b2f94c6c-ec32-4bd4-8cc8-d54d930a75e5,original_free,1.0
d65638f3-ba8f-4f37-bcfd-d5838c8842cd,paid_other,0.8640473699071537
23cea32b-0ff5-46df-be99-d95ab67015f6,original_free,1.0
ee706abd-d8bd-45ab-8a71-ecb2684a0aab,specialized,1.0
b0b17244-af3f-4678-ad9f-bba4b71dcfbf,paid_other,0.5998632010943913
6e12ab59-bb11-4b7e-a1b3-db32b3d9f540,original_free,1.0
fed7457b-4468-403c-bae4-893d1836ab3c,specialized,0.5837902837902837
9ec823ed-63db-41c9-99cd-578729424418,paid_other,0.5913461538461539
2600e567-407e-4469-a2ff-4cca36353988,original_free,1.0
d59f26d3-a634-4dc6-9c5d-cce8ebc71bff,paid_other,0.623535481294102
734d4d33-e64c-4d3e-8e12-c8dd75baef26,paid_brave,0.8636363636363636
33ddf1bc-cb47-4755-bae3-1bba55c20ad1,paid_brave,0.8512820512820513
541c632f-7dd6-41b4-9342-c7b54f3720b6,original_free,1.0
eb8bb643-6537-46b0-b42d-702a3dc3d437,neural,0.6124110476995702
157b2a73-63d4-4b6f-a920-61619492c058,neural,0.7413820279386695
fa04b794-1a4e-4ef0-805e-3ee41ca9b71c,paid_other,0.6863565501958359
4237ecf2-7ee0-480b-97a7-ec5a4fa9cce9,neural,0.5785742811501597
e3db200a-81f5-4522-bf01-6a605ba9581d,specialized,0.592913347343727
4083d219-574b-4765-91ee-2cb8dd0494ac,original_free,1.0
16985833-c733-4e74-ae40-bd38b150ec53,paid_other,0.8729113140380746
f8c95cc4-068f-4ff5-9920-5eb6c5bf78e3,paid_google,0.8950413223140495
db4934be-c089-4e43-95fa-8ebc7cfa24d5,specialized,0.654111371324486
7f176fc8-84c8-4291-8399-535ea20c4156,paid_brave,0.640704032809296
5ab89d3a-625c-429c-a8a7-3f9aff30d21c,original_free,1.0
b3bf8bde-f024-4b6d-bd4c-4d3449861976,original_free,1.0
a6852220-b12f-49b8-b5ce-3729edf2bfce,paid_other,0.5667388167388167
1ae9cf32-a465-4930-8f93-8ff8e7e372a0,original_free,1.0
e4ca8da0-389a-4f60-8b0b-35a1c2125d80,paid_google,0.7077494228489424
bac90278-b6f6-4f5a-847d-370e45e92d99,paid_other,0.5794212240038048
9f80ea09-9c4e-4657-8997-ec85dcd205c1,neural,0.5851153156840493
8d369886-ff91-45e4-8a11-b9b93d4f9c8b,paid_brave,0.8888888888888888
45718589-5772-4aec-8576-dc2de07e48e7,paid_other,0.8899408284023669
53f2c062-024d-4900-bc96-2bffc2631ab5,paid_brave,0.7627446302297685
c32c82de-a06a-47a2-9b5b-2140026dd918,paid_google,0.8683229813664597
422a18d3-971e-4a2f-bb0f-e0bca5fc641c,paid_brave,0.849235353055951
5453bd7b-8c66-41fa-84eb-1541c9160d68,original_free,1.0
14afbf93-a7b9-4fa9-915b-38890f98b548,original_free,1.0
4083d219-574b-4765-91ee-2cb8dd0494ac,specialized,0.6078168444022103
9ce4833e-d1d5-491b-ab4b-a825e878e08e,neural,1.0
1a57af3f-a4f5-4f5a-8654-9d3ce652530c,paid_brave,0.939454094292804
9af714c9-f4c9-4969-b202-c31b1edbdbdb,neural,0.644029304029304
d26480b6-a396-44a8-97f6-15e2cca8c216,neural,0.5381261180679785
c2e0d4c7-e1ea-4d69-a000-20a326f023a5,neural,0.5899515109073933
5d8aab44-fe7a-45a4-ad9f-f928facc8539,neural,0.5550213675213675
ee706abd-d8bd-45ab-8a71-ecb2684a0aab,paid_brave,0.812807881773399
24e0f50d-7de8-4820-b744-95a7fadfdcfe,specialized,0.5888463175819497
e6d8368f-d5dd-4920-a1c8-5e3cfface94f,neural,0.621243142376635
71afc7ef-6a47-4ec1-960d-9100a35b3ebb,paid_google,0.711043180341426
0a179a47-5a4c-4b2f-ad83-0714fcd32802,paid_other,0.8783505154639175
d1dd16dd-d3cc-4c41-923e-f2f5836a2503,original_free,1.0
ef0a3d73-98e9-4553-a741-274e2a645829,paid_brave,0.5956453392520139
a6852220-b12f-49b8-b5ce-3729edf2bfce,neural,0.6354737854737854
5b91c1c2-6da3-4810-93c0-91f0e042d1d1,paid_other,0.851851851851852
bedb0e86-d1b2-4ba0-9433-a83a1b6d67ae,original_free,1.0
f7440437-ad2d-4d8c-9f64-40602c8c09f1,neural,0.5984660496124801
be197ffe-44c4-410b-b121-9d418ba59d2b,neural,0.48446368446368443
e9e18c32-2ccc-4244-bd3e-4f7281f26b87,paid_other,0.8392470903285612
726e1cd3-c21b-43a5-b2e8-397cc72123b1,paid_other,0.6087321963445199
33ddf1bc-cb47-4755-bae3-1bba55c20ad1,specialized,0.6423033148385261
9c894a00-08e6-49a8-bbc2-d696fb090186,specialized,0.6380546494089585
8d369886-ff91-45e4-8a11-b9b93d4f9c8b,neural,0.5584151698282133
edd1e4ed-038f-4c15-bd5b-6223e204a6c9,original_free,1.0
401fe955-f6ef-492d-a3a7-cdafa1ecc468,original_free,1.0
cd5b798f-283c-49c5-b9cf-1215d199b925,specialized,0.4957983193277311
f64262de-94e2-478e-9a61-ac22b70a0e03,original_free,1.0
f39fbf6e-8e28-4e94-bb74-6b997493ab59,specialized,1.0
f8c95cc4-068f-4ff5-9920-5eb6c5bf78e3,original_free,1.0
63dab63f-afa3-485e-bea8-1086c132ca45,paid_other,0.582556150528038
210d04ed-6a7c-49fb-85f5-719bbbc26436,paid_brave,0.8368794326241135
b56d74c4-6158-4087-ace2-91848c70cf3b,neural,0.645093795093795
777905e2-d1b9-4699-9cc2-9d00a0e23e60,paid_google,0.688338967999985
4dd421b5-9733-4798-9db3-3b6785e14770,neural,0.6236299161831077
acda7041-07c4-4add-bf68-183203e3dbf9,paid_other,0.8987179487179487
4d3c36c7-4869-48df-9b46-043fbc302a61,paid_google,0.8982300884955752
f7440437-ad2d-4d8c-9f64-40602c8c09f1,paid_other,0.8706331045003813
fa04b794-1a4e-4ef0-805e-3ee41ca9b71c,specialized,0.5988037182830208
759ac087-8c4a-4832-96ca-bb52df6e3362,original_free,1.0
69308eb8-f047-4a02-9918-6be9f7ab1108,paid_google,0.6785714285714285
0cecc4ef-f05b-4253-8240-6f3d49501026,specialized,1.0
cfe1e6ae-39a4-4fb6-aabb-38571e2c0a7d,paid_other,0.650998151090528
9ec646ae-fe7d-4f30-bd06-6e2ef26fe94a,original_free,1.0
6d916c99-937d-4ed2-8f5f-dec6c90e4369,paid_other,0.6450238563419787
607d4fb0-0f25-4f81-9b97-95c7a89010c0,paid_brave,0.7106715506715506
401c7553-e71f-43b8-84eb-2ffc0c258c4d,neural,1.0
061a473d-d879-4855-b7d2-50d5a0777dbc,original_free,1.0
15b42d8a-31f9-47e0-88f1-8919c53fefba,paid_other,0.8805825242718447
31d33787-f98b-4632-b7d0-1a8cdcbf4a30,paid_brave,0.7056335008142237
36396b20-73da-4314-9a85-2adb60bd12bd,specialized,1.0
939318eb-10f0-48e7-b603-329d04fc8dce,paid_other,0.8968609865470852
3fb982d8-a8ee-4e0d-a217-16ab98b6dbc9,specialized,0.6742424242424242
3fb982d8-a8ee-4e0d-a217-16ab98b6dbc9,paid_brave,0.6875
e7d85af9-38f6-49ef-818c-be771b645ed5,paid_other,0.6136258767072721
a632cedb-a780-4d50-bf67-543d3c2fd5b0,specialized,0.5898712990397424
bb281ca9-26c6-4882-ac99-ed7a296e0d04,specialized,1.0
4973464b-94f0-44b1-871f-ea7332e3a647,paid_google,0.7023245558930546
0b04d220-451b-463b-9a92-2c32bc572d4b,paid_other,0.5170265503598838
0ab947a0-95eb-4ad8-b6ee-0d121e753246,original_free,1.0
e991815f-170a-4ebb-b8c7-30e2a66653c2,paid_other,0.6624547159357287
66717348-31eb-46c3-a84f-54773ba7ed3c,neural,1.0
79887d11-a38b-494e-baa2-bfbaed28bb5f,paid_google,0.8760180995475113
0a057781-bdf2-4f0b-9ea6-28bce8d08679,original_free,1.0
66e51f4c-2b98-4de8-a74d-b394c238bab3,paid_google,0.642132673500648
1afc4490-367c-491d-b355-4547ed98af20,paid_google,0.565788226696329
15b42d8a-31f9-47e0-88f1-8919c53fefba,specialized,1.0
f44d0efe-8321-427e-afdc-0924521cef3e,paid_other,0.8449275362318841
c1ff8391-c300-4bfe-9c74-308e17bd1568,original_free,1.0
0a032d91-13a3-4c3b-8b72-f2c0e7a9b813,paid_other,0.6861941001667029
922c8a9e-4a5b-4c62-983b-6f19facf4f92,original_free,1.0
e4ca8da0-389a-4f60-8b0b-35a1c2125d80,original_free,1.0
3fb982d8-a8ee-4e0d-a217-16ab98b6dbc9,paid_other,0.7096774193548386
8bfdd929-8a24-4904-95d4-7664cad1d051,neural,0.5709600428546023
35f00641-0af3-4148-80ef-65560ac62975,specialized,0.6912246003155094
1ae9cf32-a465-4930-8f93-8ff8e7e372a0,neural,0.5631868131868131
232ab87d-c137-4dc8-bfb6-6a2ca93492fe,specialized,0.8040630182421227
ddbcf1ca-318b-4c3d-97df-ee016727d260,neural,0.6316607369238948
e54874db-e3b4-4824-9ba6-c13b57041834,paid_other,0.8323157685226651
f250ada5-7ca8-4259-83ae-404e17423998,original_free,1.0
53a937ae-ab54-4637-b954-68f8a06fd1a1,paid_other,0.8973742918131189
3a216269-db7c-43f0-83fc-5492401724ee,paid_other,0.818105126541207
29998019-40f5-4757-a30d-059fa8782236,specialized,0.6491942411435248
2a0dc77b-8928-4fc5-ae82-04eaf5dabde0,neural,0.6492017055775445
2444ee7c-ecbc-4c24-aa1c-f1ab20d85f7d,neural,0.5557960557960558
4d3c36c7-4869-48df-9b46-043fbc302a61,paid_other,0.8982300884955752
c760a8ae-de33-47bf-bde1-5bb414447092,paid_other,0.9119170984455959
e21f8086-87e6-4c67-a7e5-f6b63d831342,paid_brave,0.7927927927927928
09e08bde-9670-4f6f-98b1-0f80b2106b05,paid_brave,0.809566966331318
e3cb0d83-0836-42c5-8de9-14dc755d2b88,paid_other,0.6206408767384377
e5a970d6-a230-4603-9e9c-27a1a4e1338b,neural,0.6738923205978798
af9808ff-13cd-41fd-9222-ff548cd13f66,paid_other,0.9309090909090909
061a473d-d879-4855-b7d2-50d5a0777dbc,paid_other,0.6638146458061712
3fe05733-8253-46a2-924c-bb0cedbe290e,paid_other,0.8320000000000001
f79a2bbf-5739-4b2e-8741-c2592d2bcc8e,specialized,1.0
23cd58af-a8fa-488e-8bae-ef479fdf5cbd,paid_other,0.8562939113574071
6ac7d769-520f-4e69-8ca7-ee2aa2fbbd38,paid_brave,0.8787878787878788
9f80ea09-9c4e-4657-8997-ec85dcd205c1,paid_brave,0.6665688137909531
5c82e586-e6b3-4c65-976b-9d356bce6edb,paid_other,0.5701977006353998
7c1af73d-df29-4be6-ac40-c2ca2e3d864d,neural,0.624168448562604
12335093-babd-4598-8924-e08ed77e2c33,paid_google,0.881767955801105
a5effc43-f12f-4f5c-aa0f-7fbf399ee83f,neural,1.0
a6852220-b12f-49b8-b5ce-3729edf2bfce,specialized,0.6354737854737854
1afc4490-367c-491d-b355-4547ed98af20,paid_other,0.634079070224581
eef08cc1-e341-4aa3-98bc-88b0ca2c7420,paid_other,0.6009411936378228
fa04b794-1a4e-4ef0-805e-3ee41ca9b71c,paid_brave,0.8793876262626262
72b0145e-249c-4258-ac35-a651a305f87f,original_free,1.0
17ea1326-b8c3-4859-ae9a-c6412f38f1e0,specialized,1.0
ebcc4130-770d-426b-9939-caf97419af9d,paid_google,0.7768999596611538
5c010dee-f8ac-4b90-bbde-11ed5837ddd5,paid_brave,0.7079253522024606
ef0a3d73-98e9-4553-a741-274e2a645829,paid_google,0.5324307802948579
cf7f04e2-39ea-4489-9582-64d64baf5c84,specialized,0.6430584918957012
63dab63f-afa3-485e-bea8-1086c132ca45,specialized,0.7699630502458468
1dbe046d-6c33-410a-99be-f49e684883ec,original_free,1.0
16985833-c733-4e74-ae40-bd38b150ec53,neural,0.6309706062461727
5c010dee-f8ac-4b90-bbde-11ed5837ddd5,paid_other,0.7282418563141455
f0b16052-c178-494b-b994-a57f47ad8224,paid_google,0.6439465883910328
7c1af73d-df29-4be6-ac40-c2ca2e3d864d,original_free,1.0
abaa22b3-4fda-4365-87af-cbaa513517aa,paid_brave,0.717948717948718
636dd0bb-0367-47fc-aec9-5f54ee89134a,specialized,1.0
0038e066-c8aa-40ce-8b94-579cbd33481b,specialized,1.0
6413f295-f00f-47d3-b1fa-e43304106f5a,original_free,1.0
23cea32b-0ff5-46df-be99-d95ab67015f6,paid_other,0.8530149264787585
2c0064d3-4568-4d9a-9ebd-26d9232483cd,paid_google,0.8039668939791339
d22fc215-2a66-4a97-863b-3cfb3c7b82c9,original_free,1.0
c0e4463b-1ce2-4e69-8592-42b5ffa61f50,original_free,1.0
a7ac9a6c-bc6b-40bc-9ecf-41e74d2fefc0,neural,0.5960106316913829
7974b90f-1636-4b77-8c4c-eaf3f877be33,specialized,0.6659188034188035
0469d164-946b-4011-8f5f-82cdf4b5c779,paid_other,0.6091988091988092
bfd7889f-93cd-4904-b694-130ff739ebfc,original_free,1.0
b43a8783-0b36-47d2-8475-6d0b62c484e7,neural,0.5569344236010902
78eb9786-ccd2-4fa2-a166-d37eb7b05964,original_free,1.0
c6526e72-828c-4769-ae14-43b04bf629cd,paid_other,0.7131782945736435
0c548aca-52b9-4c52-90a5-b741810aa77e,paid_google,0.9134615384615385
e1653e6e-d355-4d8d-bdaa-110e5a4d062e,paid_brave,0.7630016164171761
c50fbcfb-8d9a-4cd2-aa96-93fbae50aae3,paid_other,0.912
b25f17a1-ed6f-426c-887e-524370f28f54,paid_brave,0.7927927927927928
16609785-36c3-42a2-b315-ac8958f59d30,neural,1.0
99106d71-722c-4b31-9347-3156e6db6877,neural,0.5952769283044513
eb4912a1-715d-441b-bd84-c0d533b96038,paid_other,0.8516431924882629
b5ee3634-3168-458c-9e7a-7f74968c3c6f,specialized,0.590438969695031
0a032d91-13a3-4c3b-8b72-f2c0e7a9b813,original_free,1.0
ac959d2c-3d5d-46a7-b2c7-e7da6cdac34d,paid_brave,0.7927927927927928
ff8bd0b6-7443-4449-bb30-9318db20262b,specialized,1.0
e7737246-539a-4ee7-aa0e-b9ab91e4178e,specialized,1.0
eb4912a1-715d-441b-bd84-c0d533b96038,paid_brave,0.90481242895036
982729e8-04d2-46be-9a26-7ff85937a2a3,specialized,1.0
14329d0c-fa2d-4cc9-89f9-8c9664936524,paid_google,0.6103146757304972
43ae5558-52bb-4eda-a38c-714274e837f6,original_free,1.0
212bed68-e98a-403f-bc52-3169caf47dbc,paid_brave,0.9357429718875503
af9808ff-13cd-41fd-9222-ff548cd13f66,paid_google,0.9309090909090909
d432c5f1-e749-4744-bbd2-f9cf5ddef71c,paid_other,0.6776055249686083
86122e62-49f9-462f-ad15-5cc48e1fe7b2,paid_other,0.6563104834060999
16609785-36c3-42a2-b315-ac8958f59d30,paid_google,0.8859060402684564
a2e07e5f-32d5-4ff7-b42d-19c35eaf367e,paid_other,0.6302901847256686
57f03947-852c-4a2f-a974-b8a3b6905c5b,original_free,1.0
45718589-5772-4aec-8576-dc2de07e48e7,specialized,1.0
6a320c07-9473-4117-8018-62bdd08695b1,paid_brave,0.8875
fcde020f-afc2-4318-8d2a-5065907f020e,specialized,1.0
a13c8361-ab20-4f0d-bc31-828e58ce57ec,paid_other,0.7118192783919213
6299675b-d32f-484d-a247-a80439860f1d,paid_google,0.8370960766141489
1a57af3f-a4f5-4f5a-8654-9d3ce652530c,paid_other,0.6157126803117112
2734a0bc-625a-44e8-8bdf-ddb8c42fe1a1,original_free,1.0
0a179a47-5a4c-4b2f-ad83-0714fcd32802,original_free,1.0
9ec823ed-63db-41c9-99cd-578729424418,neural,0.6322222910387162
39e14779-b329-4d7c-b376-f587d6ff6c89,paid_other,0.912
c3c5b697-5609-4713-a440-3d38db62d6ac,paid_other,0.6813912596807334
168c5d77-2e2e-4aa3-93d7-9be5f0a16be8,paid_google,0.6858825677339787
d2d188ce-8720-425d-94cc-65a6b90e3282,paid_google,0.851851851851852
22024a58-83d3-42da-a688-da03c11bc0d6,paid_google,0.4984737484737485
445116d6-60ac-43f4-9e32-8194e6c8c064,specialized,0.6683464120499711
5c0a23e7-9e86-470d-9333-6742c111791b,neural,0.6404009575361616
a5effc43-f12f-4f5c-aa0f-7fbf399ee83f,original_free,1.0
fdd59047-74b4-4762-bcea-0ffd38ba6085,paid_brave,0.8174603174603176
bfd7889f-93cd-4904-b694-130ff739ebfc,paid_other,0.85
bf0fca6a-31a3-4f2a-88c2-dad8e45a2ec5,neural,0.6246863799283154
fd3c2ef7-9655-4f1e-ae8b-8af79d724ae2,paid_brave,0.6202165076556939
8a02ae9c-8c1b-49ba-ad34-9e26e6295611,paid_google,0.656274747901378
e06459d9-ddc3-4b65-84f6-04c60634fa4b,paid_google,0.6512591330428696
25b37bdc-b4db-4715-ba3a-cb6c54e03ff3,paid_other,0.8830769230769232
be197ffe-44c4-410b-b121-9d418ba59d2b,paid_google,0.7600000000000001
3d41e1b5-3913-43ee-ae79-284ff3c359e1,paid_brave,0.8827586206896552
8d98806d-2c30-483f-8850-dc3d2723d356,paid_other,0.6374945179681655
524f85ab-7574-4bd1-a225-b2b8bad8a6e2,specialized,0.593051312181747
55aa7be1-92e3-4e2e-bce8-0e2a1401cff1,paid_brave,0.8673740053050398
c7690b3e-f495-4378-a2a9-b58481099c80,original_free,1.0
4d3c36c7-4869-48df-9b46-043fbc302a61,original_free,1.0
35167059-fa9f-468e-945c-6d44c7f9f5cf,neural,1.0
1b0ca779-e25e-40be-be74-fae4e26eea68,paid_brave,0.8780487804878049
3c1581a7-b415-4721-8457-54371dfb54e6,paid_google,0.6384250702809112
bfd7889f-93cd-4904-b694-130ff739ebfc,paid_google,0.85
79eaebe9-a71e-4e52-9c59-a065beaa4a6c,neural,0.6416194922867802
0a057781-bdf2-4f0b-9ea6-28bce8d08679,neural,0.6087939499275141
150ea450-50bf-48d5-8758-0d7483d84dc1,paid_other,0.8481681681681682
eb4912a1-715d-441b-bd84-c0d533b96038,neural,0.5130566208586343
9ec646ae-fe7d-4f30-bd06-6e2ef26fe94a,paid_brave,0.8763440860215054
4f89645d-d128-4031-9eaa-3a7d6648df23,paid_other,0.8581818181818182
e611137b-b0f8-4ed4-bec0-25b7dd1c6a91,paid_google,0.6064143486852105
b362625d-e7ea-40f4-8973-2caa022130ab,specialized,0.5711451247165532
d2786f18-9964-44bd-9d62-12e76512cf2d,neural,1.0
bcc7d9ec-bf6a-41cb-ae1a-b921bc6a0617,specialized,0.6644360418553966
8dd60a11-c54a-4593-84b7-e98c758222a5,original_free,1.0
a0760b36-ea78-4ff0-a418-a29dc6a1a989,neural,0.5419170904607798
b4d5524e-2c09-4611-827f-dff2ba9388f4,paid_other,0.5689817428947864
9c894a00-08e6-49a8-bbc2-d696fb090186,paid_brave,0.7061412837965589
80242102-1e23-45e8-b2aa-4d15fcc88d49,paid_brave,0.8975308641975308
b6366318-03cb-426c-a879-118838619933,paid_other,0.9388235294117647
5a2b695f-2783-46a9-8f6c-98868a9f5002,original_free,1.0
4083d219-574b-4765-91ee-2cb8dd0494ac,neural,0.6812648885819618
764d08bd-f7ae-4801-b4a9-5205a0a79302,paid_google,0.6770777527768849
1553a1a5-d9d9-419e-90a5-1fa6a48bd4e2,paid_other,0.6328839325974681
8a118083-ba42-422c-903c-0324ba87854f,paid_google,0.5890313390313391
17ea1326-b8c3-4859-ae9a-c6412f38f1e0,original_free,1.0
9af714c9-f4c9-4969-b202-c31b1edbdbdb,paid_brave,0.7855555555555555
5d6e178d-ba86-41d1-ab73-fc79632eb398,specialized,0.5811830609952675
80242102-1e23-45e8-b2aa-4d15fcc88d49,paid_other,0.8975308641975308
7680d93d-7317-4b91-a53f-9d31db3bb5f0,original_free,1.0
d803118b-4a57-4304-803d-6f27e2cf167c,neural,1.0
d8f903a8-bf0b-49e5-806e-c010fc76026c,paid_google,0.5346414969365789
ee0a3e6e-638a-4bf2-8d94-ca93704049ba,original_free,1.0
168c5d77-2e2e-4aa3-93d7-9be5f0a16be8,specialized,0.6696592439094807
1a42782a-4b23-4f5e-8782-ac26e2bd2b49,neural,0.6174089647873222
2c0064d3-4568-4d9a-9ebd-26d9232483cd,neural,0.5775990204732482
28f114f2-8f03-460d-80c7-8703f582eabd,paid_other,0.5655996050732893
86baff84-baf8-4c05-9288-ddbc4f4f1938,original_free,1.0
14329d0c-fa2d-4cc9-89f9-8c9664936524,neural,0.5762099308610936
13178e4d-506f-45d4-a984-5fa3c84f205a,paid_brave,0.7957153231663036
b68dc359-db51-4025-a2e6-652627036ad5,neural,0.5663744145738835
989b7ca5-a0f8-431a-a3f2-4c1ac6e0ed59,neural,0.5922890103217971
5fa3d68e-521e-4981-86d1-a54e5dc9a804,neural,0.5843335979948001
a93f279f-77cf-48eb-b5aa-d66c7bb72df2,original_free,1.0
8bfdd929-8a24-4904-95d4-7664cad1d051,paid_google,0.6537758097080131
d20cf5fd-c775-468e-92a8-85d12a0ac794,paid_other,0.8387185747874841
ce5e9666-3677-46ab-bb79-6b2a78204226,specialized,0.7480842911877393
cf174e72-cc13-4a1d-8554-fcbf537ab3d5,paid_google,0.5355693154454765
b5ee3634-3168-458c-9e7a-7f74968c3c6f,paid_brave,0.6849745707353491
5dd7a25e-c62b-4c98-a387-254f206555c4,original_free,1.0
971ee889-50ac-4796-826f-07fe11905a25,neural,0.5727968176254591
16985833-c733-4e74-ae40-bd38b150ec53,specialized,0.6309706062461727
a04e2ee1-79b7-4af2-929c-c6fef79e3a4c,paid_google,0.887136929460581
448e0fc0-b3e8-4172-85a6-200305eeb55e,paid_other,0.7886100386100386
ebf51948-4482-405a-bac6-a7e21f1998b7,paid_google,0.872538860103627
3d9272d7-c886-4fb7-9905-48dba8fef9b9,specialized,1.0
4f87a47e-10e3-454b-a9eb-38ee37248304,paid_google,0.6863621317444554
07fe6bfb-db63-4635-8d6c-7aae4c1dfc06,original_free,1.0
dab294f7-a79d-48f5-af95-eff5ef9fab6e,paid_google,0.6022522636557724
43ae5558-52bb-4eda-a38c-714274e837f6,paid_other,0.8310874200426439
25b37bdc-b4db-4715-ba3a-cb6c54e03ff3,paid_google,0.6159289370671485
1d6a40ad-7c5c-40d0-b87d-0ca1072cc041,specialized,0.6074481074481074
b1329783-79c7-4de3-9be8-73be853a7a41,paid_other,0.6260988283005173
8d369886-ff91-45e4-8a11-b9b93d4f9c8b,paid_other,0.6272716816195077
994ad3c7-2219-4a26-a603-8d7271956293,paid_brave,0.7333333333333334
e54874db-e3b4-4824-9ba6-c13b57041834,paid_google,0.692762824936738
2734a0bc-625a-44e8-8bdf-ddb8c42fe1a1,neural,0.6159850250759341
ed21f834-1625-4f6c-aee3-978500509276,specialized,0.6944941911190705
899eb188-05ce-49ec-ae12-83b8c61cce5e,specialized,0.5888463175819497
ebab61ff-dd0a-4104-ad22-711b3ee3485e,neural,0.6738094566117258
abaa22b3-4fda-4365-87af-cbaa513517aa,paid_other,0.5338983050847458
2c131c81-99af-48ca-9b9a-b32c9c959d79,specialized,0.6157569850552306
4083d219-574b-4765-91ee-2cb8dd0494ac,paid_google,0.6686782994312157
0be887d8-d8ae-4e6d-84d4-595c9aa34da9,specialized,1.0
5d8aab44-fe7a-45a4-ad9f-f928facc8539,specialized,0.5796019900497512
4f87a47e-10e3-454b-a9eb-38ee37248304,specialized,0.6817076383681576
ad041fb9-fe3a-4557-a727-01df5c7525c1,paid_other,0.8833333333333334
3a216269-db7c-43f0-83fc-5492401724ee,specialized,0.7083848001372447
1c32f2eb-e71a-4f5e-8a73-def9acdd950b,original_free,1.0
faab9864-fe9c-4eff-adcb-9ab2b7c7cb6e,paid_other,0.8884615384615385
f7c4a5c3-b875-433d-9cbb-ed2e90118edd,neural,0.627914798206278
67488f96-0d49-4d3a-ae68-84a8934414b8,paid_other,0.7155388471177945
b5ee3634-3168-458c-9e7a-7f74968c3c6f,paid_google,0.6218299773578817
ae5796cc-e3b2-41ca-9f17-dece6e5d1a06,original_free,1.0
13178e4d-506f-45d4-a984-5fa3c84f205a,neural,0.6791297543113631
ccb7bd82-30cb-4954-9a8d-0b93afbe1462,paid_other,0.6081527558519148
0372cd8c-0ec9-47a6-a000-462a4c548328,paid_google,0.9196609242548537
cfe1e6ae-39a4-4fb6-aabb-38571e2c0a7d,paid_brave,0.7902230264048672
9ec823ed-63db-41c9-99cd-578729424418,paid_brave,0.6785438871905037
acda7041-07c4-4add-bf68-183203e3dbf9,original_free,1.0
b0b17244-af3f-4678-ad9f-bba4b71dcfbf,paid_google,0.6184971736442325
782e22ad-b784-4ce7-b9e7-5c5344934275,neural,1.0
4d040c3c-945c-44c2-b2a8-7a3a0e027610,paid_google,0.8702702702702703
b3bf8bde-f024-4b6d-bd4c-4d3449861976,paid_brave,0.8061258473802386
d59f26d3-a634-4dc6-9c5d-cce8ebc71bff,paid_google,0.6404143006854661
8003a039-958a-41ff-9a41-ce0abdf619cb,paid_other,0.8101033712534415
3e027faa-b697-49f4-abbf-89a32777b196,paid_brave,0.6071229949654607
6310b0f1-bd46-46d7-b94a-4aec48d22452,paid_brave,0.8119950472063148
899eb188-05ce-49ec-ae12-83b8c61cce5e,paid_brave,0.9351851851851851
ba6dc6b6-dbf7-4588-b83c-1c1becc97eae,paid_brave,0.9075854700854701
faab9864-fe9c-4eff-adcb-9ab2b7c7cb6e,original_free,1.0
6a320c07-9473-4117-8018-62bdd08695b1,paid_google,0.8875
23cea32b-0ff5-46df-be99-d95ab67015f6,paid_google,0.6783383278539078
7b4e1e3e-5c91-48d9-a1ab-fe2aaa8d5037,neural,1.0
bf0fca6a-31a3-4f2a-88c2-dad8e45a2ec5,original_free,1.0
fdd59047-74b4-4762-bcea-0ffd38ba6085,neural,0.5333035979779958
6e615698-e56c-4c2f-8e86-dd0fba584b32,neural,0.6643507030603805
433d7d7f-4152-4c71-ba5b-01e27c4f52ed,paid_other,0.7489695325680638
ed21f834-1625-4f6c-aee3-978500509276,paid_other,0.6483660130718953
294d61f6-f5c1-4b54-bf10-8b860d7cfae2,paid_google,0.6606996606996607
f068e3b1-bdc4-44f2-8aa8-05da1ab7e2f1,neural,0.5980420847268674
48a73e7b-549d-4c05-97c6-0d8ef5206b6e,paid_brave,0.8014184397163121
70376984-d59e-47a4-8a2c-3fc4227ab9a9,original_free,1.0
8d062b0f-215e-41a2-811f-81118c89d5fc,paid_brave,0.6448384378016122
c7690b3e-f495-4378-a2a9-b58481099c80,specialized,0.5228956228956229
a6852220-b12f-49b8-b5ce-3729edf2bfce,paid_google,0.7372120216947803
eef08cc1-e341-4aa3-98bc-88b0ca2c7420,neural,0.6388782643199202
6765b9d2-9b64-4a2c-aeaa-95e339e806b4,neural,1.0
f8c95cc4-068f-4ff5-9920-5eb6c5bf78e3,specialized,1.0
e21f8086-87e6-4c67-a7e5-f6b63d831342,paid_other,0.8583333333333334
41358de3-5cdc-4bbf-9f82-aff021650f35,paid_other,0.6175387258327509
cedde1af-8709-4ada-9bb2-8c948c3524c4,specialized,0.49411764705882355
86baff84-baf8-4c05-9288-ddbc4f4f1938,neural,0.5908919123204838
a5effc43-f12f-4f5c-aa0f-7fbf399ee83f,specialized,1.0
43ae5558-52bb-4eda-a38c-714274e837f6,paid_brave,0.7242409224568012
43ae5558-52bb-4eda-a38c-714274e837f6,neural,0.521619293712317
02fc1e93-26d3-4eed-a32e-23243f9dde04,original_free,1.0
e7d85af9-38f6-49ef-818c-be771b645ed5,specialized,0.6201335464465854
14cd39de-3fd3-400e-8ded-4ac62a4449c4,paid_brave,0.7428935586830323
d5d73cd7-51b2-4eb4-a839-f24340d1b6e5,original_free,1.0
16b5e635-462a-43a2-8327-5c2e475e2968,specialized,1.0
e6d8368f-d5dd-4920-a1c8-5e3cfface94f,paid_other,0.7707141866317896
a7ac9a6c-bc6b-40bc-9ecf-41e74d2fefc0,paid_other,0.749211508366438
061a473d-d879-4855-b7d2-50d5a0777dbc,specialized,0.864684497892045
d3d39102-4e52-4653-83a8-be5e15cc24a8,paid_brave,0.8390804597701149
c6363790-df2d-47f1-8b59-849c8f3be311,original_free,1.0
c5483a53-c722-4583-a16c-46b58f23f324,paid_google,0.6842895527106053
b221a7ab-29d2-4ae3-927d-7d13147ae5ed,original_free,1.0
2b4b4d27-ba4f-48f0-bee6-e086df894c11,paid_other,0.673608649415101
8a02ae9c-8c1b-49ba-ad34-9e26e6295611,paid_other,0.8898550724637682
887d7b7e-3572-47e4-b2ac-d06b8dcbea78,specialized,1.0
9ec646ae-fe7d-4f30-bd06-6e2ef26fe94a,specialized,0.7088558500323207
121471e2-68bc-4724-9c88-ae5d8b7cb005,paid_google,0.8677248677248677
f648aa5d-7028-46c5-a871-909269639fcc,paid_google,0.8763636363636363
bac90278-b6f6-4f5a-847d-370e45e92d99,neural,0.5249600337170096
33ddf1bc-cb47-4755-bae3-1bba55c20ad1,paid_other,0.6746374912648497
3e50e21d-762c-4bba-addd-983c63cdfa34,paid_other,0.9186440677966102
dcf31214-d851-4293-a066-f17b7fc4c078,neural,1.0
e4ca8da0-389a-4f60-8b0b-35a1c2125d80,neural,0.6054511596411037
121471e2-68bc-4724-9c88-ae5d8b7cb005,paid_brave,0.8677248677248677
f068e3b1-bdc4-44f2-8aa8-05da1ab7e2f1,specialized,0.5980420847268674
c92991f1-fa6b-4dff-96ba-0528c6ac6cb3,neural,0.4741780787880079
514b47fc-f747-468b-b354-f051d327d0c0,original_free,1.0
77b2d06f-36f3-4baf-8a0c-b5200e288437,paid_google,0.8866425992779784
af462d06-7c39-4545-9069-e8a4d6889806,neural,0.601329975359311
c32c82de-a06a-47a2-9b5b-2140026dd918,specialized,1.0
efe7b586-4d3e-46d5-85fc-48f9ba213c27,paid_brave,0.8784688995215311
74483a5a-baf4-4e8d-a8fe-b8756bab080a,neural,0.621546149323927
3d80fc9a-0064-4231-aa23-f088e898ab0d,paid_brave,0.812807881773399
ceb7705f-e9b0-4c11-85d3-6c480b604151,paid_google,0.8560000000000001
a04e2ee1-79b7-4af2-929c-c6fef79e3a4c,paid_brave,0.887136929460581
a0a953aa-0887-4090-9cd4-838ce67657dd,neural,1.0
706e25f2-220f-4525-acfb-4151cd967cc4,paid_other,0.6078965758211041
22024a58-83d3-42da-a688-da03c11bc0d6,neural,0.5857038767117818
5d74fb4b-b8df-49aa-b952-b09a20bd1674,specialized,1.0
e9187378-12a6-4bfa-a6e1-0338ea9bcd57,paid_brave,0.890909090909091
6304e95c-30c8-4e11-aea3-38233a79ccc1,specialized,0.6659188034188035
5dd7a25e-c62b-4c98-a387-254f206555c4,paid_other,0.6308807733619763
8acf41bc-af62-4f54-9d08-76aa3ebf8bc9,paid_other,0.5649102263856363
24e0f50d-7de8-4820-b744-95a7fadfdcfe,paid_other,0.5764303959131545
9d2375b8-5734-4b60-a8b8-fb15ad5fe2b7,original_free,1.0
da2b7444-d758-4b02-b039-517403c885a9,paid_other,0.6643565985671248
fa04b794-1a4e-4ef0-805e-3ee41ca9b71c,paid_google,0.7652116402116401
a1335ec1-3c6d-4efd-a6a5-b91e84a6797a,paid_brave,0.8769230769230769
982729e8-04d2-46be-9a26-7ff85937a2a3,paid_other,0.8889908256880733
84558946-4199-41a9-a4c5-74bd1081a32c,original_free,1.0
fa13b84d-27fa-4089-a43f-bf45285b1af2,specialized,1.0
7b4e1e3e-5c91-48d9-a1ab-fe2aaa8d5037,original_free,1.0
cd2bbf76-c80e-4010-bfcb-07e6b0b76070,paid_brave,0.85
f39fbf6e-8e28-4e94-bb74-6b997493ab59,paid_brave,0.8843930635838151
14329d0c-fa2d-4cc9-89f9-8c9664936524,original_free,1.0
401fe955-f6ef-492d-a3a7-cdafa1ecc468,paid_other,0.8155699855699856
8a118083-ba42-422c-903c-0324ba87854f,paid_brave,0.8333333333333334
cedde1af-8709-4ada-9bb2-8c948c3524c4,paid_google,0.5955555555555555
13178e4d-506f-45d4-a984-5fa3c84f205a,paid_other,0.867837270696541
eef08cc1-e341-4aa3-98bc-88b0ca2c7420,paid_brave,0.7833086878566716
9d2375b8-5734-4b60-a8b8-fb15ad5fe2b7,paid_other,0.7194009694009694
ebf51948-4482-405a-bac6-a7e21f1998b7,paid_brave,0.872538860103627
ce5e9666-3677-46ab-bb79-6b2a78204226,paid_other,0.8625723086169333
09e08bde-9670-4f6f-98b1-0f80b2106b05,paid_other,0.6951298701298702
fa13b84d-27fa-4089-a43f-bf45285b1af2,paid_other,0.8847058823529412
69946991-3f00-4495-86e2-485e1f6c2c8c,original_free,1.0
3e50e21d-762c-4bba-addd-983c63cdfa34,specialized,0.6345017051913603
57f5c239-0067-40f1-bb38-ff36e90336f9,paid_brave,0.85
514fd566-7df6-4248-aa6a-92d610a839c0,paid_google,0.5789473684210527
043800f7-15a3-429c-a376-563dba27306b,original_free,1.0
7e6707e2-7989-447d-b6b8-b7eb8d4687e5,neural,0.625725900116144
e6e1e46f-a31d-4b20-a296-f5a75995f2c9,paid_brave,0.8755980861244019
dd93361a-f639-4b26-852d-e2f4985ccf07,paid_brave,0.7943371943371944
5dd7a25e-c62b-4c98-a387-254f206555c4,paid_google,0.6969732511604433
f0752e86-8592-4681-87fd-025927ab4e23,paid_google,0.6777777777777777
7938e1e8-127c-4f61-b806-41787a547a54,specialized,0.5545869390457274
b2c0632e-d1b4-4928-a760-46e9b4377393,neural,0.6741981827180625
bc761ef7-79ce-46ba-805f-86c0d756d88c,paid_other,0.7655844155844156
84558946-4199-41a9-a4c5-74bd1081a32c,paid_other,0.875427059712774
6baf1b6a-84f5-456a-816a-4f1a0509fcfa,paid_brave,0.6862564599483204
08110b45-75a8-4f4b-96fa-fc2c4bdc5343,original_free,1.0
b03e2e34-95b6-4264-8042-4d39ad76d21f,neural,0.593233849148866
653aabb0-1be9-4b0a-b828-1f0c74321a44,paid_other,0.5707544932897046
6c2cc5aa-b382-49ec-b76a-aca1e93995e3,neural,0.0
d5d73cd7-51b2-4eb4-a839-f24340d1b6e5,paid_brave,0.8633879781420765
41ad24db-fa71-49c8-a9c0-7058cb87988f,specialized,0.5626984126984127
994ad3c7-2219-4a26-a603-8d7271956293,paid_other,0.7333333333333334
401c7553-e71f-43b8-84eb-2ffc0c258c4d,paid_other,0.899056603773585
6c2cc5aa-b382-49ec-b76a-aca1e93995e3,paid_brave,0.6752136752136751
8c31067a-e06f-45c5-8005-d006cc8adc6d,original_free,1.0
a2e07e5f-32d5-4ff7-b42d-19c35eaf367e,original_free,1.0
3e50e21d-762c-4bba-addd-983c63cdfa34,paid_google,0.6088336174063085
1559aa8a-8a05-4d7a-abde-b98f2d1f463d,paid_other,0.5873544973544974
eb820fef-f6d3-4235-822f-bdef0a3457bf,paid_brave,0.7214285714285713
445116d6-60ac-43f4-9e32-8194e6c8c064,paid_google,0.5798530880045643
2734a0bc-625a-44e8-8bdf-ddb8c42fe1a1,paid_google,0.6350524957774213
a4a00ce0-bd5d-48b9-9115-95d6ac84dea0,paid_brave,0.6777526395173453
b06348e2-05ce-4b0a-bce5-724494461b13,paid_google,0.5574004455583402
b9a6d7cd-27c8-4ff0-aa4e-bd387bfc453f,paid_other,0.8822222222222222
b25f17a1-ed6f-426c-887e-524370f28f54,neural,0.48314946702043476
401c7553-e71f-43b8-84eb-2ffc0c258c4d,specialized,1.0
eb820fef-f6d3-4235-822f-bdef0a3457bf,paid_google,0.7333333333333334
f50b0b2f-0b8b-4a17-a30f-306f34190ac7,original_free,1.0
fa13b84d-27fa-4089-a43f-bf45285b1af2,paid_google,0.8847058823529412
f068e3b1-bdc4-44f2-8aa8-05da1ab7e2f1,paid_brave,0.7666411379673028
3f1d1563-32dd-441b-920a-a5321315f33b,original_free,1.0
6e800075-7e9d-4b89-bcd7-5689ed58a73c,original_free,1.0
25b37bdc-b4db-4715-ba3a-cb6c54e03ff3,specialized,0.5586925723537745
fdd59047-74b4-4762-bcea-0ffd38ba6085,paid_other,0.8844444444444445
f7c4a5c3-b875-433d-9cbb-ed2e90118edd,paid_brave,0.8078534170747286
67991401-195d-4190-b2be-061a1de9ebf2,paid_other,0.8790697674418605
c50fbcfb-8d9a-4cd2-aa96-93fbae50aae3,paid_google,0.6653439153439153
81ec9b66-c95b-419d-94f1-1efdb05cd272,original_free,1.0
4eabe5e1-1a8a-4692-87ac-942b2f5e9488,paid_other,0.7452617302138504
6aa7715d-207e-4181-b8c9-9ea599be71cd,specialized,0.660490455698996
7be6acb9-5b99-4322-bcb4-68254688c2b6,paid_brave,0.6690050259817703
bb281ca9-26c6-4882-ac99-ed7a296e0d04,original_free,1.0
f7c4a5c3-b875-433d-9cbb-ed2e90118edd,specialized,0.6767396184062852
8d369886-ff91-45e4-8a11-b9b93d4f9c8b,specialized,0.7468159859464207
8d98806d-2c30-483f-8850-dc3d2723d356,paid_google,0.627871047481718
3e50e21d-762c-4bba-addd-983c63cdfa34,neural,0.5233367105707531
6ac439a3-ca36-421e-a4a9-778fb1e9538f,specialized,0.5673245614035087
1b0ca779-e25e-40be-be74-fae4e26eea68,specialized,1.0
e6e1e46f-a31d-4b20-a296-f5a75995f2c9,paid_other,0.8755980861244019
4d27a4b0-eef8-4761-ba91-8abd44cfafe5,paid_google,0.85
6e615698-e56c-4c2f-8e86-dd0fba584b32,original_free,1.0
d2d188ce-8720-425d-94cc-65a6b90e3282,paid_other,0.851851851851852
ed21f834-1625-4f6c-aee3-978500509276,paid_google,0.6377355734400878
62203d2c-8711-431d-b73c-6f523b1a9fcd,original_free,1.0
7740fb15-17b7-4983-9e1e-3284340e24f1,neural,0.5945308816595946
749f432b-3519-4529-835a-3e39618570f5,specialized,0.5676709726443768
ce5e9666-3677-46ab-bb79-6b2a78204226,original_free,1.0
d991bc4e-9536-447d-9d76-ce0788c1f962,paid_google,0.8707070707070708
9f3ec071-94b6-414b-b672-a3c1418a0d67,neural,0.6208509142053446
caa398dd-3e0f-41f9-9d2f-8b1b2bb92db5,paid_google,0.6799380604955161
c01152b1-17db-4800-9406-c8fb8ed73fbe,paid_other,0.8846153846153847
848e1b75-bd45-4f71-950b-133a15cdae20,paid_brave,0.7214410967639089
7fe156f4-f1f2-448c-a12b-d2177e045abe,paid_other,0.8518987341772152
4eabe5e1-1a8a-4692-87ac-942b2f5e9488,neural,0.5448628030023378
62aae3f6-ba45-40fb-8349-5b427141747b,specialized,0.6979035639412997
ac959d2c-3d5d-46a7-b2c7-e7da6cdac34d,paid_other,0.8451612903225806
2d8d7be9-318d-4b8b-8a5e-41216db148c7,original_free,1.0
d991bc4e-9536-447d-9d76-ce0788c1f962,original_free,1.0
0491dcc1-ddd2-4bf1-84dc-3f2634f5de47,paid_other,0.5920154043645699
98cf6e4a-b943-4a23-9639-0240ad7d76fd,original_free,1.0
38d79892-cbe4-4f5e-a368-d21f269d33fd,paid_other,1.0
ba6dc6b6-dbf7-4588-b83c-1c1becc97eae,original_free,1.0
6304e95c-30c8-4e11-aea3-38233a79ccc1,original_free,1.0
1a42782a-4b23-4f5e-8782-ac26e2bd2b49,specialized,0.6174089647873222
3e907bf1-1860-45a3-8c78-38a7ce91f2fa,neural,0.6516040378415516
93d1de7b-0cfd-48a4-ab81-afdcde4fd0f1,paid_google,0.8033918128654971
9c7fb591-c432-4585-9a05-db41497e0f9c,neural,0.5872132253711201
f62ca042-85c6-4743-b423-06a24bae2b8b,paid_brave,0.7586718020541549
23cea32b-0ff5-46df-be99-d95ab67015f6,specialized,0.6704042119875431
d22fc215-2a66-4a97-863b-3cfb3c7b82c9,specialized,0.6158839342188488
11d88e70-c545-4cad-8ca2-c43b72661634,neural,0.6067538287857923
69946991-3f00-4495-86e2-485e1f6c2c8c,paid_google,0.6279499608303956
36396b20-73da-4314-9a85-2adb60bd12bd,original_free,1.0
b2c0632e-d1b4-4928-a760-46e9b4377393,paid_google,0.6064539814539814
4b9df8f2-e4ee-4e76-aa4c-fbef17e78372,specialized,1.0
7974b90f-1636-4b77-8c4c-eaf3f877be33,original_free,1.0
47a6723e-28ce-42aa-ab5f-7811dafa5c1a,paid_other,0.5646606075493327
d15f0910-85d0-49de-9a87-cd8b65e203c9,original_free,1.0
39e14779-b329-4d7c-b376-f587d6ff6c89,original_free,1.0
a632cedb-a780-4d50-bf67-543d3c2fd5b0,paid_other,0.63853960789659
16be6f6d-2aa9-43f2-afd3-f7c42775898e,paid_brave,0.966183574879227
14329d0c-fa2d-4cc9-89f9-8c9664936524,specialized,0.5762099308610936
a32d8a79-ca0c-4749-b929-3c91a939176a,specialized,0.6245139625309296
401c7553-e71f-43b8-84eb-2ffc0c258c4d,original_free,1.0
b6cb0e8e-e2a9-470a-af83-b61a5a4930a9,paid_google,0.8684634154723855
f86682f5-30e6-4c9f-bc5c-6998d2ab5dbc,specialized,0.6985185185185184
dbcf6a51-20a9-40c7-a5f0-c539f06170c8,specialized,0.8458812872975277
1553a1a5-d9d9-419e-90a5-1fa6a48bd4e2,paid_google,0.7226258133596902
d432c5f1-e749-4744-bbd2-f9cf5ddef71c,paid_brave,0.7343153689115803
841172c0-7c8d-4153-9e7e-f6385eabe47a,paid_other,0.7177158999192897
10c276b0-8e6d-4a1b-a14a-a85e5816f82f,paid_brave,0.8070633901827741
c73e6215-f7cf-41b1-aacc-8d10cc86fb48,paid_google,0.6804414527029286
cf174e72-cc13-4a1d-8554-fcbf537ab3d5,paid_other,0.8136909987875747
10c276b0-8e6d-4a1b-a14a-a85e5816f82f,neural,0.5428564960154553
d6f5ebc3-5a11-461d-9848-9a7f48bb9538,neural,0.6510538452669203
0a7fdcde-1509-4732-8d14-c330585f6cc9,paid_google,0.7015195455267756
23600e58-b80a-4ab7-aeef-9bbc2bbab0ea,paid_google,0.8953125000000001
f9afc108-65de-469c-9d36-33726cb128d2,paid_google,0.554066985645933
14afbf93-a7b9-4fa9-915b-38890f98b548,paid_brave,0.7130167451596022
5b91c1c2-6da3-4810-93c0-91f0e042d1d1,paid_google,0.851851851851852
c08937e0-ae20-4521-998b-c834142760be,neural,0.5964763519879405
d15f0910-85d0-49de-9a87-cd8b65e203c9,paid_other,0.5789011598354974
e5a970d6-a230-4603-9e9c-27a1a4e1338b,specialized,0.7198276388227681
1ad7cac7-6dc6-41dd-b976-393163ac7800,paid_brave,0.8952799400334429
ced51279-8e65-4d04-a15b-6d278c595c85,neural,1.0
b25f17a1-ed6f-426c-887e-524370f28f54,specialized,0.5536876059264119
d0dacb59-cadf-41f8-9bb6-e6f2be6b3a5c,paid_google,0.5789473684210527
ea0bc351-df32-4176-8749-e3042d30adf6,specialized,1.0
502b3507-3501-4fda-a8cf-e15a07ea5fd3,paid_google,0.8767857142857143
7974b90f-1636-4b77-8c4c-eaf3f877be33,neural,0.5585414585414585
082236f4-68b8-4781-b25e-93591178d839,specialized,0.6190283400809716
849c7c61-5a28-46bd-af07-62b062c027c5,paid_other,0.6458126448195961
a5954cf0-0624-484c-8299-4c08c5070c40,original_free,1.0
bac90278-b6f6-4f5a-847d-370e45e92d99,original_free,1.0
514fd566-7df6-4248-aa6a-92d610a839c0,paid_brave,0.8014184397163121
0038e066-c8aa-40ce-8b94-579cbd33481b,paid_other,0.8611940298507463
ebcc4130-770d-426b-9939-caf97419af9d,specialized,0.6006686602920913
ff2df774-8d22-4909-ae19-95d426a89530,paid_brave,0.8607142857142858
b9a6d7cd-27c8-4ff0-aa4e-bd387bfc453f,paid_google,0.8822222222222222
5d6e178d-ba86-41d1-ab73-fc79632eb398,neural,0.5811830609952675
7938e1e8-127c-4f61-b806-41787a547a54,original_free,1.0
396ed137-ff6e-4542-a156-ed62e9c9df57,specialized,0.699800281714063
334a6e3e-ae22-43b8-aaa6-e3a3963099eb,neural,1.0
f64262de-94e2-478e-9a61-ac22b70a0e03,paid_other,0.7695113528446861
3c1581a7-b415-4721-8457-54371dfb54e6,paid_other,0.5729319352930249
bfd7889f-93cd-4904-b694-130ff739ebfc,specialized,1.0
502b3507-3501-4fda-a8cf-e15a07ea5fd3,specialized,1.0
66e51f4c-2b98-4de8-a74d-b394c238bab3,neural,0.5443467643467644
c5483a53-c722-4583-a16c-46b58f23f324,neural,0.6318137588673031
ee0a3e6e-638a-4bf2-8d94-ca93704049ba,specialized,0.6886186914628394
e6e1e46f-a31d-4b20-a296-f5a75995f2c9,paid_google,0.8755980861244019
dbcf6a51-20a9-40c7-a5f0-c539f06170c8,original_free,1.0
f53754ef-9c4e-482f-84d3-9bd0a6a8c892,specialized,0.6346580420990585
77b2d06f-36f3-4baf-8a0c-b5200e288437,specialized,1.0
cee5e9a5-1b3d-4f10-9251-ceba550e202f,original_free,1.0
01549a9c-6584-4a48-ba0d-5e84a6501b44,paid_brave,0.7419354838709676
bb83c6dc-b113-4c37-bf2b-007738d0da77,neural,0.6258356873822976
f4704b96-5687-4445-b5ab-7810eb6def6c,paid_other,0.85
00b7f89e-cdd6-4e34-9a90-bbda53733270,paid_brave,0.812807881773399
a101f6c8-b287-4ffa-9d04-be397c238321,original_free,1.0
62aae3f6-ba45-40fb-8349-5b427141747b,neural,0.6693727071301443
53a937ae-ab54-4637-b954-68f8a06fd1a1,specialized,0.7123520601781471
b6cb0e8e-e2a9-470a-af83-b61a5a4930a9,neural,0.6540687214713711
34b6c06e-dc8a-4e96-9cf0-8ec0852f15c7,original_free,1.0
8dcb77d7-d226-4b5f-9c8d-9baa4191d994,paid_google,0.6580889870363554
3fe05733-8253-46a2-924c-bb0cedbe290e,paid_google,0.7160493827160493
28f114f2-8f03-460d-80c7-8703f582eabd,paid_brave,0.6773409773409774
d8f903a8-bf0b-49e5-806e-c010fc76026c,paid_other,0.6150703750456302
26c97e89-5440-43ef-9cca-3088c179a843,neural,0.5827981744012278
ee706abd-d8bd-45ab-8a71-ecb2684a0aab,paid_other,0.851851851851852
5453bd7b-8c66-41fa-84eb-1541c9160d68,specialized,1.0
cdfd6a14-0d96-4c2f-8194-6693404218b2,paid_brave,0.8985507246376812
f0752e86-8592-4681-87fd-025927ab4e23,neural,0.0
ebf764b2-dc49-477c-87b4-547dd0dc765a,paid_google,0.8859813084112149
99106d71-722c-4b31-9347-3156e6db6877,original_free,1.0
4f89645d-d128-4031-9eaa-3a7d6648df23,paid_brave,0.8581818181818182
d15f0910-85d0-49de-9a87-cd8b65e203c9,specialized,0.5694931773879143
1041e0d3-077e-4e87-84ca-47b2ac8368cf,specialized,0.5888463175819497
8a02ae9c-8c1b-49ba-ad34-9e26e6295611,neural,0.5964203731510727
b06348e2-05ce-4b0a-bce5-724494461b13,neural,0.5975063938618926
26c97e89-5440-43ef-9cca-3088c179a843,original_free,1.0
9c7fb591-c432-4585-9a05-db41497e0f9c,paid_brave,0.8014184397163121
38d79892-cbe4-4f5e-a368-d21f269d33fd,original_free,1.0
1072a343-7d01-44b6-83d2-ab297aa54dd9,neural,1.0
e1653e6e-d355-4d8d-bdaa-110e5a4d062e,neural,0.571664925113201
de6ebd6a-d71a-46c9-920f-fe17558e158e,neural,1.0
9c7fb591-c432-4585-9a05-db41497e0f9c,specialized,0.5673245614035087
26c97e89-5440-43ef-9cca-3088c179a843,specialized,0.5827981744012278
433d7d7f-4152-4c71-ba5b-01e27c4f52ed,paid_google,0.7414208608018482
16b5e635-462a-43a2-8327-5c2e475e2968,paid_google,0.851851851851852
985ae3bb-66f5-4c2b-91b9-82af74062e7d,original_free,1.0
e3db200a-81f5-4522-bf01-6a605ba9581d,paid_other,0.48339168686596645
4625070b-8780-45d0-961c-a9463854ce9c,neural,0.5872132253711201
5fa3d68e-521e-4981-86d1-a54e5dc9a804,paid_other,0.6369395711500975
24f74c5a-5a75-4c91-83e8-65fdd4565f68,paid_google,0.7451036614865423
2f1e95d7-c8ec-4802-b6a6-891315aa1704,original_free,1.0
98cf6e4a-b943-4a23-9639-0240ad7d76fd,specialized,0.47142857142857136
86122e62-49f9-462f-ad15-5cc48e1fe7b2,original_free,1.0
5d6e178d-ba86-41d1-ab73-fc79632eb398,paid_google,0.6538090288090288
577bda92-ad4a-4c66-b204-32763d1ea975,paid_google,0.851851851851852
11ed16db-213f-4a4a-903a-83b285759471,paid_other,0.6826493159826494
a646bcb3-16dc-4cbb-88b3-e5614b0f14f4,original_free,1.0
69308eb8-f047-4a02-9918-6be9f7ab1108,neural,0.0
448e0fc0-b3e8-4172-85a6-200305eeb55e,neural,0.5780149897796957
b1329783-79c7-4de3-9be8-73be853a7a41,neural,0.5824584291779678
648fd4f5-3541-40fe-8c53-9fc8c62f1b92,paid_google,0.6424904785560522
cc78c2f2-4d4b-458c-80a5-fac7e3b1ccc5,paid_other,0.6388947603278611
53f2c062-024d-4900-bc96-2bffc2631ab5,paid_google,0.6680924395740355
66717348-31eb-46c3-a84f-54773ba7ed3c,original_free,1.0
f85c89c2-8c53-45b8-91a8-6d1a7e6c455e,paid_other,0.8687898089171975
c8beac48-c90f-435a-9d65-a5adbcfde88b,paid_other,0.6418353576248313
11ed16db-213f-4a4a-903a-83b285759471,paid_google,0.9016916274425902
3f837b51-6d50-444e-b6ce-c1ac25c8de63,paid_google,0.876595744680851
971ee889-50ac-4796-826f-07fe11905a25,specialized,0.5738944924991437
6765b9d2-9b64-4a2c-aeaa-95e339e806b4,paid_other,0.8105263157894737
777905e2-d1b9-4699-9cc2-9d00a0e23e60,specialized,0.6353643551358141
af462d06-7c39-4545-9069-e8a4d6889806,paid_brave,0.7975438596491228
ceb7705f-e9b0-4c11-85d3-6c480b604151,original_free,1.0
7d06f413-dd66-455a-8662-b1b7802f0189,paid_google,0.85
b77e4720-af5c-4a92-bccc-7b52aa4d9819,original_free,1.0
b03e2e34-95b6-4264-8042-4d39ad76d21f,paid_brave,0.882051282051282
d625d3b0-5099-4c62-b12b-8b8d7084790c,paid_google,0.6636060878344471
7b4a06d4-1564-409a-96b8-a0fe29da3d88,specialized,1.0
648fd4f5-3541-40fe-8c53-9fc8c62f1b92,paid_brave,0.6875252525252525
d95ed62d-1d51-4ccc-a5ff-898884fd1f15,specialized,0.6353643551358141
f0752e86-8592-4681-87fd-025927ab4e23,specialized,0.0
b2c0632e-d1b4-4928-a760-46e9b4377393,paid_other,0.7482843713278496
29e6ff29-8eba-444f-8750-cd59005d2ef9,original_free,1.0
b6cb0e8e-e2a9-470a-af83-b61a5a4930a9,paid_brave,0.7991810473918477
f3929c3a-d25b-412d-9c92-b51f0862a408,neural,0.563095238095238
792d85ca-7785-4d20-aa5f-91cb8056fe51,paid_other,0.5534620206751354
f1241f01-05a8-49b8-82df-744fcee2c295,paid_google,0.8121221919826107
b06348e2-05ce-4b0a-bce5-724494461b13,paid_other,0.5284419034419034
f62ca042-85c6-4743-b423-06a24bae2b8b,neural,0.5759908017260958
dc285158-0dfb-44e4-b207-a71182965eca,paid_other,0.8701738760020137
36396b20-73da-4314-9a85-2adb60bd12bd,paid_other,0.8729281767955801
69308eb8-f047-4a02-9918-6be9f7ab1108,paid_brave,0.6875
726e8072-dbd6-4ff7-8dc5-d91d05c8b71d,specialized,0.5600430534856765
502b3507-3501-4fda-a8cf-e15a07ea5fd3,neural,1.0
80cee934-4364-4365-86e0-b0f63ea26f17,neural,1.0
6413f295-f00f-47d3-b1fa-e43304106f5a,paid_google,0.7737509465990116
c50fbcfb-8d9a-4cd2-aa96-93fbae50aae3,original_free,1.0
b6363b63-363e-4883-aa93-45404923714f,paid_brave,0.7971014492753623
a13c8361-ab20-4f0d-bc31-828e58ce57ec,neural,0.6011617967924061
8314dd00-63db-4381-a46f-99288f1977c6,paid_other,0.8615249281395579
f39fbf6e-8e28-4e94-bb74-6b997493ab59,neural,1.0
a9b090ca-3918-42ab-aaaa-7bc608b3bd39,paid_other,0.7802691749767448
2444ee7c-ecbc-4c24-aa1c-f1ab20d85f7d,specialized,0.7871309203390511
8fcd43ce-bee1-4ed1-909c-4c5176f0ba6f,paid_brave,0.9523809523809524
10205441-53b0-435c-92fc-aedb6b6825af,paid_other,0.8838709677419355
06e23e53-ca20-48f5-b64b-ece1e231ea44,paid_other,0.68615725875254
57f03947-852c-4a2f-a974-b8a3b6905c5b,paid_google,0.5789473684210527
0c548aca-52b9-4c52-90a5-b741810aa77e,paid_other,0.9388235294117647
1041e0d3-077e-4e87-84ca-47b2ac8368cf,paid_google,0.6035956380783968
dac3c153-3186-495a-aebc-09ab5949fb21,paid_brave,0.8876546159154856
d3e20889-fb61-456e-8129-ea40cd681e3e,specialized,0.6293686868686869
0c548aca-52b9-4c52-90a5-b741810aa77e,specialized,0.878061338372941
15b42d8a-31f9-47e0-88f1-8919c53fefba,neural,1.0
334a6e3e-ae22-43b8-aaa6-e3a3963099eb,paid_brave,0.8697916666666666
08d0fb2a-aa2d-4883-81af-c9c77c23c2cb,paid_brave,0.7059351276742581
946efcc6-9bb8-4805-98df-789e2c17a5b1,original_free,1.0
00e768ca-a5a6-461f-abac-3b5177931001,paid_brave,0.870940170940171
b3bf8bde-f024-4b6d-bd4c-4d3449861976,paid_google,0.680058010210581
35167059-fa9f-468e-945c-6d44c7f9f5cf,paid_google,0.8763636363636363
e1653e6e-d355-4d8d-bdaa-110e5a4d062e,specialized,0.7795206971677558
f6569c08-77a1-4bd7-8693-31bbb2e1da2d,paid_google,0.6749911676382264
8d369886-ff91-45e4-8a11-b9b93d4f9c8b,paid_google,0.6712013331313438
9da7142e-1ac6-48d2-b5f6-9f48f39f10b9,paid_google,0.8109977324263037
433d7d7f-4152-4c71-ba5b-01e27c4f52ed,specialized,0.793071253071253
75629b0c-dbae-4aed-acc9-625768dfc6bc,specialized,0.6201085099111414
d26480b6-a396-44a8-97f6-15e2cca8c216,original_free,1.0
86122e62-49f9-462f-ad15-5cc48e1fe7b2,paid_brave,0.7327114511116424
2ac8bbcd-4855-4f39-b339-60b095d8ed7a,neural,1.0
e865c771-ff8b-4b77-b6d0-a55003f1fc4d,original_free,1.0
985ae3bb-66f5-4c2b-91b9-82af74062e7d,paid_brave,0.8125
51897f66-9e4b-4f3f-9ce3-01212ce18926,neural,0.5553410553410553
7428d981-9515-46ed-98d7-eedd43a179af,neural,0.5990127519539284
4d27a4b0-eef8-4761-ba91-8abd44cfafe5,paid_brave,0.85
5c3bb872-51d7-416e-a5f6-48906f9a0ac9,neural,0.5811022593705106
98cf6e4a-b943-4a23-9639-0240ad7d76fd,paid_google,0.7280701754385964
cee5e9a5-1b3d-4f10-9251-ceba550e202f,specialized,0.5910818713450291
b0b17244-af3f-4678-ad9f-bba4b71dcfbf,paid_brave,0.6964879417441088
121471e2-68bc-4724-9c88-ae5d8b7cb005,paid_other,0.8677248677248677
be68cc93-8fbe-4d8e-99f7-0fff0ad9acaa,paid_other,0.7125474531134909
caa398dd-3e0f-41f9-9d2f-8b1b2bb92db5,specialized,0.7198269920044114
28f114f2-8f03-460d-80c7-8703f582eabd,neural,0.7251528540188333
11d88e70-c545-4cad-8ca2-c43b72661634,original_free,1.0
9e1919c5-87a4-48e0-9654-191555496b82,neural,0.5922890103217971
dd93361a-f639-4b26-852d-e2f4985ccf07,original_free,1.0
c40c5cb3-a2cd-4ade-9f87-019f924e1ada,paid_other,0.9056818181818181
f3929c3a-d25b-412d-9c92-b51f0862a408,paid_google,0.6042553191489363
be197ffe-44c4-410b-b121-9d418ba59d2b,specialized,0.6373626373626373
a646bcb3-16dc-4cbb-88b3-e5614b0f14f4,paid_other,0.9025641025641026
fd3c2ef7-9655-4f1e-ae8b-8af79d724ae2,specialized,0.5532868706349903
e7737246-539a-4ee7-aa0e-b9ab91e4178e,paid_google,0.8857142857142858
946efcc6-9bb8-4805-98df-789e2c17a5b1,neural,0.5825856912813435
5229f521-bbb6-4856-8d90-bcb281430eeb,original_free,1.0
aeaf88f1-1c63-450b-ba7a-088867303127,paid_other,0.9287671232876712
cc90c3a0-169d-403a-baee-b80fcc119819,original_free,1.0
6b15798b-45e9-44f4-bbc2-003866d3c063,original_free,1.0
8144cc33-4334-4fd9-8f36-f5674335eb29,paid_google,0.7682205513784461
074ddc77-e0a4-46f5-826e-0a6868e6d787,specialized,0.5613445378151259
f0752e86-8592-4681-87fd-025927ab4e23,paid_brave,0.6767676767676768
fed7457b-4468-403c-bae4-893d1836ab3c,original_free,1.0
e1653e6e-d355-4d8d-bdaa-110e5a4d062e,paid_google,0.7738412325368846
9ce4833e-d1d5-491b-ab4b-a825e878e08e,original_free,1.0
ebf764b2-dc49-477c-87b4-547dd0dc765a,neural,1.0
7842beca-0867-49fb-bad7-20b348e9020f,paid_other,0.8322271517302573
cc90c3a0-169d-403a-baee-b80fcc119819,paid_other,0.8890052356020942
cfe1e6ae-39a4-4fb6-aabb-38571e2c0a7d,neural,0.6595165975242842
f136a4eb-5426-49c4-88f8-e3e7879a0af9,paid_google,0.806060606060606
04f32696-5534-40f6-af39-ce76be29fd82,original_free,1.0
a646bcb3-16dc-4cbb-88b3-e5614b0f14f4,neural,1.0
7b1ab636-c0f8-4b23-b805-77662bdda8a9,paid_brave,0.7246299770690016
99106d71-722c-4b31-9347-3156e6db6877,paid_google,0.6834669811320755
1a57af3f-a4f5-4f5a-8654-9d3ce652530c,paid_google,0.6173013580331828
334a6e3e-ae22-43b8-aaa6-e3a3963099eb,original_free,1.0
38237a35-cdb4-4974-b87a-dbfa8d98e331,original_free,1.0
82bd2d49-f90f-424d-8c32-9fbf70947d20,original_free,1.0
82bd2d49-f90f-424d-8c32-9fbf70947d20,neural,1.0
f7440437-ad2d-4d8c-9f64-40602c8c09f1,original_free,1.0
ba6dc6b6-dbf7-4588-b83c-1c1becc97eae,paid_other,0.7247863247863249
5d8aab44-fe7a-45a4-ad9f-f928facc8539,paid_google,0.5820512820512821
acda7041-07c4-4add-bf68-183203e3dbf9,neural,0.6600314889788574
985ae3bb-66f5-4c2b-91b9-82af74062e7d,specialized,0.5574102829537612
1553a1a5-d9d9-419e-90a5-1fa6a48bd4e2,neural,0.649093429354407
ae5796cc-e3b2-41ca-9f17-dece6e5d1a06,specialized,1.0
6e615698-e56c-4c2f-8e86-dd0fba584b32,paid_other,0.8433548387096774
4fe7a378-adfe-4eef-af26-bb947e17c233,specialized,0.6305907294149176
eb8bb643-6537-46b0-b42d-702a3dc3d437,paid_other,0.638275566966196
b06348e2-05ce-4b0a-bce5-724494461b13,specialized,0.5975063938618926
08110b45-75a8-4f4b-96fa-fc2c4bdc5343,paid_brave,1.0
fa82bdf3-de68-408b-9488-bdceb6f04ffd,paid_google,0.640091706539075
b7b479b4-eb09-4892-8af8-e88a040f3d4b,paid_google,0.889655172413793
f64262de-94e2-478e-9a61-ac22b70a0e03,neural,0.5436136432071391
e9784d46-6eac-4acf-a575-0525f4187772,specialized,1.0
ebcc4130-770d-426b-9939-caf97419af9d,neural,0.6006686602920913
5a2b695f-2783-46a9-8f6c-98868a9f5002,paid_google,0.8476995629169541
989b7ca5-a0f8-431a-a3f2-4c1ac6e0ed59,original_free,1.0
7b4e1e3e-5c91-48d9-a1ab-fe2aaa8d5037,paid_brave,0.85
efe7b586-4d3e-46d5-85fc-48f9ba213c27,paid_google,0.8784688995215311
8dcb77d7-d226-4b5f-9c8d-9baa4191d994,specialized,0.6030831308609086
25b37bdc-b4db-4715-ba3a-cb6c54e03ff3,original_free,1.0
01b2cda2-a67f-4d20-adc9-94b1bd6fd512,specialized,0.8479512923488827
2c131c81-99af-48ca-9b9a-b32c9c959d79,neural,0.6157569850552306
7c1af73d-df29-4be6-ac40-c2ca2e3d864d,paid_brave,0.7872814575876746
9d4cf316-3dad-4470-8cd7-960548a3298d,specialized,0.5845381571323172
2600e567-407e-4469-a2ff-4cca36353988,neural,0.48446368446368443
b25f17a1-ed6f-426c-887e-524370f28f54,paid_other,0.8451612903225806
e3790259-51b5-40c6-bda5-7064f09b09c8,neural,1.0
53a937ae-ab54-4637-b954-68f8a06fd1a1,original_free,1.0
deee9f33-9672-41d1-ab6f-994b8e41738f,paid_google,0.8474576271186441
f9afc108-65de-469c-9d36-33726cb128d2,neural,0.5602624447297105
dab294f7-a79d-48f5-af95-eff5ef9fab6e,specialized,0.5948502788291521
bedb0e86-d1b2-4ba0-9433-a83a1b6d67ae,paid_other,0.886021505376344
d65638f3-ba8f-4f37-bcfd-d5838c8842cd,neural,0.5570744047188421
6e12ab59-bb11-4b7e-a1b3-db32b3d9f540,paid_brave,0.9138461538461539
af4bad40-ee6d-46e1-bf6f-673513dec233,original_free,1.0
eb8bb643-6537-46b0-b42d-702a3dc3d437,paid_brave,0.8246074339097594
3857e0e7-b5f1-4a36-a13b-262d80162061,neural,0.48446368446368443
d5e9a5ea-f384-4e4a-823e-1df377413093,paid_google,0.7125000000000001
c6912b31-0f91-46d4-8cc0-670839d9148b,neural,0.6508952415169486
f9f8c48c-42b3-4d41-bbba-fdc274484fa7,specialized,0.6177586481747169
e9784d46-6eac-4acf-a575-0525f4187772,neural,1.0
9f1c4b6e-10f9-42c6-9143-a888c92c59a7,paid_other,0.822266139657444
f0b16052-c178-494b-b994-a57f47ad8224,specialized,0.6886137946831589
5c3bb872-51d7-416e-a5f6-48906f9a0ac9,paid_other,0.8639569892473118
b221a7ab-29d2-4ae3-927d-7d13147ae5ed,paid_other,0.5576407851365041
9b50f5a7-0513-447e-89d2-ba4fb7e67a62,original_free,1.0
982729e8-04d2-46be-9a26-7ff85937a2a3,neural,1.0
4f1befd3-32bc-486e-9b48-8be7124d9bca,specialized,0.6062573932878682
c08937e0-ae20-4521-998b-c834142760be,paid_google,0.6388714733542319
4f1befd3-32bc-486e-9b48-8be7124d9bca,original_free,1.0
3fe05733-8253-46a2-924c-bb0cedbe290e,paid_brave,0.7111111111111111
607d4fb0-0f25-4f81-9b97-95c7a89010c0,neural,0.6383538078351908
16cfad6c-8311-4309-b7e8-37e8540a5e4f,paid_brave,0.8365193150139386
16be6f6d-2aa9-43f2-afd3-f7c42775898e,specialized,0.6503923278116827
4237ecf2-7ee0-480b-97a7-ec5a4fa9cce9,specialized,0.5785742811501597
6304e95c-30c8-4e11-aea3-38233a79ccc1,paid_brave,0.7256604908778822
f4704b96-5687-4445-b5ab-7810eb6def6c,original_free,1.0
8bfdd929-8a24-4904-95d4-7664cad1d051,specialized,0.6557247650126907
3e027faa-b697-49f4-abbf-89a32777b196,neural,0.5828201417379413
41ad24db-fa71-49c8-a9c0-7058cb87988f,paid_google,0.49258391881342706
b824c63a-a310-4f94-aba4-c2e5f1328d9a,neural,1.0
01b2cda2-a67f-4d20-adc9-94b1bd6fd512,original_free,1.0
159fb71f-42c6-4cdc-9977-4b0c6748579d,specialized,0.660490455698996
734d4d33-e64c-4d3e-8e12-c8dd75baef26,original_free,1.0
a6e89d57-fd2c-4fe5-9e57-bd449969c4c8,paid_brave,0.9106918238993711
3ddf4189-b401-4583-b3de-18eda8178e4f,neural,0.6066561849467277
b3bf8bde-f024-4b6d-bd4c-4d3449861976,specialized,0.6567493807759218
5229f521-bbb6-4856-8d90-bcb281430eeb,paid_google,1.0
6ac439a3-ca36-421e-a4a9-778fb1e9538f,paid_brave,0.8014184397163121
926dc624-bc88-4c11-bf93-78f33efc43cd,neural,1.0
695b9e26-7ae5-4986-ba6d-e8beb52e9715,paid_brave,0.8675801138065289
48c59936-e018-4ef0-b519-13adf421b183,paid_other,0.6028523901359258
b68dc359-db51-4025-a2e6-652627036ad5,specialized,0.5663744145738835
14afbf93-a7b9-4fa9-915b-38890f98b548,neural,0.565934065934066
4ccd808f-d969-4018-8f65-65b780b10991,original_free,1.0
3fb982d8-a8ee-4e0d-a217-16ab98b6dbc9,paid_google,0.6733333333333333
3e027faa-b697-49f4-abbf-89a32777b196,paid_google,0.8697109923154025
bcc7d9ec-bf6a-41cb-ae1a-b921bc6a0617,paid_brave,0.8095238095238094
f5dea594-6512-4cf1-a421-099115e0e13c,specialized,1.0
ee1fa91b-f40a-4a6a-bcf4-fc8d0345bacc,original_free,1.0
cedde1af-8709-4ada-9bb2-8c948c3524c4,paid_other,0.6555555555555556
d2786f18-9964-44bd-9d62-12e76512cf2d,paid_google,0.8763636363636363
fd6b676e-8705-4e3e-8ecf-ca6eac2d058e,specialized,1.0
922c8a9e-4a5b-4c62-983b-6f19facf4f92,specialized,0.7001487793331981
0b04d220-451b-463b-9a92-2c32bc572d4b,paid_google,0.6346622369878184
9cb4a6d4-143d-4818-ad59-f50afb5b6d2a,paid_google,0.5726044226044226
fb59a507-2cf0-4008-8997-46dac60d88a7,paid_google,0.6127214170692432
82d35294-043d-4eed-a9ed-6a9dbfc6ad8c,specialized,1.0
0ab947a0-95eb-4ad8-b6ee-0d121e753246,paid_brave,0.6875
fd6b676e-8705-4e3e-8ecf-ca6eac2d058e,paid_other,0.8838709677419355
e865c771-ff8b-4b77-b6d0-a55003f1fc4d,neural,1.0
514b47fc-f747-468b-b354-f051d327d0c0,specialized,0.5664545775892541
80242102-1e23-45e8-b2aa-4d15fcc88d49,neural,1.0
01549a9c-6584-4a48-ba0d-5e84a6501b44,original_free,1.0
d6907839-1199-4b1a-aa28-4fdcf09ec54b,paid_google,0.6120474057484135
ae5796cc-e3b2-41ca-9f17-dece6e5d1a06,paid_google,0.8953125000000001
0469d164-946b-4011-8f5f-82cdf4b5c779,paid_brave,0.8383002645502645
faab9864-fe9c-4eff-adcb-9ab2b7c7cb6e,paid_google,0.8884615384615385
00b7f89e-cdd6-4e34-9a90-bbda53733270,original_free,1.0
b2f94c6c-ec32-4bd4-8cc8-d54d930a75e5,paid_brave,0.8912
1674d04e-d964-43c3-956c-1e200a89cce3,neural,0.5434241352901111
48a73e7b-549d-4c05-97c6-0d8ef5206b6e,neural,0.5872132253711201
06311970-fc29-4973-8156-cae47ed0d8f0,original_free,1.0
848e1b75-bd45-4f71-950b-133a15cdae20,neural,0.6512150634502242
f648aa5d-7028-46c5-a871-909269639fcc,paid_brave,0.865625
e9784d46-6eac-4acf-a575-0525f4187772,paid_google,0.8837209302325582
f44d0efe-8321-427e-afdc-0924521cef3e,paid_google,0.8449275362318841
3d41e1b5-3913-43ee-ae79-284ff3c359e1,paid_other,0.8827586206896552
a2e07e5f-32d5-4ff7-b42d-19c35eaf367e,paid_google,0.7200896901357731
a84723d3-1e70-487a-ba0e-4d7cbefff6c5,paid_other,0.6020703408075069
d6907839-1199-4b1a-aa28-4fdcf09ec54b,specialized,0.6664794007490636
4973464b-94f0-44b1-871f-ea7332e3a647,paid_brave,0.8586327503974563
d2786f18-9964-44bd-9d62-12e76512cf2d,paid_other,0.8763636363636363
6aa7715d-207e-4181-b8c9-9ea599be71cd,paid_other,0.6020703408075069
dab0a67d-0380-4131-b901-2b6ae66e06d1,original_free,1.0
a9952fbc-47de-4e43-84b4-792214d8b4e9,neural,0.5444584913611462
a4a00ce0-bd5d-48b9-9115-95d6ac84dea0,paid_other,0.5172064777327935
34b6c06e-dc8a-4e96-9cf0-8ec0852f15c7,specialized,0.6136363636363636
dc285158-0dfb-44e4-b207-a71182965eca,paid_brave,0.8080390423189612
e4601fd7-48d0-453c-b98f-4a0aa449740b,specialized,1.0
0b04d220-451b-463b-9a92-2c32bc572d4b,neural,0.7022385022385023
ee0a3e6e-638a-4bf2-8d94-ca93704049ba,paid_other,0.6224987430869784
210d04ed-6a7c-49fb-85f5-719bbbc26436,paid_google,0.5574004455583402
74483a5a-baf4-4e8d-a8fe-b8756bab080a,original_free,1.0
34b6c06e-dc8a-4e96-9cf0-8ec0852f15c7,paid_brave,0.6015981735159818
8a02ae9c-8c1b-49ba-ad34-9e26e6295611,original_free,1.0
d0dacb59-cadf-41f8-9bb6-e6f2be6b3a5c,paid_other,0.6458126448195961
ea0bc351-df32-4176-8749-e3042d30adf6,paid_brave,0.888
fd3c2ef7-9655-4f1e-ae8b-8af79d724ae2,neural,0.5532868706349903
24e0f50d-7de8-4820-b744-95a7fadfdcfe,neural,0.5888463175819497
764d08bd-f7ae-4801-b4a9-5205a0a79302,neural,0.5928486089776412
10373513-d80f-4bc1-8352-8178e0a11fdb,neural,0.6115079365079366
a13c8361-ab20-4f0d-bc31-828e58ce57ec,original_free,1.0
e991815f-170a-4ebb-b8c7-30e2a66653c2,paid_google,0.7392045822557781
c6236195-7c48-4ce3-bb31-92b7ed07bd96,paid_brave,0.7058823529411765
f53754ef-9c4e-482f-84d3-9bd0a6a8c892,neural,0.6346580420990585
c5483a53-c722-4583-a16c-46b58f23f324,original_free,1.0
cd2bbf76-c80e-4010-bfcb-07e6b0b76070,original_free,1.0
3c1581a7-b415-4721-8457-54371dfb54e6,paid_brave,0.6231325863678805
bac90278-b6f6-4f5a-847d-370e45e92d99,paid_brave,0.6702883498972082
971ee889-50ac-4796-826f-07fe11905a25,paid_google,0.5750665607578365
8003a039-958a-41ff-9a41-ce0abdf619cb,paid_google,0.5886602829537612
848e1b75-bd45-4f71-950b-133a15cdae20,original_free,1.0
60621ba3-c2ab-4c84-8ae4-57499dc6d3a9,paid_other,0.8740088105726873
01549a9c-6584-4a48-ba0d-5e84a6501b44,paid_google,0.7471264367816092
8fcd43ce-bee1-4ed1-909c-4c5176f0ba6f,specialized,0.5712349980642664
edd1e4ed-038f-4c15-bd5b-6223e204a6c9,paid_other,0.851851851851852
777905e2-d1b9-4699-9cc2-9d00a0e23e60,neural,0.6353643551358141
b221a7ab-29d2-4ae3-927d-7d13147ae5ed,neural,0.6686472568825511
06eed339-934e-4087-90ce-a6e2569befdf,neural,1.0
f58b0287-c317-49b2-a579-1d4572bd20b7,neural,1.0
9b50f5a7-0513-447e-89d2-ba4fb7e67a62,paid_google,1.0
10fbd5a4-703b-47e3-bde1-7c0c008ea94c,original_free,1.0
ad041fb9-fe3a-4557-a727-01df5c7525c1,original_free,1.0
f10ccd76-12be-4457-972b-18edffca5ff2,original_free,1.0
0cecc4ef-f05b-4253-8240-6f3d49501026,paid_google,0.8751269035532996
f1241f01-05a8-49b8-82df-744fcee2c295,paid_brave,0.811764705882353
6b15798b-45e9-44f4-bbc2-003866d3c063,paid_brave,0.7991810473918477
e3db200a-81f5-4522-bf01-6a605ba9581d,paid_brave,0.7536514118792601
cee8284a-4926-4699-9511-ba70eb36db58,neural,0.6224438372799028
726e1cd3-c21b-43a5-b2e8-397cc72123b1,specialized,0.6521628144435162
00b7f89e-cdd6-4e34-9a90-bbda53733270,paid_other,0.851851851851852
46e10105-8e18-4f03-a97f-43e9b3db206f,paid_other,0.8674318097736522
43ae5558-52bb-4eda-a38c-714274e837f6,paid_google,0.6737602008788449
06eed339-934e-4087-90ce-a6e2569befdf,paid_brave,0.8945273631840797
d6f5ebc3-5a11-461d-9848-9a7f48bb9538,paid_other,0.9388235294117647
b56d74c4-6158-4087-ace2-91848c70cf3b,specialized,0.6429292929292929
11ed16db-213f-4a4a-903a-83b285759471,neural,0.5709538305428716
eec7a420-f678-4331-a5c0-4349ca145d8a,original_free,1.0
cf174e72-cc13-4a1d-8554-fcbf537ab3d5,original_free,1.0
2b97ee7f-e52f-4b5d-bb24-76e5e0f17dee,paid_other,0.8763636363636363
fac9b8c3-a3d3-4b9b-959e-35a672713181,original_free,1.0
cc78c2f2-4d4b-458c-80a5-fac7e3b1ccc5,paid_brave,0.701435371114086
848e1b75-bd45-4f71-950b-133a15cdae20,specialized,0.6512150634502242
ee0c9eff-aa2c-4d83-89f9-394e5c65f793,paid_brave,0.8692307692307693
fa6d6937-770f-4f8e-bea2-ec960765b84d,original_free,1.0
60621ba3-c2ab-4c84-8ae4-57499dc6d3a9,paid_brave,0.8740088105726873
e6d8368f-d5dd-4920-a1c8-5e3cfface94f,specialized,0.623015873015873
63dab63f-afa3-485e-bea8-1086c132ca45,neural,0.5834861263904169
6765b9d2-9b64-4a2c-aeaa-95e339e806b4,original_free,1.0
a0a953aa-0887-4090-9cd4-838ce67657dd,paid_other,0.8741935483870968
ba915f64-fe99-44e5-b19f-a63c51035e83,original_free,1.0
2444ee7c-ecbc-4c24-aa1c-f1ab20d85f7d,paid_other,0.7743911261152641
e2465754-e157-4a70-89bf-c18f65aa111f,original_free,1.0
8dd60a11-c54a-4593-84b7-e98c758222a5,paid_brave,0.890909090909091
5c010dee-f8ac-4b90-bbde-11ed5837ddd5,neural,0.653495068710215
500cb1b0-b0c9-46e9-8961-f4dd06945140,neural,0.6054188662644545
f81d3b7e-8e65-43ac-befa-76aa2fd665b2,specialized,0.6970981863664791
8144cc33-4334-4fd9-8f36-f5674335eb29,specialized,0.6836531627576403
5d8aab44-fe7a-45a4-ad9f-f928facc8539,paid_brave,0.7540983606557378
7842beca-0867-49fb-bad7-20b348e9020f,paid_google,0.6940604198668714
10373513-d80f-4bc1-8352-8178e0a11fdb,paid_other,0.6494029190623617
de6ebd6a-d71a-46c9-920f-fe17558e158e,paid_other,0.8757009345794392
e3790259-51b5-40c6-bda5-7064f09b09c8,specialized,1.0
82bd2d49-f90f-424d-8c32-9fbf70947d20,specialized,1.0
e3db200a-81f5-4522-bf01-6a605ba9581d,original_free,1.0
4f1befd3-32bc-486e-9b48-8be7124d9bca,paid_brave,0.5931131247159468
16be6f6d-2aa9-43f2-afd3-f7c42775898e,paid_other,0.8329007539241132
81ec9b66-c95b-419d-94f1-1efdb05cd272,paid_brave,0.887292817679558
926dc624-bc88-4c11-bf93-78f33efc43cd,paid_other,0.8909871244635192
514b47fc-f747-468b-b354-f051d327d0c0,paid_other,0.6584511885558514
636dd0bb-0367-47fc-aec9-5f54ee89134a,paid_other,0.8705882352941177
6db30215-290b-4619-a880-07707854c0c6,paid_other,0.8592592592592593
4fe7a378-adfe-4eef-af26-bb947e17c233,paid_google,0.7298331298331299
971ee889-50ac-4796-826f-07fe11905a25,original_free,1.0
8c31067a-e06f-45c5-8005-d006cc8adc6d,paid_google,0.6770899200674482
b824c63a-a310-4f94-aba4-c2e5f1328d9a,paid_google,0.8882051282051283
0a032d91-13a3-4c3b-8b72-f2c0e7a9b813,specialized,0.656045982867278
fed7457b-4468-403c-bae4-893d1836ab3c,paid_google,0.6126380079868451
e28c4e6a-b224-496a-a9ea-9e7982347e5e,neural,0.6066561849467277
8ba57d13-2b79-45f5-a3e5-65053536439c,specialized,0.652142575341349
2008d8ce-c85d-48f3-80e4-1954371e8bdd,original_free,1.0
a101f6c8-b287-4ffa-9d04-be397c238321,paid_google,0.8400928167877321
41b36f9a-d24c-4243-a1ab-741ca503a2f8,specialized,0.6155392175931329
a101f6c8-b287-4ffa-9d04-be397c238321,neural,0.5814449917898193
cfb12cc3-33a0-4397-a70e-c80a284fc930,paid_google,0.8898148148148148
2ac8bbcd-4855-4f39-b339-60b095d8ed7a,original_free,1.0
fac9b8c3-a3d3-4b9b-959e-35a672713181,paid_other,0.9341176470588235
24e0f50d-7de8-4820-b744-95a7fadfdcfe,paid_brave,0.9351851851851851
b61a8ced-cd6d-4d40-a811-ab3ccf1dbed8,paid_google,0.8653658536585367
150ea450-50bf-48d5-8758-0d7483d84dc1,neural,0.6212164750957854
9c7fb591-c432-4585-9a05-db41497e0f9c,paid_google,0.5789473684210527
f85c89c2-8c53-45b8-91a8-6d1a7e6c455e,neural,1.0
65c20585-e865-4706-a1b9-50ae4ccba6d3,specialized,0.6162702751959176
d59f26d3-a634-4dc6-9c5d-cce8ebc71bff,specialized,0.6150693188667872
dcf31214-d851-4293-a066-f17b7fc4c078,paid_other,0.8783505154639175
b68dc359-db51-4025-a2e6-652627036ad5,paid_brave,0.8368794326241135
e3790259-51b5-40c6-bda5-7064f09b09c8,original_free,1.0
1a42782a-4b23-4f5e-8782-ac26e2bd2b49,paid_other,0.6784156976744186
fa6d6937-770f-4f8e-bea2-ec960765b84d,neural,1.0
14329d0c-fa2d-4cc9-89f9-8c9664936524,paid_brave,0.6068918918918919
d26480b6-a396-44a8-97f6-15e2cca8c216,specialized,0.5381261180679785
e43cd97d-2689-4ec1-b010-25771fd1525a,paid_google,0.7235794801012192
a53fb033-bf99-4a36-9cb6-0d2d10051bce,original_free,1.0
d803118b-4a57-4304-803d-6f27e2cf167c,paid_brave,0.8962162162162162
9f3ec071-94b6-414b-b672-a3c1418a0d67,specialized,0.6300925925925925
f4704b96-5687-4445-b5ab-7810eb6def6c,paid_google,0.85
c92991f1-fa6b-4dff-96ba-0528c6ac6cb3,paid_google,0.8
db4934be-c089-4e43-95fa-8ebc7cfa24d5,original_free,1.0
f068e3b1-bdc4-44f2-8aa8-05da1ab7e2f1,paid_google,0.732383665716999
4237ecf2-7ee0-480b-97a7-ec5a4fa9cce9,original_free,1.0
7e6707e2-7989-447d-b6b8-b7eb8d4687e5,original_free,1.0
12335093-babd-4598-8924-e08ed77e2c33,paid_other,0.881767955801105
08142df9-4005-4840-9b7d-8cba94da0494,paid_brave,0.8695083147740214
fb05cb59-7332-4cd9-a007-560dbc272de9,paid_brave,0.9216661556804633
67488f96-0d49-4d3a-ae68-84a8934414b8,paid_google,0.7662647667762758
0b2d081c-ffaf-48c3-9edf-0e52b2977a51,neural,1.0
fa427d9f-6b56-452f-9d2d-9cfd4f5d647f,paid_google,0.8707070707070708
d95ed62d-1d51-4ccc-a5ff-898884fd1f15,neural,0.6353643551358141
abaa22b3-4fda-4365-87af-cbaa513517aa,neural,0.49569892473118277
5c010dee-f8ac-4b90-bbde-11ed5837ddd5,paid_google,0.7196133461722131
edd1e4ed-038f-4c15-bd5b-6223e204a6c9,specialized,1.0
cf174e72-cc13-4a1d-8554-fcbf537ab3d5,specialized,0.5589989531166001
c08937e0-ae20-4521-998b-c834142760be,original_free,1.0
4f89645d-d128-4031-9eaa-3a7d6648df23,neural,1.0
e6e1e46f-a31d-4b20-a296-f5a75995f2c9,specialized,1.0
8d98806d-2c30-483f-8850-dc3d2723d356,specialized,0.6794216133942163
50ddb1c7-5916-4b9a-bbd4-e45b1eb8deb1,paid_other,0.6003511852502195
653aabb0-1be9-4b0a-b828-1f0c74321a44,paid_google,0.5708625291958626
d625d3b0-5099-4c62-b12b-8b8d7084790c,paid_brave,0.6645896163212542
e282f473-753b-4349-b8ce-14706e92654f,paid_other,0.8723404255319149
fcde020f-afc2-4318-8d2a-5065907f020e,neural,1.0
d1256117-3f2a-495c-bc16-f08aed933062,original_free,1.0
8acf41bc-af62-4f54-9d08-76aa3ebf8bc9,original_free,1.0
2a467b8d-30e3-4166-8179-d3a96d6c1706,neural,0.5620270621909966
08e3dda3-bea2-4793-8f91-be14333af84f,paid_brave,0.6297392312900254
f10ccd76-12be-4457-972b-18edffca5ff2,paid_other,0.5936530164947175
514fd566-7df6-4248-aa6a-92d610a839c0,original_free,1.0
212bed68-e98a-403f-bc52-3169caf47dbc,original_free,1.0
f7777528-3226-4fd2-b0f2-d31bb8e9a145,specialized,0.5713514382869221
833ffff7-3926-4a78-82ee-578294550e52,paid_google,0.48909822866344604
278436f3-c5aa-4573-ad03-d8d814aed9df,neural,1.0
cc90c3a0-169d-403a-baee-b80fcc119819,neural,1.0
be68cc93-8fbe-4d8e-99f7-0fff0ad9acaa,paid_google,0.600183609432592
e43cd97d-2689-4ec1-b010-25771fd1525a,specialized,0.6018806114017141
ebab61ff-dd0a-4104-ad22-711b3ee3485e,paid_other,0.7406671406426648
e1f59c4d-2a45-4ae0-8a36-6f3cb897b53d,paid_other,0.851851851851852
74483a5a-baf4-4e8d-a8fe-b8756bab080a,paid_other,0.5844753086419754
b26a2c1c-c944-44d7-aa7e-9d857de7e03e,neural,1.0
f85c89c2-8c53-45b8-91a8-6d1a7e6c455e,paid_brave,0.8687898089171975
448e0fc0-b3e8-4172-85a6-200305eeb55e,paid_brave,0.8722222222222222
2a467b8d-30e3-4166-8179-d3a96d6c1706,original_free,1.0
17ea1326-b8c3-4859-ae9a-c6412f38f1e0,paid_other,0.8839622641509435
be68cc93-8fbe-4d8e-99f7-0fff0ad9acaa,neural,0.6310835729329617
b5590d05-9b04-4e2a-92db-c5e9ae1193a7,original_free,1.0
f50b0b2f-0b8b-4a17-a30f-306f34190ac7,specialized,0.6933387760216297
b9a6d7cd-27c8-4ff0-aa4e-bd387bfc453f,specialized,1.0
bf0fca6a-31a3-4f2a-88c2-dad8e45a2ec5,specialized,0.753014230836389
c2896bcf-dcfd-41a0-917f-d3095b575f81,original_free,1.0
b362625d-e7ea-40f4-8973-2caa022130ab,paid_other,0.7926376224248565
f648aa5d-7028-46c5-a871-909269639fcc,original_free,1.0
33ddf1bc-cb47-4755-bae3-1bba55c20ad1,original_free,1.0
d9cd5a69-6902-4880-b0e5-fdcecfcb48bf,paid_brave,0.8809756097560976
e282f473-753b-4349-b8ce-14706e92654f,neural,1.0
67488f96-0d49-4d3a-ae68-84a8934414b8,paid_brave,0.9444444444444445
1674d04e-d964-43c3-956c-1e200a89cce3,paid_brave,0.8871794871794871
faab9864-fe9c-4eff-adcb-9ab2b7c7cb6e,neural,1.0
a3333df6-55b4-46e3-ab29-aca3a63dd05b,paid_other,0.6375190046896079
00e768ca-a5a6-461f-abac-3b5177931001,paid_other,0.870940170940171
41ad24db-fa71-49c8-a9c0-7058cb87988f,original_free,1.0
00e768ca-a5a6-461f-abac-3b5177931001,original_free,1.0
1a9dde98-62bf-4200-90c8-96fa7e5f258f,neural,0.5497354497354497
fd3c2ef7-9655-4f1e-ae8b-8af79d724ae2,paid_other,0.7215082956259428
c40c5cb3-a2cd-4ade-9f87-019f924e1ada,paid_google,0.9056818181818181
157b2a73-63d4-4b6f-a920-61619492c058,paid_google,0.5345110087045571
74483a5a-baf4-4e8d-a8fe-b8756bab080a,specialized,0.6064360929557009
50ddb1c7-5916-4b9a-bbd4-e45b1eb8deb1,neural,0.5616263327408202
f7440437-ad2d-4d8c-9f64-40602c8c09f1,paid_google,0.6762128899484484
b77e4720-af5c-4a92-bccc-7b52aa4d9819,specialized,0.5262517607888334
c760a8ae-de33-47bf-bde1-5bb414447092,paid_google,0.9119170984455959
c50fbcfb-8d9a-4cd2-aa96-93fbae50aae3,neural,0.5700463706081683
514b47fc-f747-468b-b354-f051d327d0c0,paid_google,0.8738738738738738
210d04ed-6a7c-49fb-85f5-719bbbc26436,paid_other,0.5284419034419034
f4aae70c-b1a6-404a-b61f-dc653e4a8dff,specialized,1.0
4f87a47e-10e3-454b-a9eb-38ee37248304,neural,0.5049439755425352
3d41e1b5-3913-43ee-ae79-284ff3c359e1,original_free,1.0
1041e0d3-077e-4e87-84ca-47b2ac8368cf,paid_other,0.5764303959131545
b56d74c4-6158-4087-ace2-91848c70cf3b,original_free,1.0
a93f279f-77cf-48eb-b5aa-d66c7bb72df2,specialized,0.6735731633272617
f86682f5-30e6-4c9f-bc5c-6998d2ab5dbc,original_free,1.0
cdd8ec3f-5799-48ca-a0ad-f66027e7e5c4,paid_google,0.5380140002781512
2508b6fe-faf2-4557-ae11-276c2eaf4442,paid_other,0.851851851851852
168c5d77-2e2e-4aa3-93d7-9be5f0a16be8,original_free,1.0
d7d80579-fe4b-4e1a-8509-16712ae4e5b7,paid_other,0.7286128364389235
232ab87d-c137-4dc8-bfb6-6a2ca93492fe,paid_brave,0.6826155612977319
d0dacb59-cadf-41f8-9bb6-e6f2be6b3a5c,specialized,0.5673245614035087
b6519b50-8e71-4385-94b2-a2828598ead6,paid_brave,0.6728493199081435
0a179a47-5a4c-4b2f-ad83-0714fcd32802,paid_brave,0.8783505154639175
887d7b7e-3572-47e4-b2ac-d06b8dcbea78,original_free,1.0
cee8284a-4926-4699-9511-ba70eb36db58,paid_brave,0.7608626639061421
749f432b-3519-4529-835a-3e39618570f5,paid_google,0.6555632984901277
971ee889-50ac-4796-826f-07fe11905a25,paid_other,0.634561877076412
80242102-1e23-45e8-b2aa-4d15fcc88d49,specialized,1.0
9af714c9-f4c9-4969-b202-c31b1edbdbdb,paid_google,0.5841269841269842
0a032d91-13a3-4c3b-8b72-f2c0e7a9b813,neural,0.656045982867278
5c010dee-f8ac-4b90-bbde-11ed5837ddd5,original_free,1.0
985ae3bb-66f5-4c2b-91b9-82af74062e7d,paid_google,0.6357594528326236
5f837868-5f48-47c1-a9ca-620fdcea6f55,specialized,0.727711901624945
a9952fbc-47de-4e43-84b4-792214d8b4e9,specialized,0.5626984126984127
0b2d081c-ffaf-48c3-9edf-0e52b2977a51,paid_brave,0.8907488986784141
ef0a3d73-98e9-4553-a741-274e2a645829,specialized,0.6188616349560722
7b4a06d4-1564-409a-96b8-a0fe29da3d88,paid_other,0.8720812182741117
9fd41c25-3e2f-4bba-abd4-c7a2bb32d723,original_free,1.0
9da7142e-1ac6-48d2-b5f6-9f48f39f10b9,original_free,1.0
92b70a13-752e-40c0-8267-2ac79ca5b214,specialized,0.6024919401722953
706e25f2-220f-4525-acfb-4151cd967cc4,paid_brave,0.7727777777777778
63dab63f-afa3-485e-bea8-1086c132ca45,original_free,1.0
c6236195-7c48-4ce3-bb31-92b7ed07bd96,original_free,1.0
4973464b-94f0-44b1-871f-ea7332e3a647,paid_other,0.823301298395638
47a6723e-28ce-42aa-ab5f-7811dafa5c1a,neural,0.7002021458560099
a0a953aa-0887-4090-9cd4-838ce67657dd,original_free,1.0
86baff84-baf8-4c05-9288-ddbc4f4f1938,paid_google,0.7442974720752499
7deb83cb-f09a-4a97-9981-67d52caceaad,neural,0.6688062438240779
f7777528-3226-4fd2-b0f2-d31bb8e9a145,paid_google,0.6424400217701485
38237a35-cdb4-4974-b87a-dbfa8d98e331,paid_other,0.6370851370851371
14329d0c-fa2d-4cc9-89f9-8c9664936524,paid_other,0.6813813813813813
d8f903a8-bf0b-49e5-806e-c010fc76026c,neural,0.5501919073640386
10205441-53b0-435c-92fc-aedb6b6825af,original_free,1.0
396ed137-ff6e-4542-a156-ed62e9c9df57,paid_other,0.6156421626718657
a0a953aa-0887-4090-9cd4-838ce67657dd,paid_brave,0.8741935483870968
02fc1e93-26d3-4eed-a32e-23243f9dde04,paid_other,0.731720430107527
764d08bd-f7ae-4801-b4a9-5205a0a79302,paid_other,0.8543582375478926
2958b8e6-5553-4ab6-9abe-d3c76fc5eb23,neural,0.693766700505245
6ac7d769-520f-4e69-8ca7-ee2aa2fbbd38,paid_other,0.8787878787878788
07b5e1b9-ba79-48f2-9209-59012445cb46,specialized,0.5888463175819497
51897f66-9e4b-4f3f-9ce3-01212ce18926,paid_google,0.75
34b6c06e-dc8a-4e96-9cf0-8ec0852f15c7,neural,0.48630672926447566
a4a00ce0-bd5d-48b9-9115-95d6ac84dea0,neural,0.5621053437954846
c2896bcf-dcfd-41a0-917f-d3095b575f81,paid_other,0.844076858813701
2444ee7c-ecbc-4c24-aa1c-f1ab20d85f7d,original_free,1.0
8fcd43ce-bee1-4ed1-909c-4c5176f0ba6f,paid_google,0.8232323232323232
d6f5ebc3-5a11-461d-9848-9a7f48bb9538,specialized,0.7154024724506348
1674d04e-d964-43c3-956c-1e200a89cce3,original_free,1.0
1559aa8a-8a05-4d7a-abde-b98f2d1f463d,paid_google,0.5161827900639345
00e768ca-a5a6-461f-abac-3b5177931001,neural,1.0
29998019-40f5-4757-a30d-059fa8782236,paid_other,0.6259638488312257
0b9624d1-741d-4c53-9cae-a0216a0b80d3,neural,0.6489242829605714
5b91c1c2-6da3-4810-93c0-91f0e042d1d1,neural,1.0
5b91c1c2-6da3-4810-93c0-91f0e042d1d1,original_free,1.0
62aae3f6-ba45-40fb-8349-5b427141747b,original_free,1.0
e06459d9-ddc3-4b65-84f6-04c60634fa4b,original_free,1.0
7b4a06d4-1564-409a-96b8-a0fe29da3d88,original_free,1.0
e54874db-e3b4-4824-9ba6-c13b57041834,paid_brave,0.8314772145417306
bcdeab72-4e6a-43eb-ac5e-51908da9ba92,specialized,0.6884407096171802
67488f96-0d49-4d3a-ae68-84a8934414b8,specialized,0.6286566147031264
fb05cb59-7332-4cd9-a007-560dbc272de9,specialized,0.5363437283179701
c50fbcfb-8d9a-4cd2-aa96-93fbae50aae3,specialized,0.5700463706081683
7938e1e8-127c-4f61-b806-41787a547a54,paid_other,0.5958949331590842
4237ecf2-7ee0-480b-97a7-ec5a4fa9cce9,paid_brave,0.8468779038895526
03f35ad2-d6f2-4236-b6c5-00ccec5170e9,neural,0.5488251546228357
86ef4491-f1ee-4d64-bba9-080f803b0083,specialized,0.4374455830152033
98badc56-a1ba-4b66-bc77-7942596a5ce3,neural,0.6387265632527684
5fa3d68e-521e-4981-86d1-a54e5dc9a804,specialized,0.5843335979948001
6e12ab59-bb11-4b7e-a1b3-db32b3d9f540,specialized,1.0
f10ccd76-12be-4457-972b-18edffca5ff2,paid_brave,0.690849136642577
8acf41bc-af62-4f54-9d08-76aa3ebf8bc9,specialized,0.5765439125975899
a632cedb-a780-4d50-bf67-543d3c2fd5b0,neural,0.5898712990397424
f5dea594-6512-4cf1-a421-099115e0e13c,paid_brave,0.8698924731182796
e991815f-170a-4ebb-b8c7-30e2a66653c2,original_free,1.0
d2d188ce-8720-425d-94cc-65a6b90e3282,original_free,1.0
994ad3c7-2219-4a26-a603-8d7271956293,original_free,1.0
47a6723e-28ce-42aa-ab5f-7811dafa5c1a,specialized,0.7028058970811948
dc285158-0dfb-44e4-b207-a71182965eca,specialized,0.5922294843863471
98badc56-a1ba-4b66-bc77-7942596a5ce3,paid_other,0.6839817270851754
70376984-d59e-47a4-8a2c-3fc4227ab9a9,specialized,0.6767804269908058
232f4b01-da33-4f12-ad55-aaec7544cf87,paid_brave,0.8057108832970902
598a7130-14d7-4741-98e1-d48b77250ed0,neural,1.0
16be6f6d-2aa9-43f2-afd3-f7c42775898e,paid_google,0.6095483064011781
50924a1a-4fe8-4cc0-ac0b-0ef3e39f1bbf,paid_brave,0.812807881773399
9d2375b8-5734-4b60-a8b8-fb15ad5fe2b7,neural,0.577488584737588
a32d8a79-ca0c-4749-b929-3c91a939176a,paid_brave,0.7796181274442144
db1c0b1d-c8ba-45ed-b5f0-5ca49221ba89,neural,0.6527323975421387
833ffff7-3926-4a78-82ee-578294550e52,neural,0.544493540765289
2c0064d3-4568-4d9a-9ebd-26d9232483cd,specialized,0.6671915002560164
72b0145e-249c-4258-ac35-a651a305f87f,specialized,0.6168527379053694
6ff79ac6-c0d2-407a-9d88-35227f349e66,paid_brave,0.7927927927927928
ef853143-54bf-4a93-8a94-c543dec24e89,specialized,0.6149844745350364
ba915f64-fe99-44e5-b19f-a63c51035e83,paid_other,0.6969858098890356
04f32696-5534-40f6-af39-ce76be29fd82,specialized,0.4440753045404208
be8bc310-c3f8-48f3-bc17-8ccef8b2c403,paid_other,0.89
70ad24bb-c0e5-4ed5-bda3-1c000db24372,paid_other,0.6231620149288974
99106d71-722c-4b31-9347-3156e6db6877,paid_brave,0.7796827466318992
a9952fbc-47de-4e43-84b4-792214d8b4e9,paid_other,0.7209302325581396
4b9df8f2-e4ee-4e76-aa4c-fbef17e78372,original_free,1.0
232ab87d-c137-4dc8-bfb6-6a2ca93492fe,paid_google,0.6881673881673881
f614a284-2bf0-441b-b1c3-b7a2e36afa17,original_free,1.0
46e10105-8e18-4f03-a97f-43e9b3db206f,paid_google,0.7012056044314109
5d8aab44-fe7a-45a4-ad9f-f928facc8539,original_free,1.0
7de06311-2e45-461a-9164-d5ec42663991,original_free,1.0
0d25eaee-5561-4d33-ad7d-d5a69f6aa823,original_free,1.0
2a467b8d-30e3-4166-8179-d3a96d6c1706,paid_other,0.8624913733609386
7e796f15-eafa-4318-bdf1-65ac269dd347,paid_other,0.8428571428571429
5f837868-5f48-47c1-a9ca-620fdcea6f55,paid_brave,0.8792270531400966
2ac8bbcd-4855-4f39-b339-60b095d8ed7a,paid_google,0.8867768595041323
2f1e95d7-c8ec-4802-b6a6-891315aa1704,paid_google,0.8964285714285715
6e12ab59-bb11-4b7e-a1b3-db32b3d9f540,paid_other,0.9138461538461539
0469d164-946b-4011-8f5f-82cdf4b5c779,neural,0.6374377815702696
ee0a3e6e-638a-4bf2-8d94-ca93704049ba,neural,0.6886186914628394
22024a58-83d3-42da-a688-da03c11bc0d6,paid_brave,0.8368794326241135
e43cd97d-2689-4ec1-b010-25771fd1525a,original_free,1.0
4237ecf2-7ee0-480b-97a7-ec5a4fa9cce9,paid_google,0.6298106060606061
209942f8-127b-4501-84ab-d2237b2db44c,paid_brave,0.6605985449735449
29e6ff29-8eba-444f-8750-cd59005d2ef9,paid_brave,0.775144803241604
e3790259-51b5-40c6-bda5-7064f09b09c8,paid_brave,0.8762790697674419
5d6e178d-ba86-41d1-ab73-fc79632eb398,paid_other,0.6623977716577484
da625182-a1bb-433e-9ade-d49fd3e884a5,paid_other,0.8678787878787879
8acf41bc-af62-4f54-9d08-76aa3ebf8bc9,paid_google,0.5601472374013358
f526f110-bb06-42c0-bc05-0b68e4e4c976,paid_other,0.5502822341057635
653aabb0-1be9-4b0a-b828-1f0c74321a44,paid_brave,0.8123638344226579
f53754ef-9c4e-482f-84d3-9bd0a6a8c892,original_free,1.0
4b9df8f2-e4ee-4e76-aa4c-fbef17e78372,neural,1.0
7974b90f-1636-4b77-8c4c-eaf3f877be33,paid_other,0.9585365853658537
fa1f50f8-62b7-4630-a06a-07d9e0531a98,neural,0.597104247104247
6e12ab59-bb11-4b7e-a1b3-db32b3d9f540,neural,1.0
994ad3c7-2219-4a26-a603-8d7271956293,paid_google,0.7333333333333334
10205441-53b0-435c-92fc-aedb6b6825af,paid_google,0.8391025641025641
8dd60a11-c54a-4593-84b7-e98c758222a5,paid_google,0.6888375006022064
a1335ec1-3c6d-4efd-a6a5-b91e84a6797a,neural,1.0
cee5e9a5-1b3d-4f10-9251-ceba550e202f,neural,0.5887845162235407
45718589-5772-4aec-8576-dc2de07e48e7,paid_brave,0.8899408284023669
422a18d3-971e-4a2f-bb0f-e0bca5fc641c,paid_google,0.651680545368253
7e6707e2-7989-447d-b6b8-b7eb8d4687e5,paid_google,0.8788732394366197
10205441-53b0-435c-92fc-aedb6b6825af,specialized,0.5384334672730043
8433b089-03f1-467b-a785-310fed0629f9,paid_google,0.8921827751096043
1072a343-7d01-44b6-83d2-ab297aa54dd9,specialized,1.0
8c2270dd-d2c3-44b5-9590-9b5e90d2c3f4,paid_google,0.8133762163945241
cdfd6a14-0d96-4c2f-8194-6693404218b2,neural,1.0
f526f110-bb06-42c0-bc05-0b68e4e4c976,specialized,0.6804791912496966
d07785ad-ee07-43e0-a62e-dfe311fa6e1d,paid_other,0.7216269841269841
3d41e1b5-3913-43ee-ae79-284ff3c359e1,neural,1.0
b362625d-e7ea-40f4-8973-2caa022130ab,paid_brave,0.8125
faab9864-fe9c-4eff-adcb-9ab2b7c7cb6e,specialized,1.0
06eed339-934e-4087-90ce-a6e2569befdf,original_free,1.0
f7c4a5c3-b875-433d-9cbb-ed2e90118edd,paid_google,0.5891469745793053
01b2cda2-a67f-4d20-adc9-94b1bd6fd512,neural,0.6366126543209877
60621ba3-c2ab-4c84-8ae4-57499dc6d3a9,specialized,1.0
939318eb-10f0-48e7-b603-329d04fc8dce,paid_brave,0.8968609865470852
c0633008-d2c4-4a69-b370-c8dcc32ce752,original_free,1.0
a2e07e5f-32d5-4ff7-b42d-19c35eaf367e,specialized,0.6576638109920704
3d9272d7-c886-4fb7-9905-48dba8fef9b9,paid_brave,0.8760975609756098
9fd41c25-3e2f-4bba-abd4-c7a2bb32d723,neural,1.0
0c548aca-52b9-4c52-90a5-b741810aa77e,neural,0.5908724310161304
782e22ad-b784-4ce7-b9e7-5c5344934275,paid_brave,0.8890756302521009
16609785-36c3-42a2-b315-ac8958f59d30,paid_other,0.8859060402684564
4eabe5e1-1a8a-4692-87ac-942b2f5e9488,paid_google,0.725251434809922
ceb7705f-e9b0-4c11-85d3-6c480b604151,specialized,0.3560354374307863
b221a7ab-29d2-4ae3-927d-7d13147ae5ed,paid_google,0.5572912812923912
16b5e635-462a-43a2-8327-5c2e475e2968,original_free,1.0
18db6b8c-c80d-4ca0-800b-f6ad19687874,specialized,0.8807265478563566
782e22ad-b784-4ce7-b9e7-5c5344934275,original_free,1.0
9d4cf316-3dad-4470-8cd7-960548a3298d,paid_other,0.6162969721160975
a8bcb6ef-bce8-44f0-81f4-4b12f4e40c67,paid_other,0.6358363858363858
ed6aa4c6-7e43-4cff-898b-baee8996c304,paid_other,0.6694540839277682
2a0dc77b-8928-4fc5-ae82-04eaf5dabde0,paid_other,0.7231860338243318
d432c5f1-e749-4744-bbd2-f9cf5ddef71c,neural,0.604797110100871
1a9dde98-62bf-4200-90c8-96fa7e5f258f,specialized,0.5654761904761905
98cf6e4a-b943-4a23-9639-0240ad7d76fd,paid_brave,0.7314814814814815
6b15798b-45e9-44f4-bbc2-003866d3c063,specialized,0.6189353099730458
fa1f50f8-62b7-4630-a06a-07d9e0531a98,paid_google,0.7055736087994152
f8c95cc4-068f-4ff5-9920-5eb6c5bf78e3,paid_brave,0.8950413223140495
31d33787-f98b-4632-b7d0-1a8cdcbf4a30,neural,0.6858452050232872
ff8bd0b6-7443-4449-bb30-9318db20262b,paid_google,1.0
10fbd5a4-703b-47e3-bde1-7c0c008ea94c,paid_brave,0.8333333333333334
f44d0efe-8321-427e-afdc-0924521cef3e,original_free,1.0
f81d3b7e-8e65-43ac-befa-76aa2fd665b2,original_free,1.0
cee8284a-4926-4699-9511-ba70eb36db58,paid_other,0.5246973803071364
7e6707e2-7989-447d-b6b8-b7eb8d4687e5,specialized,0.625725900116144
ebf51948-4482-405a-bac6-a7e21f1998b7,specialized,1.0
fd3c2ef7-9655-4f1e-ae8b-8af79d724ae2,paid_google,0.6765266106442578
72b0145e-249c-4258-ac35-a651a305f87f,paid_google,0.6205228384473668
4625070b-8780-45d0-961c-a9463854ce9c,paid_google,0.5789473684210527
81ec9b66-c95b-419d-94f1-1efdb05cd272,specialized,1.0
c6363790-df2d-47f1-8b59-849c8f3be311,specialized,0.5724206349206349
168c5d77-2e2e-4aa3-93d7-9be5f0a16be8,paid_other,0.657864555265376
433d7d7f-4152-4c71-ba5b-01e27c4f52ed,paid_brave,0.7148648648648649
e5a970d6-a230-4603-9e9c-27a1a4e1338b,paid_google,0.7307118983567994
71afc7ef-6a47-4ec1-960d-9100a35b3ebb,paid_brave,0.7074164098811986
777905e2-d1b9-4699-9cc2-9d00a0e23e60,original_free,1.0
c7d0cb6d-894f-4700-a9b7-0403d342e600,specialized,0.7173442539296198
e6d8368f-d5dd-4920-a1c8-5e3cfface94f,paid_google,0.6170683157604222
577bda92-ad4a-4c66-b204-32763d1ea975,paid_other,0.851851851851852
06eed339-934e-4087-90ce-a6e2569befdf,specialized,1.0
eb8bb643-6537-46b0-b42d-702a3dc3d437,paid_google,0.6358024691358025
6310b0f1-bd46-46d7-b94a-4aec48d22452,specialized,0.6813074504112239
334a6e3e-ae22-43b8-aaa6-e3a3963099eb,paid_google,0.8697916666666666
eec7a420-f678-4331-a5c0-4349ca145d8a,paid_other,0.9027027027027027
3fe05733-8253-46a2-924c-bb0cedbe290e,neural,0.5965346534653465
8144cc33-4334-4fd9-8f36-f5674335eb29,paid_other,0.8197846790890269
47a6723e-28ce-42aa-ab5f-7811dafa5c1a,paid_google,0.6440436525182288
d5d73cd7-51b2-4eb4-a839-f24340d1b6e5,specialized,0.594315706080412
cdfd6a14-0d96-4c2f-8194-6693404218b2,paid_other,0.8985507246376812
695b9e26-7ae5-4986-ba6d-e8beb52e9715,original_free,1.0
6d916c99-937d-4ed2-8f5f-dec6c90e4369,specialized,0.7730607292251128
35167059-fa9f-468e-945c-6d44c7f9f5cf,specialized,1.0
c73e6215-f7cf-41b1-aacc-8d10cc86fb48,specialized,0.6564982387084813
78eb9786-ccd2-4fa2-a166-d37eb7b05964,neural,0.596764075589324
c2e0d4c7-e1ea-4d69-a000-20a326f023a5,paid_other,0.683022533022533
f50b0b2f-0b8b-4a17-a30f-306f34190ac7,paid_other,0.7761494252873563
7e796f15-eafa-4318-bdf1-65ac269dd347,neural,0.49810298102981027
0a7fdcde-1509-4732-8d14-c330585f6cc9,paid_brave,0.9319148936170213
fb05cb59-7332-4cd9-a007-560dbc272de9,neural,0.5363437283179701
e9e18c32-2ccc-4244-bd3e-4f7281f26b87,paid_brave,0.7407796451914099
989b7ca5-a0f8-431a-a3f2-4c1ac6e0ed59,paid_brave,0.8364779874213837
bcdeab72-4e6a-43eb-ac5e-51908da9ba92,paid_brave,0.787878787878788
16b5e635-462a-43a2-8327-5c2e475e2968,neural,1.0
a632cedb-a780-4d50-bf67-543d3c2fd5b0,paid_google,0.6906174867290343
93d1de7b-0cfd-48a4-ab81-afdcde4fd0f1,specialized,0.6321989242267879
cdfd6a14-0d96-4c2f-8194-6693404218b2,specialized,1.0
dac3c153-3186-495a-aebc-09ab5949fb21,neural,0.5256294663728044
d20cf5fd-c775-468e-92a8-85d12a0ac794,paid_google,0.8271031746031745
66717348-31eb-46c3-a84f-54773ba7ed3c,specialized,1.0
d15f0910-85d0-49de-9a87-cd8b65e203c9,paid_brave,0.8174603174603176
4d3c36c7-4869-48df-9b46-043fbc302a61,specialized,1.0
57f5c239-0067-40f1-bb38-ff36e90336f9,original_free,1.0
79887d11-a38b-494e-baa2-bfbaed28bb5f,paid_other,0.8760180995475113
cf7f04e2-39ea-4489-9582-64d64baf5c84,paid_google,0.5784827441077441
4d3c36c7-4869-48df-9b46-043fbc302a61,paid_brave,0.8982300884955752
f525eaf4-fe73-4830-9341-62db69dd4a03,neural,0.5706924315619968
5c82e586-e6b3-4c65-976b-9d356bce6edb,specialized,0.6172937286427899
939318eb-10f0-48e7-b603-329d04fc8dce,paid_google,0.8968609865470852
c7690b3e-f495-4378-a2a9-b58481099c80,paid_other,0.70552871712292
94315ae4-7d84-4275-bf5d-3d0982c43333,original_free,1.0
41358de3-5cdc-4bbf-9f82-aff021650f35,original_free,1.0
8a118083-ba42-422c-903c-0324ba87854f,original_free,1.0
b7b479b4-eb09-4892-8af8-e88a040f3d4b,paid_brave,0.8703296703296703
3a216269-db7c-43f0-83fc-5492401724ee,neural,0.5615774422773256
3afcb934-c8a9-40ca-8b34-f00a26cf0753,original_free,1.0
bd4876b2-7093-43d3-9c3c-a4bdaa2c7f90,neural,1.0
af4bad40-ee6d-46e1-bf6f-673513dec233,paid_google,0.8780487804878049
3d80fc9a-0064-4231-aa23-f088e898ab0d,original_free,1.0
70376984-d59e-47a4-8a2c-3fc4227ab9a9,paid_brave,0.6387820512820513
3708be34-083f-4770-a8df-94eedda24dc3,paid_brave,0.8653266331658291
08142df9-4005-4840-9b7d-8cba94da0494,paid_google,0.6374269005847953
7938e1e8-127c-4f61-b806-41787a547a54,paid_brave,0.7677396607585286
15b42d8a-31f9-47e0-88f1-8919c53fefba,paid_brave,0.8805825242718447
6d916c99-937d-4ed2-8f5f-dec6c90e4369,paid_brave,0.8302944782682226
b6366318-03cb-426c-a879-118838619933,neural,0.6510538452669203
232ab87d-c137-4dc8-bfb6-6a2ca93492fe,neural,0.6294543063773833
e865c771-ff8b-4b77-b6d0-a55003f1fc4d,paid_google,0.8821621621621623
db1c0b1d-c8ba-45ed-b5f0-5ca49221ba89,original_free,1.0
8433b089-03f1-467b-a785-310fed0629f9,neural,0.593092347792354
6413f295-f00f-47d3-b1fa-e43304106f5a,specialized,0.6618127612712211
ebf764b2-dc49-477c-87b4-547dd0dc765a,specialized,1.0
e4601fd7-48d0-453c-b98f-4a0aa449740b,original_free,1.0
e8d0ffcb-c7a0-498b-99ce-f013de3473f6,paid_google,0.6280362144857943
70ad24bb-c0e5-4ed5-bda3-1c000db24372,specialized,0.5982196167833687
5c3bb872-51d7-416e-a5f6-48906f9a0ac9,paid_google,0.677915255069475
2734a0bc-625a-44e8-8bdf-ddb8c42fe1a1,paid_brave,0.6459212679817382
14afbf93-a7b9-4fa9-915b-38890f98b548,specialized,0.565934065934066
04f32696-5534-40f6-af39-ce76be29fd82,neural,0.5537240537240536
f1241f01-05a8-49b8-82df-744fcee2c295,paid_other,0.6755440505440505
cc90c3a0-169d-403a-baee-b80fcc119819,paid_google,0.8890052356020942
7f176fc8-84c8-4291-8399-535ea20c4156,neural,0.6316632104711575
0a9c269e-5c8d-4125-9165-bf2f57cbb059,paid_other,0.5319038015667229
9cb4a6d4-143d-4818-ad59-f50afb5b6d2a,specialized,0.6390559732664997
ea0bc351-df32-4176-8749-e3042d30adf6,paid_other,0.888
3857e0e7-b5f1-4a36-a13b-262d80162061,paid_brave,0.7927927927927928
061a473d-d879-4855-b7d2-50d5a0777dbc,paid_brave,0.685117223615098
66e51f4c-2b98-4de8-a74d-b394c238bab3,specialized,0.5443467643467644
1ad7cac7-6dc6-41dd-b976-393163ac7800,specialized,0.7044008483563097
8dcb77d7-d226-4b5f-9c8d-9baa4191d994,paid_brave,0.6984637022611707
4fe7a378-adfe-4eef-af26-bb947e17c233,paid_brave,0.829928894634777
70ad24bb-c0e5-4ed5-bda3-1c000db24372,original_free,1.0
4d3c36c7-4869-48df-9b46-043fbc302a61,neural,1.0
bcdeab72-4e6a-43eb-ac5e-51908da9ba92,paid_other,0.8590322580645161
ee706abd-d8bd-45ab-8a71-ecb2684a0aab,original_free,1.0
fa82bdf3-de68-408b-9488-bdceb6f04ffd,paid_other,0.7070165250524686
3afcb934-c8a9-40ca-8b34-f00a26cf0753,paid_other,0.8950276243093923
3d9272d7-c886-4fb7-9905-48dba8fef9b9,original_free,1.0
f6569c08-77a1-4bd7-8693-31bbb2e1da2d,original_free,1.0
b26a2c1c-c944-44d7-aa7e-9d857de7e03e,paid_other,0.869811320754717
e06459d9-ddc3-4b65-84f6-04c60634fa4b,specialized,0.6728734471980946
d26480b6-a396-44a8-97f6-15e2cca8c216,paid_brave,0.8610662199448167
12335093-babd-4598-8924-e08ed77e2c33,specialized,1.0
887d7b7e-3572-47e4-b2ac-d06b8dcbea78,neural,1.0
e1f59c4d-2a45-4ae0-8a36-6f3cb897b53d,specialized,1.0
da625182-a1bb-433e-9ade-d49fd3e884a5,paid_google,0.8678787878787879
8d062b0f-215e-41a2-811f-81118c89d5fc,specialized,0.7009977558622441
c6526e72-828c-4769-ae14-43b04bf629cd,neural,0.49810298102981027
d5d73cd7-51b2-4eb4-a839-f24340d1b6e5,neural,0.594315706080412
70ad24bb-c0e5-4ed5-bda3-1c000db24372,paid_google,0.7271310581268505
2008d8ce-c85d-48f3-80e4-1954371e8bdd,neural,0.6293178333837108
7740fb15-17b7-4983-9e1e-3284340e24f1,specialized,0.5654761904761905
5453bd7b-8c66-41fa-84eb-1541c9160d68,paid_other,0.9122807017543859
c0633008-d2c4-4a69-b370-c8dcc32ce752,paid_brave,0.8585422280859346
b03e2e34-95b6-4264-8042-4d39ad76d21f,paid_other,0.6178479143595422
b5590d05-9b04-4e2a-92db-c5e9ae1193a7,paid_brave,0.7701228878648233
770a5344-2ea6-4256-a2fb-bbfb902af62e,neural,0.5615497076023391
6aa7715d-207e-4181-b8c9-9ea599be71cd,paid_google,0.7027945350047776
899eb188-05ce-49ec-ae12-83b8c61cce5e,paid_google,0.6035956380783968
577bda92-ad4a-4c66-b204-32763d1ea975,original_free,1.0
8afe5b0a-6004-4f5b-8927-63299d413f2f,specialized,0.7099296128707894
79eaebe9-a71e-4e52-9c59-a065beaa4a6c,paid_brave,0.7630751125896756
7428d981-9515-46ed-98d7-eedd43a179af,paid_google,0.8942919028076346
2b97ee7f-e52f-4b5d-bb24-76e5e0f17dee,paid_brave,0.865625
2c131c81-99af-48ca-9b9a-b32c9c959d79,paid_brave,0.749569605090097
e3c7095c-79d4-4bd2-b2ec-2b0c0badbf5d,paid_other,0.5374146837333775
e3c7095c-79d4-4bd2-b2ec-2b0c0badbf5d,paid_brave,0.7052512941598595
38237a35-cdb4-4974-b87a-dbfa8d98e331,paid_google,0.7576894687493766
e7d85af9-38f6-49ef-818c-be771b645ed5,neural,0.6201335464465854
989b7ca5-a0f8-431a-a3f2-4c1ac6e0ed59,paid_other,0.6821548821548822
41b36f9a-d24c-4243-a1ab-741ca503a2f8,paid_google,0.6650554958825635
0b2d081c-ffaf-48c3-9edf-0e52b2977a51,paid_other,0.8907488986784141
3ddf4189-b401-4583-b3de-18eda8178e4f,specialized,0.7985729028453488
6aa7715d-207e-4181-b8c9-9ea599be71cd,paid_brave,0.7982583454281568
8003a039-958a-41ff-9a41-ce0abdf619cb,paid_brave,0.7437105952673382
e282f473-753b-4349-b8ce-14706e92654f,paid_google,0.8723404255319149
cd5b798f-283c-49c5-b9cf-1215d199b925,paid_other,0.6697722567287784
7fe156f4-f1f2-448c-a12b-d2177e045abe,specialized,1.0
fb05cb59-7332-4cd9-a007-560dbc272de9,original_free,1.0
c73e6215-f7cf-41b1-aacc-8d10cc86fb48,original_free,1.0
994ad3c7-2219-4a26-a603-8d7271956293,neural,1.0
7b4e1e3e-5c91-48d9-a1ab-fe2aaa8d5037,paid_google,0.85
ebf764b2-dc49-477c-87b4-547dd0dc765a,original_free,1.0
7de06311-2e45-461a-9164-d5ec42663991,paid_other,0.851851851851852
da2b7444-d758-4b02-b039-517403c885a9,neural,0.5948018193632229
eef08cc1-e341-4aa3-98bc-88b0ca2c7420,paid_google,0.6949893713938659
86ef4491-f1ee-4d64-bba9-080f803b0083,paid_brave,0.5696517412935324
fd6b676e-8705-4e3e-8ecf-ca6eac2d058e,paid_brave,0.8838709677419355
62203d2c-8711-431d-b73c-6f523b1a9fcd,paid_google,0.733353345018784
8a02ae9c-8c1b-49ba-ad34-9e26e6295611,paid_brave,0.8418079096045198
c0633008-d2c4-4a69-b370-c8dcc32ce752,neural,0.6399114997905321
12335093-babd-4598-8924-e08ed77e2c33,original_free,1.0
9e1919c5-87a4-48e0-9654-191555496b82,specialized,0.5922890103217971
9f3ec071-94b6-414b-b672-a3c1418a0d67,paid_other,0.6148518148518148
60621ba3-c2ab-4c84-8ae4-57499dc6d3a9,original_free,1.0
232f4b01-da33-4f12-ad55-aaec7544cf87,paid_other,0.6513136288998359
3f837b51-6d50-444e-b6ce-c1ac25c8de63,neural,1.0
a32d8a79-ca0c-4749-b929-3c91a939176a,original_free,1.0
ce5e9666-3677-46ab-bb79-6b2a78204226,paid_brave,0.8144862883424975
0b9624d1-741d-4c53-9cae-a0216a0b80d3,paid_google,0.6607627826628719
6aa7715d-207e-4181-b8c9-9ea599be71cd,original_free,1.0
d65638f3-ba8f-4f37-bcfd-d5838c8842cd,specialized,0.654111371324486
72b0145e-249c-4258-ac35-a651a305f87f,neural,0.48930202588739174
e611137b-b0f8-4ed4-bec0-25b7dd1c6a91,original_free,1.0
fa82bdf3-de68-408b-9488-bdceb6f04ffd,neural,0.6290229509149842
4d040c3c-945c-44c2-b2a8-7a3a0e027610,paid_brave,0.8702702702702703
833ffff7-3926-4a78-82ee-578294550e52,paid_brave,0.8633879781420765
08d0fb2a-aa2d-4883-81af-c9c77c23c2cb,neural,0.5257703081232493
577bda92-ad4a-4c66-b204-32763d1ea975,neural,1.0
db4934be-c089-4e43-95fa-8ebc7cfa24d5,paid_brave,0.8961117950711678
79887d11-a38b-494e-baa2-bfbaed28bb5f,neural,1.0
209942f8-127b-4501-84ab-d2237b2db44c,paid_google,0.6127136752136751
eec7a420-f678-4331-a5c0-4349ca145d8a,specialized,0.5246744720428932
4e7d0fa3-9fa7-4971-a6e8-3ad0e4bf0388,neural,0.5844474969474969
2f1e95d7-c8ec-4802-b6a6-891315aa1704,specialized,1.0
0491dcc1-ddd2-4bf1-84dc-3f2634f5de47,paid_brave,0.7143825009678668
fdd59047-74b4-4762-bcea-0ffd38ba6085,paid_google,0.8826086956521739
25383109-3d4d-4a61-9183-20af84162fb9,paid_google,0.7208037825059103
f44d0efe-8321-427e-afdc-0924521cef3e,neural,1.0
de6ebd6a-d71a-46c9-920f-fe17558e158e,paid_brave,0.8757009345794392
6310b0f1-bd46-46d7-b94a-4aec48d22452,original_free,1.0
af9808ff-13cd-41fd-9222-ff548cd13f66,specialized,1.0
7b673e20-1fe9-4c5b-897a-d9fbe3a4911c,original_free,1.0
24f74c5a-5a75-4c91-83e8-65fdd4565f68,paid_brave,0.8165065287016507
8433b089-03f1-467b-a785-310fed0629f9,specialized,0.593092347792354
69946991-3f00-4495-86e2-485e1f6c2c8c,neural,0.5667712214186573
94315ae4-7d84-4275-bf5d-3d0982c43333,neural,1.0
1c32f2eb-e71a-4f5e-8a73-def9acdd950b,paid_brave,0.8207534801032995
75ac6791-8ff4-4fe9-9ce8-263f024fac03,specialized,1.0
f525eaf4-fe73-4830-9341-62db69dd4a03,original_free,1.0
fa1f50f8-62b7-4630-a06a-07d9e0531a98,paid_brave,0.8069728767669271
b824c63a-a310-4f94-aba4-c2e5f1328d9a,original_free,1.0
41358de3-5cdc-4bbf-9f82-aff021650f35,paid_google,0.5579158476597188
b6cb0e8e-e2a9-470a-af83-b61a5a4930a9,specialized,0.6189353099730458
237e6c8a-0750-40d2-a8f9-351e85f9aea3,paid_brave,0.8684180514825677
7974b90f-1636-4b77-8c4c-eaf3f877be33,paid_google,0.6996669996669996
9f80ea09-9c4e-4657-8997-ec85dcd205c1,paid_other,0.8405667960088692
b6363b63-363e-4883-aa93-45404923714f,specialized,0.5859342488555972
fac9b8c3-a3d3-4b9b-959e-35a672713181,paid_brave,0.8983363858363859
9af714c9-f4c9-4969-b202-c31b1edbdbdb,paid_other,0.7237190103965121
5c0a23e7-9e86-470d-9333-6742c111791b,specialized,0.6404009575361616
06311970-fc29-4973-8156-cae47ed0d8f0,neural,0.6085578832471956
168c5d77-2e2e-4aa3-93d7-9be5f0a16be8,neural,0.6696592439094807
074ddc77-e0a4-46f5-826e-0a6868e6d787,paid_google,0.7999999999999999
e9784d46-6eac-4acf-a575-0525f4187772,paid_brave,0.8837209302325582
a27d369e-ac2d-4428-9df6-3e272f34a993,neural,0.5859342488555972
a8bcb6ef-bce8-44f0-81f4-4b12f4e40c67,paid_brave,0.8333333333333334
deee9f33-9672-41d1-ab6f-994b8e41738f,original_free,1.0
0b9624d1-741d-4c53-9cae-a0216a0b80d3,paid_other,0.6170638747302201
4e7d0fa3-9fa7-4971-a6e8-3ad0e4bf0388,paid_other,0.6150132275132275
41b36f9a-d24c-4243-a1ab-741ca503a2f8,paid_brave,0.8585858585858586
cdfd6a14-0d96-4c2f-8194-6693404218b2,original_free,1.0
a6852220-b12f-49b8-b5ce-3729edf2bfce,paid_brave,0.860856487685756
5453bd7b-8c66-41fa-84eb-1541c9160d68,paid_brave,0.9122807017543859
e282f473-753b-4349-b8ce-14706e92654f,paid_brave,0.8723404255319149
a5954cf0-0624-484c-8299-4c08c5070c40,paid_other,0.8740948766603416
60621ba3-c2ab-4c84-8ae4-57499dc6d3a9,neural,1.0
c92991f1-fa6b-4dff-96ba-0528c6ac6cb3,original_free,1.0
1b0ca779-e25e-40be-be74-fae4e26eea68,original_free,1.0
dac3c153-3186-495a-aebc-09ab5949fb21,specialized,0.6747354497354499
10fbd5a4-703b-47e3-bde1-7c0c008ea94c,paid_google,0.6880053908355794
f79a2bbf-5739-4b2e-8741-c2592d2bcc8e,paid_other,0.87007299270073
6ff79ac6-c0d2-407a-9d88-35227f349e66,paid_other,0.8451612903225806
fa82bdf3-de68-408b-9488-bdceb6f04ffd,specialized,0.6290229509149842
0c548aca-52b9-4c52-90a5-b741810aa77e,paid_brave,0.9372093023255813
41ad24db-fa71-49c8-a9c0-7058cb87988f,neural,0.5444584913611462
c7690b3e-f495-4378-a2a9-b58481099c80,paid_google,0.5043345543345543
6ac7d769-520f-4e69-8ca7-ee2aa2fbbd38,original_free,1.0
7b1ab636-c0f8-4b23-b805-77662bdda8a9,paid_other,0.6414604365823878
a32d8a79-ca0c-4749-b929-3c91a939176a,paid_google,0.7662525879917185
79eaebe9-a71e-4e52-9c59-a065beaa4a6c,paid_google,0.536589673625653
cfb12cc3-33a0-4397-a70e-c80a284fc930,original_free,1.0
a1335ec1-3c6d-4efd-a6a5-b91e84a6797a,specialized,1.0
c0e4463b-1ce2-4e69-8592-42b5ffa61f50,paid_brave,0.8921693121693122
50924a1a-4fe8-4cc0-ac0b-0ef3e39f1bbf,specialized,1.0
18db6b8c-c80d-4ca0-800b-f6ad19687874,paid_other,0.8258242611654735
13178e4d-506f-45d4-a984-5fa3c84f205a,original_free,1.0
9c7fb591-c432-4585-9a05-db41497e0f9c,paid_other,0.6458126448195961
5c82e586-e6b3-4c65-976b-9d356bce6edb,paid_google,0.5648664975232572
726e8072-dbd6-4ff7-8dc5-d91d05c8b71d,paid_google,0.580440365333512
fa427d9f-6b56-452f-9d2d-9cfd4f5d647f,paid_other,0.8707070707070708
8fcd43ce-bee1-4ed1-909c-4c5176f0ba6f,paid_other,0.7345406631120918
ad041fb9-fe3a-4557-a727-01df5c7525c1,specialized,1.0
f4704b96-5687-4445-b5ab-7810eb6def6c,neural,1.0
7be6acb9-5b99-4322-bcb4-68254688c2b6,paid_other,0.5587201456234504
ed6aa4c6-7e43-4cff-898b-baee8996c304,specialized,0.6353643551358141
fed7457b-4468-403c-bae4-893d1836ab3c,paid_other,0.6576023960200724
5d74fb4b-b8df-49aa-b952-b09a20bd1674,paid_other,0.851851851851852
043800f7-15a3-429c-a376-563dba27306b,specialized,0.6382284382284382
d95ed62d-1d51-4ccc-a5ff-898884fd1f15,original_free,1.0
36396b20-73da-4314-9a85-2adb60bd12bd,neural,1.0
bc761ef7-79ce-46ba-805f-86c0d756d88c,paid_brave,0.672784754927612
cf174e72-cc13-4a1d-8554-fcbf537ab3d5,paid_brave,0.6801782803128879
b2f94c6c-ec32-4bd4-8cc8-d54d930a75e5,paid_google,0.8912
efe7b586-4d3e-46d5-85fc-48f9ba213c27,neural,1.0
524f85ab-7574-4bd1-a225-b2b8bad8a6e2,paid_google,0.5928236166007905
ef0a3d73-98e9-4553-a741-274e2a645829,original_free,1.0
082236f4-68b8-4781-b25e-93591178d839,paid_other,0.6139662882696938
ebab61ff-dd0a-4104-ad22-711b3ee3485e,paid_google,0.7193000393348017
121471e2-68bc-4724-9c88-ae5d8b7cb005,neural,1.0
14cd39de-3fd3-400e-8ded-4ac62a4449c4,original_free,1.0
c2e0d4c7-e1ea-4d69-a000-20a326f023a5,paid_google,0.750800457404231
7428d981-9515-46ed-98d7-eedd43a179af,original_free,1.0
92b70a13-752e-40c0-8267-2ac79ca5b214,paid_other,0.6314035047981457
726e8072-dbd6-4ff7-8dc5-d91d05c8b71d,original_free,1.0
00c5f463-637d-45b7-b678-f4e73f626be4,original_free,1.0
94315ae4-7d84-4275-bf5d-3d0982c43333,paid_other,0.8933333333333334
6765b9d2-9b64-4a2c-aeaa-95e339e806b4,paid_google,0.8105263157894737
d26480b6-a396-44a8-97f6-15e2cca8c216,paid_other,0.602893753519084
a5954cf0-0624-484c-8299-4c08c5070c40,specialized,0.6070373354821381
636dd0bb-0367-47fc-aec9-5f54ee89134a,neural,1.0
38d79892-cbe4-4f5e-a368-d21f269d33fd,paid_google,1.0
c760a8ae-de33-47bf-bde1-5bb414447092,neural,1.0
d22fc215-2a66-4a97-863b-3cfb3c7b82c9,paid_other,0.6392106586224233
1ae9cf32-a465-4930-8f93-8ff8e7e372a0,paid_brave,0.8380443555461978
14afbf93-a7b9-4fa9-915b-38890f98b548,paid_other,0.6327646786870088
d5e9a5ea-f384-4e4a-823e-1df377413093,paid_other,0.6754385964912281
be8bc310-c3f8-48f3-bc17-8ccef8b2c403,neural,1.0
16609785-36c3-42a2-b315-ac8958f59d30,specialized,1.0
25a7f8be-342a-4fcc-bdb5-2b1b8027639b,neural,0.5203979849288775
b0b7a170-2120-4dac-aef6-4309a0088247,paid_other,0.805033345033345
4083d219-574b-4765-91ee-2cb8dd0494ac,paid_brave,0.7862823355506282
d20cf5fd-c775-468e-92a8-85d12a0ac794,specialized,0.7222222222222222
31a8738c-5d51-43f2-8539-6e3ccb788939,specialized,0.6679565651491756
3e50e21d-762c-4bba-addd-983c63cdfa34,original_free,1.0
16cfad6c-8311-4309-b7e8-37e8540a5e4f,neural,0.5558649086874893
7680d93d-7317-4b91-a53f-9d31db3bb5f0,paid_brave,0.5142173924959574
10c276b0-8e6d-4a1b-a14a-a85e5816f82f,paid_google,0.6556101324902138
bd4876b2-7093-43d3-9c3c-a4bdaa2c7f90,paid_other,0.8795918367346939
bcc7d9ec-bf6a-41cb-ae1a-b921bc6a0617,original_free,1.0
6d916c99-937d-4ed2-8f5f-dec6c90e4369,original_free,1.0
2a467b8d-30e3-4166-8179-d3a96d6c1706,paid_google,0.6640667761357416
1ad7cac7-6dc6-41dd-b976-393163ac7800,neural,0.6634331116038433
e7737246-539a-4ee7-aa0e-b9ab91e4178e,paid_other,0.8857142857142858
3afcb934-c8a9-40ca-8b34-f00a26cf0753,paid_google,0.8950276243093923
ed21f834-1625-4f6c-aee3-978500509276,neural,0.5846937894100371
dac3c153-3186-495a-aebc-09ab5949fb21,paid_other,0.8767896389324961
1ede234a-9e13-48ee-9e3d-dea67eeb8871,paid_brave,0.6173913043478261
c08937e0-ae20-4521-998b-c834142760be,specialized,0.5964763519879405
aa685ba9-aabd-4fcc-833a-6ddb056b8f79,original_free,1.0
29e6ff29-8eba-444f-8750-cd59005d2ef9,specialized,0.6271986715975787
23cd58af-a8fa-488e-8bae-ef479fdf5cbd,neural,0.662029085526055
9da7142e-1ac6-48d2-b5f6-9f48f39f10b9,neural,0.6003607503607503
7be9367d-1c08-4a16-b081-4845bdbb5a4b,specialized,0.6336134453781512
f0b16052-c178-494b-b994-a57f47ad8224,original_free,1.0
157b2a73-63d4-4b6f-a920-61619492c058,paid_other,0.5810035842293907
770a5344-2ea6-4256-a2fb-bbfb902af62e,paid_brave,0.8014184397163121
b5ee3634-3168-458c-9e7a-7f74968c3c6f,original_free,1.0
734d4d33-e64c-4d3e-8e12-c8dd75baef26,paid_google,0.6400606561896884
a93f279f-77cf-48eb-b5aa-d66c7bb72df2,paid_google,0.5709986575999648
82d35294-043d-4eed-a9ed-6a9dbfc6ad8c,paid_google,0.8559523809523809
749f432b-3519-4529-835a-3e39618570f5,original_free,1.0
168c5d77-2e2e-4aa3-93d7-9be5f0a16be8,paid_brave,0.6583487141626677
24f74c5a-5a75-4c91-83e8-65fdd4565f68,neural,0.6779958627988648
3d80fc9a-0064-4231-aa23-f088e898ab0d,neural,1.0
08da862b-3d9a-4ab3-94b2-1cae75d41721,specialized,0.7016983710873608
82bd2d49-f90f-424d-8c32-9fbf70947d20,paid_google,0.8629032258064516
d5e9a5ea-f384-4e4a-823e-1df377413093,original_free,1.0
f0b16052-c178-494b-b994-a57f47ad8224,paid_brave,0.6144657275092058
9ec823ed-63db-41c9-99cd-578729424418,original_free,1.0
c3c5b697-5609-4713-a440-3d38db62d6ac,original_free,1.0
7b4a06d4-1564-409a-96b8-a0fe29da3d88,paid_google,0.8720812182741117
acda7041-07c4-4add-bf68-183203e3dbf9,specialized,0.8018897768897769
c6236195-7c48-4ce3-bb31-92b7ed07bd96,paid_other,0.6263440860215054
b0b7a170-2120-4dac-aef6-4309a0088247,specialized,0.6197420634920635
0ab947a0-95eb-4ad8-b6ee-0d121e753246,paid_google,0.6749999999999999
6299675b-d32f-484d-a247-a80439860f1d,original_free,1.0
dab294f7-a79d-48f5-af95-eff5ef9fab6e,paid_other,0.7306334016860333
6310b0f1-bd46-46d7-b94a-4aec48d22452,neural,0.6254459308807134
08e3dda3-bea2-4793-8f91-be14333af84f,neural,0.6005257480691006
232ab87d-c137-4dc8-bfb6-6a2ca93492fe,paid_other,0.6358491749796097
da2b7444-d758-4b02-b039-517403c885a9,original_free,1.0
79887d11-a38b-494e-baa2-bfbaed28bb5f,specialized,1.0
84558946-4199-41a9-a4c5-74bd1081a32c,specialized,0.6237472766884532
849c7c61-5a28-46bd-af07-62b062c027c5,paid_brave,0.8014184397163121
a27d369e-ac2d-4428-9df6-3e272f34a993,paid_google,0.7738095238095237
4ccd808f-d969-4018-8f65-65b780b10991,paid_google,0.8684634154723855
1afc4490-367c-491d-b355-4547ed98af20,paid_brave,0.6802591743768215
061a473d-d879-4855-b7d2-50d5a0777dbc,neural,0.5621053437954846
ebf764b2-dc49-477c-87b4-547dd0dc765a,paid_other,0.8859813084112149
3857e0e7-b5f1-4a36-a13b-262d80162061,paid_google,0.7600000000000001
7de06311-2e45-461a-9164-d5ec42663991,paid_brave,0.812807881773399
0a9c269e-5c8d-4125-9165-bf2f57cbb059,original_free,1.0
b6e1d605-7b61-4203-8fd7-af27c1d6b887,original_free,1.0
70ae03fd-0561-4b1d-9452-8f4ba8ba8099,original_free,1.0
396ed137-ff6e-4542-a156-ed62e9c9df57,neural,0.699800281714063
41b36f9a-d24c-4243-a1ab-741ca503a2f8,neural,0.6155392175931329
a93f279f-77cf-48eb-b5aa-d66c7bb72df2,paid_brave,0.5899810066476733
51acbb91-93a5-4828-8fd0-160941e54092,neural,0.5852216024891547
13178e4d-506f-45d4-a984-5fa3c84f205a,paid_google,0.7089343941567758
f6569c08-77a1-4bd7-8693-31bbb2e1da2d,neural,0.5797385059117911
8d369886-ff91-45e4-8a11-b9b93d4f9c8b,original_free,1.0
c40c5cb3-a2cd-4ade-9f87-019f924e1ada,specialized,1.0
d5e9a5ea-f384-4e4a-823e-1df377413093,specialized,0.7063829787234042
7d06f413-dd66-455a-8662-b1b7802f0189,paid_other,0.85
e282f473-753b-4349-b8ce-14706e92654f,original_free,1.0
d7d80579-fe4b-4e1a-8509-16712ae4e5b7,specialized,0.6185580774365821
70376984-d59e-47a4-8a2c-3fc4227ab9a9,neural,0.6752354048964219
9b50f5a7-0513-447e-89d2-ba4fb7e67a62,neural,1.0
66717348-31eb-46c3-a84f-54773ba7ed3c,paid_google,0.85
541c632f-7dd6-41b4-9342-c7b54f3720b6,neural,1.0
695b9e26-7ae5-4986-ba6d-e8beb52e9715,paid_google,0.6941855229089272
03f35ad2-d6f2-4236-b6c5-00ccec5170e9,original_free,1.0
b6e1d605-7b61-4203-8fd7-af27c1d6b887,paid_brave,0.6750851487693593
92b70a13-752e-40c0-8267-2ac79ca5b214,paid_brave,0.7982583454281568
06311970-fc29-4973-8156-cae47ed0d8f0,paid_brave,0.8047331608699818
6ff79ac6-c0d2-407a-9d88-35227f349e66,original_free,1.0
a35ddb53-3e4a-4ba9-b91e-d389c38afb81,specialized,0.5302693914164774
9d4cf316-3dad-4470-8cd7-960548a3298d,paid_google,0.6259775829974439
c0633008-d2c4-4a69-b370-c8dcc32ce752,paid_google,0.6711227025272201
25b37bdc-b4db-4715-ba3a-cb6c54e03ff3,paid_brave,0.8218390804597702
f64262de-94e2-478e-9a61-ac22b70a0e03,specialized,0.6757104735798315
e3cb0d83-0836-42c5-8de9-14dc755d2b88,paid_brave,0.6279761904761905
f5dea594-6512-4cf1-a421-099115e0e13c,paid_google,0.8698924731182796
ebcc4130-770d-426b-9939-caf97419af9d,paid_other,0.8017881517881519
af4bad40-ee6d-46e1-bf6f-673513dec233,paid_other,0.8780487804878049
eef08cc1-e341-4aa3-98bc-88b0ca2c7420,specialized,0.6388782643199202
46e10105-8e18-4f03-a97f-43e9b3db206f,neural,0.5339888869300634
150ea450-50bf-48d5-8758-0d7483d84dc1,specialized,0.6212164750957854
e21f8086-87e6-4c67-a7e5-f6b63d831342,specialized,0.5459213988625753
939318eb-10f0-48e7-b603-329d04fc8dce,specialized,1.0
9ce4833e-d1d5-491b-ab4b-a825e878e08e,specialized,1.0
a27d369e-ac2d-4428-9df6-3e272f34a993,paid_other,0.7003367003367004
c6526e72-828c-4769-ae14-43b04bf629cd,specialized,0.49810298102981027
dab0a67d-0380-4131-b901-2b6ae66e06d1,specialized,0.584457639516372
f81d3b7e-8e65-43ac-befa-76aa2fd665b2,paid_other,0.8584109541252398
1674d04e-d964-43c3-956c-1e200a89cce3,specialized,0.5529928544925732
22024a58-83d3-42da-a688-da03c11bc0d6,original_free,1.0
00c5f463-637d-45b7-b678-f4e73f626be4,neural,0.6690140154856414
b4d5524e-2c09-4611-827f-dff2ba9388f4,paid_brave,0.6575484360410832
1a9dde98-62bf-4200-90c8-96fa7e5f258f,paid_brave,0.7297297297297298
cfb12cc3-33a0-4397-a70e-c80a284fc930,paid_other,0.8898148148148148
aa685ba9-aabd-4fcc-833a-6ddb056b8f79,paid_brave,0.8967136150234741
a0a953aa-0887-4090-9cd4-838ce67657dd,specialized,1.0
cfb12cc3-33a0-4397-a70e-c80a284fc930,paid_brave,0.8898148148148148
ee0c9eff-aa2c-4d83-89f9-394e5c65f793,specialized,1.0
5e441852-2609-45e8-9953-f93e90a60596,paid_other,0.6345911949685535
31a8738c-5d51-43f2-8539-6e3ccb788939,original_free,1.0
cd5b798f-283c-49c5-b9cf-1215d199b925,paid_brave,0.8333333333333334
c7d0cb6d-894f-4700-a9b7-0403d342e600,neural,0.7634044811260002
84558946-4199-41a9-a4c5-74bd1081a32c,paid_brave,0.5808716949067826
8afe5b0a-6004-4f5b-8927-63299d413f2f,neural,0.5913775766716943
eb820fef-f6d3-4235-822f-bdef0a3457bf,specialized,1.0
bc761ef7-79ce-46ba-805f-86c0d756d88c,original_free,1.0
7b673e20-1fe9-4c5b-897a-d9fbe3a4911c,paid_brave,0.8687744348121708
212bed68-e98a-403f-bc52-3169caf47dbc,paid_google,0.8631869674150723
a9952fbc-47de-4e43-84b4-792214d8b4e9,paid_brave,0.7564102564102564
d7d80579-fe4b-4e1a-8509-16712ae4e5b7,paid_brave,0.7193351736829997
62203d2c-8711-431d-b73c-6f523b1a9fcd,paid_other,0.8529806209519893
1a9dde98-62bf-4200-90c8-96fa7e5f258f,original_free,1.0
94315ae4-7d84-4275-bf5d-3d0982c43333,paid_brave,0.8933333333333334
a646bcb3-16dc-4cbb-88b3-e5614b0f14f4,paid_google,0.9025641025641026
6765b9d2-9b64-4a2c-aeaa-95e339e806b4,specialized,1.0
35167059-fa9f-468e-945c-6d44c7f9f5cf,paid_brave,0.865625
66717348-31eb-46c3-a84f-54773ba7ed3c,paid_brave,0.85
98cf6e4a-b943-4a23-9639-0240ad7d76fd,paid_other,0.8560000000000001
9f1c4b6e-10f9-42c6-9143-a888c92c59a7,original_free,1.0
c92991f1-fa6b-4dff-96ba-0528c6ac6cb3,paid_other,0.585923721340388
887d7b7e-3572-47e4-b2ac-d06b8dcbea78,paid_brave,0.8781725888324873
30c226e2-dcfb-45a7-9bb6-6f9ac104b004,neural,0.6145926924228812
b2c0632e-d1b4-4928-a760-46e9b4377393,original_free,1.0
598a7130-14d7-4741-98e1-d48b77250ed0,paid_google,0.8890052356020942
06e23e53-ca20-48f5-b64b-ece1e231ea44,neural,0.682280701754386
f4aae70c-b1a6-404a-b61f-dc653e4a8dff,paid_google,0.851851851851852
4dd421b5-9733-4798-9db3-3b6785e14770,paid_google,0.7176029613039692
d26480b6-a396-44a8-97f6-15e2cca8c216,paid_google,0.5889073458840901
8bfdd929-8a24-4904-95d4-7664cad1d051,paid_other,0.5932660771370449
20157b1a-a4a2-42d5-94fb-b25b1d6faebc,paid_brave,0.7621123817092733
80242102-1e23-45e8-b2aa-4d15fcc88d49,original_free,1.0
d0dacb59-cadf-41f8-9bb6-e6f2be6b3a5c,paid_brave,0.8014184397163121
29e6ff29-8eba-444f-8750-cd59005d2ef9,neural,0.6271986715975787
d803118b-4a57-4304-803d-6f27e2cf167c,original_free,1.0
bcdeab72-4e6a-43eb-ac5e-51908da9ba92,paid_google,0.5666666666666668
7b673e20-1fe9-4c5b-897a-d9fbe3a4911c,paid_other,0.8466431857389305
f525eaf4-fe73-4830-9341-62db69dd4a03,paid_other,0.8818181818181818
e611137b-b0f8-4ed4-bec0-25b7dd1c6a91,neural,0.5770737529015022
ef0a3d73-98e9-4553-a741-274e2a645829,paid_other,0.6528107943984063
5d8aab44-fe7a-45a4-ad9f-f928facc8539,paid_other,0.6810185185185186
577bda92-ad4a-4c66-b204-32763d1ea975,specialized,1.0
9efd7a7e-9927-42f1-89a6-f26152fe25db,specialized,1.0
433d7d7f-4152-4c71-ba5b-01e27c4f52ed,original_free,1.0
45718589-5772-4aec-8576-dc2de07e48e7,paid_google,0.8899408284023669
3c1581a7-b415-4721-8457-54371dfb54e6,original_free,1.0
ced51279-8e65-4d04-a15b-6d278c595c85,original_free,1.0
e9e18c32-2ccc-4244-bd3e-4f7281f26b87,neural,0.6204318936877077
e9187378-12a6-4bfa-a6e1-0338ea9bcd57,paid_other,0.7255342232476378
86ef4491-f1ee-4d64-bba9-080f803b0083,original_free,1.0
71afc7ef-6a47-4ec1-960d-9100a35b3ebb,paid_other,0.7599681020733652
aeaf88f1-1c63-450b-ba7a-088867303127,specialized,0.6728734471980946
620b01e4-0bd3-45a1-8e2d-4c9cfd165dc5,paid_other,0.8441525423728814
7680d93d-7317-4b91-a53f-9d31db3bb5f0,paid_google,0.653248285017639
9af714c9-f4c9-4969-b202-c31b1edbdbdb,original_free,1.0
70ad24bb-c0e5-4ed5-bda3-1c000db24372,paid_brave,0.6981538992408557
e43cd97d-2689-4ec1-b010-25771fd1525a,paid_other,0.6680504680504681
c92991f1-fa6b-4dff-96ba-0528c6ac6cb3,paid_brave,0.7082459818308875
ee1fa91b-f40a-4a6a-bcf4-fc8d0345bacc,paid_brave,0.8450704225352113
2ac8bbcd-4855-4f39-b339-60b095d8ed7a,paid_other,0.8867768595041323
f7777528-3226-4fd2-b0f2-d31bb8e9a145,paid_brave,0.6559068259304294
9f3ec071-94b6-414b-b672-a3c1418a0d67,paid_brave,0.9662921348314607
a2e07e5f-32d5-4ff7-b42d-19c35eaf367e,paid_brave,0.7199261701365488
aeaf88f1-1c63-450b-ba7a-088867303127,original_free,1.0
fb05cb59-7332-4cd9-a007-560dbc272de9,paid_other,0.7080205916693202
d15f0910-85d0-49de-9a87-cd8b65e203c9,neural,0.5694931773879143
0be887d8-d8ae-4e6d-84d4-595c9aa34da9,paid_brave,0.8385714285714286
8d98806d-2c30-483f-8850-dc3d2723d356,paid_brave,0.890713909378293
c73e6215-f7cf-41b1-aacc-8d10cc86fb48,paid_brave,0.9361111111111111
ad041fb9-fe3a-4557-a727-01df5c7525c1,neural,1.0
f0752e86-8592-4681-87fd-025927ab4e23,paid_other,0.0
bc761ef7-79ce-46ba-805f-86c0d756d88c,neural,0.6786215904801637
5fa3d68e-521e-4981-86d1-a54e5dc9a804,original_free,1.0
f58b0287-c317-49b2-a579-1d4572bd20b7,paid_google,0.88
d3e20889-fb61-456e-8129-ea40cd681e3e,neural,0.6293686868686869
159fb71f-42c6-4cdc-9977-4b0c6748579d,paid_brave,0.7982583454281568
a32d8a79-ca0c-4749-b929-3c91a939176a,neural,0.6245139625309296
e1653e6e-d355-4d8d-bdaa-110e5a4d062e,original_free,1.0
f614a284-2bf0-441b-b1c3-b7a2e36afa17,paid_other,0.6707333999555852
b4d5524e-2c09-4611-827f-dff2ba9388f4,paid_google,0.5815580618212196
c0e4463b-1ce2-4e69-8592-42b5ffa61f50,neural,0.6120091064314171
7be9367d-1c08-4a16-b081-4845bdbb5a4b,paid_google,0.8172043010752689
5b91c1c2-6da3-4810-93c0-91f0e042d1d1,paid_brave,0.851851851851852
c73e6215-f7cf-41b1-aacc-8d10cc86fb48,neural,0.5998299319727891
