run_key,branch_role,intent,input_chars,branch_chars,char_ratio,input_word_count,branch_word_count,word_ratio,input_token_count,branch_token_count,identical,jaccard
0c548aca-52b9-4c52-90a5-b741810aa77e,original_free,ai_coding_and_infrastructure,59,59,1.0,8,8,1.0,7,7,True,1.0
0c548aca-52b9-4c52-90a5-b741810aa77e,paid_brave,ai_coding_and_infrastructure,59,86,1.4576271186440677,8,10,1.25,7,9,False,0.7777777777777778
0c548aca-52b9-4c52-90a5-b741810aa77e,paid_google,ai_coding_and_infrastructure,59,104,1.7627118644067796,8,13,1.625,7,11,False,0.6363636363636364
0c548aca-52b9-4c52-90a5-b741810aa77e,paid_other,ai_coding_and_infrastructure,59,85,1.4406779661016949,8,10,1.25,7,9,False,0.7777777777777778
0c548aca-52b9-4c52-90a5-b741810aa77e,neural,ai_coding_and_infrastructure,59,115,1.9491525423728813,8,14,1.75,7,14,False,0.23529411764705882
0c548aca-52b9-4c52-90a5-b741810aa77e,specialized,ai_coding_and_infrastructure,59,67,1.1355932203389831,8,8,1.0,7,8,False,0.36363636363636365
d6f5ebc3-5a11-461d-9848-9a7f48bb9538,original_free,ai_coding_and_infrastructure,59,59,1.0,8,8,1.0,7,7,True,1.0
d6f5ebc3-5a11-461d-9848-9a7f48bb9538,paid_brave,ai_coding_and_infrastructure,59,84,1.423728813559322,8,10,1.25,7,9,False,0.7777777777777778
d6f5ebc3-5a11-461d-9848-9a7f48bb9538,paid_google,ai_coding_and_infrastructure,59,106,1.7966101694915255,8,13,1.625,7,10,False,0.4166666666666667
d6f5ebc3-5a11-461d-9848-9a7f48bb9538,paid_other,ai_coding_and_infrastructure,59,85,1.4406779661016949,8,12,1.5,7,9,False,0.7777777777777778
d6f5ebc3-5a11-461d-9848-9a7f48bb9538,neural,ai_coding_and_infrastructure,59,100,1.694915254237288,8,13,1.625,7,12,False,0.26666666666666666
d6f5ebc3-5a11-461d-9848-9a7f48bb9538,specialized,ai_coding_and_infrastructure,59,101,1.7118644067796611,8,12,1.5,7,10,False,0.3076923076923077
b6366318-03cb-426c-a879-118838619933,original_free,ai_coding_and_infrastructure,59,59,1.0,8,8,1.0,7,7,True,1.0
b6366318-03cb-426c-a879-118838619933,paid_brave,ai_coding_and_infrastructure,59,84,1.423728813559322,8,10,1.25,7,9,False,0.7777777777777778
b6366318-03cb-426c-a879-118838619933,paid_google,ai_coding_and_infrastructure,59,106,1.7966101694915255,8,13,1.625,7,10,False,0.4166666666666667
b6366318-03cb-426c-a879-118838619933,paid_other,ai_coding_and_infrastructure,59,85,1.4406779661016949,8,12,1.5,7,9,False,0.7777777777777778
b6366318-03cb-426c-a879-118838619933,neural,ai_coding_and_infrastructure,59,100,1.694915254237288,8,13,1.625,7,12,False,0.26666666666666666
b6366318-03cb-426c-a879-118838619933,specialized,ai_coding_and_infrastructure,59,101,1.7118644067796611,8,12,1.5,7,10,False,0.3076923076923077
71afc7ef-6a47-4ec1-960d-9100a35b3ebb,original_free,ai_coding_and_infrastructure,88,88,1.0,9,9,1.0,9,9,True,1.0
71afc7ef-6a47-4ec1-960d-9100a35b3ebb,paid_brave,ai_coding_and_infrastructure,88,91,1.0340909090909092,9,12,1.3333333333333333,9,11,False,0.25
71afc7ef-6a47-4ec1-960d-9100a35b3ebb,paid_google,ai_coding_and_infrastructure,88,108,1.2272727272727273,9,14,1.5555555555555556,9,14,False,0.09523809523809523
71afc7ef-6a47-4ec1-960d-9100a35b3ebb,paid_other,ai_coding_and_infrastructure,88,88,1.0,9,12,1.3333333333333333,9,11,False,0.25
71afc7ef-6a47-4ec1-960d-9100a35b3ebb,neural,ai_coding_and_infrastructure,88,85,0.9659090909090909,9,11,1.2222222222222223,9,10,False,0.26666666666666666
71afc7ef-6a47-4ec1-960d-9100a35b3ebb,specialized,ai_coding_and_infrastructure,88,89,1.0113636363636365,9,11,1.2222222222222223,9,10,False,0.35714285714285715
6e615698-e56c-4c2f-8e86-dd0fba584b32,original_free,ai_coding_and_infrastructure,62,62,1.0,9,9,1.0,8,8,True,1.0
6e615698-e56c-4c2f-8e86-dd0fba584b32,paid_brave,ai_coding_and_infrastructure,62,98,1.5806451612903225,9,13,1.4444444444444444,8,12,False,0.5384615384615384
6e615698-e56c-4c2f-8e86-dd0fba584b32,paid_google,ai_coding_and_infrastructure,62,126,2.032258064516129,9,17,1.8888888888888888,8,16,False,0.4117647058823529
6e615698-e56c-4c2f-8e86-dd0fba584b32,paid_other,ai_coding_and_infrastructure,62,100,1.6129032258064515,9,14,1.5555555555555556,8,13,False,0.6153846153846154
6e615698-e56c-4c2f-8e86-dd0fba584b32,neural,ai_coding_and_infrastructure,62,130,2.096774193548387,9,17,1.8888888888888888,8,16,False,0.4117647058823529
6e615698-e56c-4c2f-8e86-dd0fba584b32,specialized,ai_coding_and_infrastructure,62,120,1.935483870967742,9,18,2.0,8,17,False,0.3888888888888889
c7d0cb6d-894f-4700-a9b7-0403d342e600,original_free,ai_coding_and_infrastructure,91,91,1.0,13,13,1.0,13,13,True,1.0
c7d0cb6d-894f-4700-a9b7-0403d342e600,paid_brave,ai_coding_and_infrastructure,91,117,1.2857142857142858,13,17,1.3076923076923077,13,17,False,0.5
c7d0cb6d-894f-4700-a9b7-0403d342e600,paid_google,ai_coding_and_infrastructure,91,119,1.3076923076923077,13,18,1.3846153846153846,13,18,False,0.4090909090909091
c7d0cb6d-894f-4700-a9b7-0403d342e600,paid_other,ai_coding_and_infrastructure,91,116,1.2747252747252746,13,17,1.3076923076923077,13,17,False,0.36363636363636365
c7d0cb6d-894f-4700-a9b7-0403d342e600,neural,ai_coding_and_infrastructure,91,90,0.989010989010989,13,13,1.0,13,13,False,0.3684210526315789
c7d0cb6d-894f-4700-a9b7-0403d342e600,specialized,ai_coding_and_infrastructure,91,111,1.2197802197802199,13,16,1.2307692307692308,13,16,False,0.38095238095238093
5c010dee-f8ac-4b90-bbde-11ed5837ddd5,original_free,ai_coding_and_infrastructure,83,83,1.0,13,13,1.0,13,13,True,1.0
5c010dee-f8ac-4b90-bbde-11ed5837ddd5,paid_brave,ai_coding_and_infrastructure,83,126,1.5180722891566265,13,16,1.2307692307692308,13,16,False,0.38095238095238093
5c010dee-f8ac-4b90-bbde-11ed5837ddd5,paid_google,ai_coding_and_infrastructure,83,108,1.3012048192771084,13,14,1.0769230769230769,13,14,False,0.35
5c010dee-f8ac-4b90-bbde-11ed5837ddd5,paid_other,ai_coding_and_infrastructure,83,108,1.3012048192771084,13,15,1.1538461538461537,13,15,False,0.3333333333333333
5c010dee-f8ac-4b90-bbde-11ed5837ddd5,neural,ai_coding_and_infrastructure,83,147,1.7710843373493976,13,20,1.5384615384615385,13,20,False,0.17857142857142858
5c010dee-f8ac-4b90-bbde-11ed5837ddd5,specialized,ai_coding_and_infrastructure,83,147,1.7710843373493976,13,18,1.3846153846153846,13,18,False,0.4090909090909091
01b2cda2-a67f-4d20-adc9-94b1bd6fd512,original_free,general,72,72,1.0,8,8,1.0,8,8,True,1.0
01b2cda2-a67f-4d20-adc9-94b1bd6fd512,paid_brave,general,72,74,1.0277777777777777,8,8,1.0,8,8,False,1.0
01b2cda2-a67f-4d20-adc9-94b1bd6fd512,paid_google,general,72,74,1.0277777777777777,8,8,1.0,8,8,False,1.0
01b2cda2-a67f-4d20-adc9-94b1bd6fd512,paid_other,general,72,74,1.0277777777777777,8,8,1.0,8,8,False,1.0
01b2cda2-a67f-4d20-adc9-94b1bd6fd512,neural,general,72,135,1.875,8,21,2.625,8,21,False,0.3181818181818182
01b2cda2-a67f-4d20-adc9-94b1bd6fd512,specialized,general,72,83,1.1527777777777777,8,10,1.25,8,10,False,0.6363636363636364
ff8bd0b6-7443-4449-bb30-9318db20262b,original_free,ai_coding_and_infrastructure,29,29,1.0,4,4,1.0,4,4,True,1.0
ff8bd0b6-7443-4449-bb30-9318db20262b,paid_brave,ai_coding_and_infrastructure,29,29,1.0,4,4,1.0,4,4,True,1.0
ff8bd0b6-7443-4449-bb30-9318db20262b,paid_google,ai_coding_and_infrastructure,29,29,1.0,4,4,1.0,4,4,True,1.0
ff8bd0b6-7443-4449-bb30-9318db20262b,paid_other,ai_coding_and_infrastructure,29,29,1.0,4,4,1.0,4,4,True,1.0
ff8bd0b6-7443-4449-bb30-9318db20262b,neural,ai_coding_and_infrastructure,29,29,1.0,4,4,1.0,4,4,True,1.0
ff8bd0b6-7443-4449-bb30-9318db20262b,specialized,ai_coding_and_infrastructure,29,29,1.0,4,4,1.0,4,4,True,1.0
08110b45-75a8-4f4b-96fa-fc2c4bdc5343,original_free,ai_coding_and_infrastructure,29,29,1.0,4,4,1.0,4,4,True,1.0
08110b45-75a8-4f4b-96fa-fc2c4bdc5343,paid_brave,ai_coding_and_infrastructure,29,29,1.0,4,4,1.0,4,4,True,1.0
08110b45-75a8-4f4b-96fa-fc2c4bdc5343,paid_google,ai_coding_and_infrastructure,29,29,1.0,4,4,1.0,4,4,True,1.0
08110b45-75a8-4f4b-96fa-fc2c4bdc5343,paid_other,ai_coding_and_infrastructure,29,29,1.0,4,4,1.0,4,4,True,1.0
08110b45-75a8-4f4b-96fa-fc2c4bdc5343,neural,ai_coding_and_infrastructure,29,29,1.0,4,4,1.0,4,4,True,1.0
08110b45-75a8-4f4b-96fa-fc2c4bdc5343,specialized,ai_coding_and_infrastructure,29,29,1.0,4,4,1.0,4,4,True,1.0
9b50f5a7-0513-447e-89d2-ba4fb7e67a62,original_free,ai_coding_and_infrastructure,29,29,1.0,4,4,1.0,4,4,True,1.0
9b50f5a7-0513-447e-89d2-ba4fb7e67a62,paid_brave,ai_coding_and_infrastructure,29,29,1.0,4,4,1.0,4,4,True,1.0
9b50f5a7-0513-447e-89d2-ba4fb7e67a62,paid_google,ai_coding_and_infrastructure,29,29,1.0,4,4,1.0,4,4,True,1.0
9b50f5a7-0513-447e-89d2-ba4fb7e67a62,paid_other,ai_coding_and_infrastructure,29,29,1.0,4,4,1.0,4,4,True,1.0
9b50f5a7-0513-447e-89d2-ba4fb7e67a62,neural,ai_coding_and_infrastructure,29,29,1.0,4,4,1.0,4,4,True,1.0
9b50f5a7-0513-447e-89d2-ba4fb7e67a62,specialized,ai_coding_and_infrastructure,29,29,1.0,4,4,1.0,4,4,True,1.0
5229f521-bbb6-4856-8d90-bcb281430eeb,original_free,ai_coding_and_infrastructure,29,29,1.0,4,4,1.0,4,4,True,1.0
5229f521-bbb6-4856-8d90-bcb281430eeb,paid_brave,ai_coding_and_infrastructure,29,29,1.0,4,4,1.0,4,4,True,1.0
5229f521-bbb6-4856-8d90-bcb281430eeb,paid_google,ai_coding_and_infrastructure,29,29,1.0,4,4,1.0,4,4,True,1.0
5229f521-bbb6-4856-8d90-bcb281430eeb,paid_other,ai_coding_and_infrastructure,29,29,1.0,4,4,1.0,4,4,True,1.0
5229f521-bbb6-4856-8d90-bcb281430eeb,neural,ai_coding_and_infrastructure,29,29,1.0,4,4,1.0,4,4,True,1.0
5229f521-bbb6-4856-8d90-bcb281430eeb,specialized,ai_coding_and_infrastructure,29,29,1.0,4,4,1.0,4,4,True,1.0
1041e0d3-077e-4e87-84ca-47b2ac8368cf,original_free,ai_coding_and_infrastructure,29,29,1.0,4,4,1.0,4,4,True,1.0
1041e0d3-077e-4e87-84ca-47b2ac8368cf,paid_brave,ai_coding_and_infrastructure,29,36,1.2413793103448276,4,5,1.25,4,5,False,0.8
1041e0d3-077e-4e87-84ca-47b2ac8368cf,paid_google,ai_coding_and_infrastructure,29,87,3.0,4,10,2.5,4,10,False,0.16666666666666666
1041e0d3-077e-4e87-84ca-47b2ac8368cf,paid_other,ai_coding_and_infrastructure,29,72,2.4827586206896552,4,8,2.0,4,8,False,0.2
1041e0d3-077e-4e87-84ca-47b2ac8368cf,neural,ai_coding_and_infrastructure,29,135,4.655172413793103,4,17,4.25,4,17,False,0.23529411764705882
1041e0d3-077e-4e87-84ca-47b2ac8368cf,specialized,ai_coding_and_infrastructure,29,135,4.655172413793103,4,17,4.25,4,17,False,0.23529411764705882
24e0f50d-7de8-4820-b744-95a7fadfdcfe,original_free,ai_coding_and_infrastructure,29,29,1.0,4,4,1.0,4,4,True,1.0
24e0f50d-7de8-4820-b744-95a7fadfdcfe,paid_brave,ai_coding_and_infrastructure,29,36,1.2413793103448276,4,5,1.25,4,5,False,0.8
24e0f50d-7de8-4820-b744-95a7fadfdcfe,paid_google,ai_coding_and_infrastructure,29,87,3.0,4,10,2.5,4,10,False,0.16666666666666666
24e0f50d-7de8-4820-b744-95a7fadfdcfe,paid_other,ai_coding_and_infrastructure,29,72,2.4827586206896552,4,8,2.0,4,8,False,0.2
24e0f50d-7de8-4820-b744-95a7fadfdcfe,neural,ai_coding_and_infrastructure,29,135,4.655172413793103,4,17,4.25,4,17,False,0.23529411764705882
24e0f50d-7de8-4820-b744-95a7fadfdcfe,specialized,ai_coding_and_infrastructure,29,135,4.655172413793103,4,17,4.25,4,17,False,0.23529411764705882
07b5e1b9-ba79-48f2-9209-59012445cb46,original_free,ai_coding_and_infrastructure,29,29,1.0,4,4,1.0,4,4,True,1.0
07b5e1b9-ba79-48f2-9209-59012445cb46,paid_brave,ai_coding_and_infrastructure,29,36,1.2413793103448276,4,5,1.25,4,5,False,0.8
07b5e1b9-ba79-48f2-9209-59012445cb46,paid_google,ai_coding_and_infrastructure,29,70,2.413793103448276,4,9,2.25,4,8,False,0.2
07b5e1b9-ba79-48f2-9209-59012445cb46,paid_other,ai_coding_and_infrastructure,29,69,2.3793103448275863,4,9,2.25,4,9,False,0.18181818181818182
07b5e1b9-ba79-48f2-9209-59012445cb46,neural,ai_coding_and_infrastructure,29,135,4.655172413793103,4,17,4.25,4,17,False,0.23529411764705882
07b5e1b9-ba79-48f2-9209-59012445cb46,specialized,ai_coding_and_infrastructure,29,135,4.655172413793103,4,17,4.25,4,17,False,0.23529411764705882
c08937e0-ae20-4521-998b-c834142760be,original_free,ai_coding_and_infrastructure,29,29,1.0,4,4,1.0,4,4,True,1.0
c08937e0-ae20-4521-998b-c834142760be,paid_brave,ai_coding_and_infrastructure,29,36,1.2413793103448276,4,5,1.25,4,5,False,0.8
c08937e0-ae20-4521-998b-c834142760be,paid_google,ai_coding_and_infrastructure,29,55,1.896551724137931,4,6,1.5,4,6,False,0.25
c08937e0-ae20-4521-998b-c834142760be,paid_other,ai_coding_and_infrastructure,29,72,2.4827586206896552,4,8,2.0,4,8,False,0.2
c08937e0-ae20-4521-998b-c834142760be,neural,ai_coding_and_infrastructure,29,122,4.206896551724138,4,16,4.0,4,16,False,0.25
c08937e0-ae20-4521-998b-c834142760be,specialized,ai_coding_and_infrastructure,29,122,4.206896551724138,4,16,4.0,4,16,False,0.25
899eb188-05ce-49ec-ae12-83b8c61cce5e,original_free,ai_coding_and_infrastructure,29,29,1.0,4,4,1.0,4,4,True,1.0
899eb188-05ce-49ec-ae12-83b8c61cce5e,paid_brave,ai_coding_and_infrastructure,29,36,1.2413793103448276,4,5,1.25,4,5,False,0.8
899eb188-05ce-49ec-ae12-83b8c61cce5e,paid_google,ai_coding_and_infrastructure,29,87,3.0,4,10,2.5,4,10,False,0.16666666666666666
899eb188-05ce-49ec-ae12-83b8c61cce5e,paid_other,ai_coding_and_infrastructure,29,72,2.4827586206896552,4,8,2.0,4,8,False,0.2
899eb188-05ce-49ec-ae12-83b8c61cce5e,neural,ai_coding_and_infrastructure,29,135,4.655172413793103,4,17,4.25,4,17,False,0.23529411764705882
899eb188-05ce-49ec-ae12-83b8c61cce5e,specialized,ai_coding_and_infrastructure,29,135,4.655172413793103,4,17,4.25,4,17,False,0.23529411764705882
2c131c81-99af-48ca-9b9a-b32c9c959d79,original_free,ai_coding_and_infrastructure,76,76,1.0,10,10,1.0,10,10,True,1.0
2c131c81-99af-48ca-9b9a-b32c9c959d79,paid_brave,ai_coding_and_infrastructure,76,87,1.144736842105263,10,12,1.2,10,11,False,0.5
2c131c81-99af-48ca-9b9a-b32c9c959d79,paid_google,ai_coding_and_infrastructure,76,77,1.013157894736842,10,10,1.0,10,10,False,0.42857142857142855
2c131c81-99af-48ca-9b9a-b32c9c959d79,paid_other,ai_coding_and_infrastructure,76,49,0.6447368421052632,10,7,0.7,10,7,False,0.21428571428571427
2c131c81-99af-48ca-9b9a-b32c9c959d79,neural,ai_coding_and_infrastructure,76,270,3.5526315789473686,10,37,3.7,10,37,False,0.20512820512820512
2c131c81-99af-48ca-9b9a-b32c9c959d79,specialized,ai_coding_and_infrastructure,76,270,3.5526315789473686,10,37,3.7,10,37,False,0.20512820512820512
f3929c3a-d25b-412d-9c92-b51f0862a408,original_free,general,10,10,1.0,2,2,1.0,2,2,True,1.0
f3929c3a-d25b-412d-9c92-b51f0862a408,paid_brave,general,10,30,3.0,2,6,3.0,2,5,False,0.4
f3929c3a-d25b-412d-9c92-b51f0862a408,paid_google,general,10,47,4.7,2,5,2.5,2,5,False,0.4
f3929c3a-d25b-412d-9c92-b51f0862a408,paid_other,general,10,49,4.9,2,9,4.5,2,9,False,0.2222222222222222
f3929c3a-d25b-412d-9c92-b51f0862a408,neural,general,10,112,11.2,2,18,9.0,2,18,False,0.1111111111111111
f3929c3a-d25b-412d-9c92-b51f0862a408,specialized,general,10,112,11.2,2,18,9.0,2,18,False,0.1111111111111111
10205441-53b0-435c-92fc-aedb6b6825af,original_free,general,26,26,1.0,4,4,1.0,4,4,True,1.0
10205441-53b0-435c-92fc-aedb6b6825af,paid_brave,general,26,33,1.2692307692307692,4,5,1.25,4,5,False,0.8
10205441-53b0-435c-92fc-aedb6b6825af,paid_google,general,26,48,1.8461538461538463,4,8,2.0,4,7,False,0.5714285714285714
10205441-53b0-435c-92fc-aedb6b6825af,paid_other,general,26,62,2.3846153846153846,4,9,2.25,4,9,False,0.4444444444444444
10205441-53b0-435c-92fc-aedb6b6825af,neural,general,26,139,5.346153846153846,4,20,5.0,4,20,False,0.14285714285714285
10205441-53b0-435c-92fc-aedb6b6825af,specialized,general,26,139,5.346153846153846,4,20,5.0,4,20,False,0.14285714285714285
074ddc77-e0a4-46f5-826e-0a6868e6d787,original_free,general,10,10,1.0,2,2,1.0,2,2,True,1.0
074ddc77-e0a4-46f5-826e-0a6868e6d787,paid_brave,general,10,42,4.2,2,8,4.0,2,7,False,0.2857142857142857
074ddc77-e0a4-46f5-826e-0a6868e6d787,paid_google,general,10,25,2.5,2,4,2.0,2,4,False,0.5
074ddc77-e0a4-46f5-826e-0a6868e6d787,paid_other,general,10,61,6.1,2,8,4.0,2,8,False,0.25
074ddc77-e0a4-46f5-826e-0a6868e6d787,neural,general,10,119,11.9,2,19,9.5,2,18,False,0.1111111111111111
074ddc77-e0a4-46f5-826e-0a6868e6d787,specialized,general,10,119,11.9,2,19,9.5,2,18,False,0.1111111111111111
d15f0910-85d0-49de-9a87-cd8b65e203c9,original_free,general,19,19,1.0,4,4,1.0,3,3,True,1.0
d15f0910-85d0-49de-9a87-cd8b65e203c9,paid_brave,general,19,42,2.210526315789474,4,7,1.75,3,6,False,0.5
d15f0910-85d0-49de-9a87-cd8b65e203c9,paid_google,general,19,48,2.526315789473684,4,8,2.0,3,7,False,0.42857142857142855
d15f0910-85d0-49de-9a87-cd8b65e203c9,paid_other,general,19,67,3.526315789473684,4,9,2.25,3,7,False,0.25
d15f0910-85d0-49de-9a87-cd8b65e203c9,neural,general,19,120,6.315789473684211,4,18,4.5,3,17,False,0.17647058823529413
d15f0910-85d0-49de-9a87-cd8b65e203c9,specialized,general,19,120,6.315789473684211,4,18,4.5,3,17,False,0.17647058823529413
b68dc359-db51-4025-a2e6-652627036ad5,original_free,general,24,24,1.0,5,5,1.0,4,4,True,1.0
b68dc359-db51-4025-a2e6-652627036ad5,paid_brave,general,24,47,1.9583333333333333,5,8,1.6,4,7,False,0.5714285714285714
b68dc359-db51-4025-a2e6-652627036ad5,paid_google,general,24,55,2.2916666666666665,5,9,1.8,4,8,False,0.2
b68dc359-db51-4025-a2e6-652627036ad5,paid_other,general,24,73,3.0416666666666665,5,13,2.6,4,11,False,0.25
b68dc359-db51-4025-a2e6-652627036ad5,neural,general,24,131,5.458333333333333,5,19,3.8,4,18,False,0.2222222222222222
b68dc359-db51-4025-a2e6-652627036ad5,specialized,general,24,131,5.458333333333333,5,19,3.8,4,18,False,0.2222222222222222
b77e4720-af5c-4a92-bccc-7b52aa4d9819,original_free,general,19,19,1.0,4,4,1.0,3,3,True,1.0
b77e4720-af5c-4a92-bccc-7b52aa4d9819,paid_brave,general,19,42,2.210526315789474,4,7,1.75,3,6,False,0.5
b77e4720-af5c-4a92-bccc-7b52aa4d9819,paid_google,general,19,57,3.0,4,8,2.0,3,7,False,0.42857142857142855
b77e4720-af5c-4a92-bccc-7b52aa4d9819,paid_other,general,19,51,2.6842105263157894,4,10,2.5,3,9,False,0.3333333333333333
b77e4720-af5c-4a92-bccc-7b52aa4d9819,neural,general,19,137,7.2105263157894735,4,21,5.25,3,20,False,0.15
b77e4720-af5c-4a92-bccc-7b52aa4d9819,specialized,general,19,137,7.2105263157894735,4,21,5.25,3,20,False,0.15
fdd59047-74b4-4762-bcea-0ffd38ba6085,original_free,general,19,19,1.0,4,4,1.0,3,3,True,1.0
fdd59047-74b4-4762-bcea-0ffd38ba6085,paid_brave,general,19,42,2.210526315789474,4,7,1.75,3,6,False,0.5
fdd59047-74b4-4762-bcea-0ffd38ba6085,paid_google,general,19,46,2.4210526315789473,4,8,2.0,3,7,False,0.42857142857142855
fdd59047-74b4-4762-bcea-0ffd38ba6085,paid_other,general,19,45,2.3684210526315788,4,9,2.25,3,8,False,0.375
fdd59047-74b4-4762-bcea-0ffd38ba6085,neural,general,19,118,6.2105263157894735,4,19,4.75,3,18,False,0.16666666666666666
fdd59047-74b4-4762-bcea-0ffd38ba6085,specialized,general,19,118,6.2105263157894735,4,19,4.75,3,18,False,0.16666666666666666
7e796f15-eafa-4318-bdf1-65ac269dd347,original_free,ai_coding_and_infrastructure,6,6,1.0,1,1,1.0,1,1,True,1.0
7e796f15-eafa-4318-bdf1-65ac269dd347,paid_brave,ai_coding_and_infrastructure,6,13,2.1666666666666665,1,2,2.0,1,2,False,0.5
7e796f15-eafa-4318-bdf1-65ac269dd347,paid_google,ai_coding_and_infrastructure,6,35,5.833333333333333,1,5,5.0,1,5,False,0.2
7e796f15-eafa-4318-bdf1-65ac269dd347,paid_other,ai_coding_and_infrastructure,6,28,4.666666666666667,1,4,4.0,1,4,False,0.25
7e796f15-eafa-4318-bdf1-65ac269dd347,neural,ai_coding_and_infrastructure,6,82,13.666666666666666,1,13,13.0,1,13,False,0.07692307692307693
7e796f15-eafa-4318-bdf1-65ac269dd347,specialized,ai_coding_and_infrastructure,6,82,13.666666666666666,1,13,13.0,1,13,False,0.07692307692307693
c6526e72-828c-4769-ae14-43b04bf629cd,original_free,ai_coding_and_infrastructure,6,6,1.0,1,1,1.0,1,1,True,1.0
c6526e72-828c-4769-ae14-43b04bf629cd,paid_brave,ai_coding_and_infrastructure,6,18,3.0,1,3,3.0,1,3,False,0.3333333333333333
c6526e72-828c-4769-ae14-43b04bf629cd,paid_google,ai_coding_and_infrastructure,6,45,7.5,1,7,7.0,1,6,False,0.16666666666666666
c6526e72-828c-4769-ae14-43b04bf629cd,paid_other,ai_coding_and_infrastructure,6,43,7.166666666666667,1,6,6.0,1,6,False,0.16666666666666666
c6526e72-828c-4769-ae14-43b04bf629cd,neural,ai_coding_and_infrastructure,6,82,13.666666666666666,1,14,14.0,1,14,False,0.07142857142857142
c6526e72-828c-4769-ae14-43b04bf629cd,specialized,ai_coding_and_infrastructure,6,82,13.666666666666666,1,14,14.0,1,14,False,0.07142857142857142
cedde1af-8709-4ada-9bb2-8c948c3524c4,original_free,ai_coding_and_infrastructure,6,6,1.0,1,1,1.0,1,1,True,1.0
cedde1af-8709-4ada-9bb2-8c948c3524c4,paid_brave,ai_coding_and_infrastructure,6,18,3.0,1,3,3.0,1,3,False,0.3333333333333333
cedde1af-8709-4ada-9bb2-8c948c3524c4,paid_google,ai_coding_and_infrastructure,6,50,8.333333333333334,1,7,7.0,1,6,False,0.16666666666666666
cedde1af-8709-4ada-9bb2-8c948c3524c4,paid_other,ai_coding_and_infrastructure,6,45,7.5,1,8,8.0,1,8,False,0.125
cedde1af-8709-4ada-9bb2-8c948c3524c4,neural,ai_coding_and_infrastructure,6,102,17.0,1,16,16.0,1,16,False,0.0625
cedde1af-8709-4ada-9bb2-8c948c3524c4,specialized,ai_coding_and_infrastructure,6,102,17.0,1,16,16.0,1,16,False,0.0625
abaa22b3-4fda-4365-87af-cbaa513517aa,original_free,ai_coding_and_infrastructure,6,6,1.0,1,1,1.0,1,1,True,1.0
abaa22b3-4fda-4365-87af-cbaa513517aa,paid_brave,ai_coding_and_infrastructure,6,39,6.5,1,6,6.0,1,5,False,0.2
abaa22b3-4fda-4365-87af-cbaa513517aa,paid_google,ai_coding_and_infrastructure,6,49,8.166666666666666,1,8,8.0,1,8,False,0.125
abaa22b3-4fda-4365-87af-cbaa513517aa,paid_other,ai_coding_and_infrastructure,6,59,9.833333333333334,1,9,9.0,1,9,False,0.1111111111111111
abaa22b3-4fda-4365-87af-cbaa513517aa,neural,ai_coding_and_infrastructure,6,93,15.5,1,15,15.0,1,15,False,0.06666666666666667
abaa22b3-4fda-4365-87af-cbaa513517aa,specialized,ai_coding_and_infrastructure,6,93,15.5,1,15,15.0,1,15,False,0.06666666666666667
236b2a75-5322-4d05-9025-01b7b3fc227b,original_free,general,19,19,1.0,4,4,1.0,3,3,True,1.0
236b2a75-5322-4d05-9025-01b7b3fc227b,paid_brave,general,19,42,2.210526315789474,4,7,1.75,3,6,False,0.5
236b2a75-5322-4d05-9025-01b7b3fc227b,paid_google,general,19,48,2.526315789473684,4,8,2.0,3,7,False,0.42857142857142855
236b2a75-5322-4d05-9025-01b7b3fc227b,paid_other,general,19,50,2.6315789473684212,4,9,2.25,3,8,False,0.375
236b2a75-5322-4d05-9025-01b7b3fc227b,neural,general,19,118,6.2105263157894735,4,18,4.5,3,17,False,0.17647058823529413
236b2a75-5322-4d05-9025-01b7b3fc227b,specialized,general,19,118,6.2105263157894735,4,18,4.5,3,17,False,0.17647058823529413
8a118083-ba42-422c-903c-0324ba87854f,original_free,general,24,24,1.0,3,3,1.0,3,3,True,1.0
8a118083-ba42-422c-903c-0324ba87854f,paid_brave,general,24,48,2.0,3,6,2.0,3,6,False,0.5
8a118083-ba42-422c-903c-0324ba87854f,paid_google,general,24,39,1.625,3,6,2.0,3,6,False,0.2857142857142857
8a118083-ba42-422c-903c-0324ba87854f,paid_other,general,24,45,1.875,3,8,2.6666666666666665,3,8,False,0.2222222222222222
8a118083-ba42-422c-903c-0324ba87854f,neural,general,24,89,3.7083333333333335,3,12,4.0,3,12,False,0.15384615384615385
8a118083-ba42-422c-903c-0324ba87854f,specialized,general,24,89,3.7083333333333335,3,12,4.0,3,12,False,0.15384615384615385
f525eaf4-fe73-4830-9341-62db69dd4a03,original_free,general,18,18,1.0,2,2,1.0,2,2,True,1.0
f525eaf4-fe73-4830-9341-62db69dd4a03,paid_brave,general,18,46,2.5555555555555554,2,6,3.0,2,5,False,0.4
f525eaf4-fe73-4830-9341-62db69dd4a03,paid_google,general,18,54,3.0,2,7,3.5,2,7,False,0.2857142857142857
f525eaf4-fe73-4830-9341-62db69dd4a03,paid_other,general,18,44,2.4444444444444446,2,7,3.5,2,7,False,0.2857142857142857
f525eaf4-fe73-4830-9341-62db69dd4a03,neural,general,18,115,6.388888888888889,2,17,8.5,2,15,False,0.13333333333333333
f525eaf4-fe73-4830-9341-62db69dd4a03,specialized,general,18,115,6.388888888888889,2,17,8.5,2,15,False,0.13333333333333333
b6363b63-363e-4883-aa93-45404923714f,original_free,general,18,18,1.0,2,2,1.0,2,2,True,1.0
b6363b63-363e-4883-aa93-45404923714f,paid_brave,general,18,46,2.5555555555555554,2,6,3.0,2,5,False,0.4
b6363b63-363e-4883-aa93-45404923714f,paid_google,general,18,56,3.111111111111111,2,7,3.5,2,7,False,0.2857142857142857
b6363b63-363e-4883-aa93-45404923714f,paid_other,general,18,33,1.8333333333333333,2,4,2.0,2,4,False,0.5
b6363b63-363e-4883-aa93-45404923714f,neural,general,18,89,4.944444444444445,2,15,7.5,2,13,False,0.15384615384615385
b6363b63-363e-4883-aa93-45404923714f,specialized,general,18,89,4.944444444444445,2,15,7.5,2,13,False,0.15384615384615385
a27d369e-ac2d-4428-9df6-3e272f34a993,original_free,general,18,18,1.0,2,2,1.0,2,2,True,1.0
a27d369e-ac2d-4428-9df6-3e272f34a993,paid_brave,general,18,46,2.5555555555555554,2,6,3.0,2,5,False,0.4
a27d369e-ac2d-4428-9df6-3e272f34a993,paid_google,general,18,56,3.111111111111111,2,7,3.5,2,7,False,0.2857142857142857
a27d369e-ac2d-4428-9df6-3e272f34a993,paid_other,general,18,33,1.8333333333333333,2,4,2.0,2,4,False,0.5
a27d369e-ac2d-4428-9df6-3e272f34a993,neural,general,18,89,4.944444444444445,2,15,7.5,2,13,False,0.15384615384615385
a27d369e-ac2d-4428-9df6-3e272f34a993,specialized,general,18,89,4.944444444444445,2,15,7.5,2,13,False,0.15384615384615385
734d4d33-e64c-4d3e-8e12-c8dd75baef26,original_free,ai_coding_and_infrastructure,39,39,1.0,5,5,1.0,5,5,True,1.0
734d4d33-e64c-4d3e-8e12-c8dd75baef26,paid_brave,ai_coding_and_infrastructure,39,66,1.6923076923076923,5,8,1.6,5,8,False,0.625
734d4d33-e64c-4d3e-8e12-c8dd75baef26,paid_google,ai_coding_and_infrastructure,39,62,1.5897435897435896,5,7,1.4,5,7,False,0.3333333333333333
734d4d33-e64c-4d3e-8e12-c8dd75baef26,paid_other,ai_coding_and_infrastructure,39,63,1.6153846153846154,5,8,1.6,5,8,False,0.3
734d4d33-e64c-4d3e-8e12-c8dd75baef26,neural,ai_coding_and_infrastructure,39,134,3.4358974358974357,5,19,3.8,5,18,False,0.2777777777777778
734d4d33-e64c-4d3e-8e12-c8dd75baef26,specialized,ai_coding_and_infrastructure,39,134,3.4358974358974357,5,19,3.8,5,18,False,0.2777777777777778
1d6a40ad-7c5c-40d0-b87d-0ca1072cc041,original_free,ai_coding_and_infrastructure,39,39,1.0,5,5,1.0,5,5,True,1.0
1d6a40ad-7c5c-40d0-b87d-0ca1072cc041,paid_brave,ai_coding_and_infrastructure,39,46,1.1794871794871795,5,6,1.2,5,6,False,0.8333333333333334
1d6a40ad-7c5c-40d0-b87d-0ca1072cc041,paid_google,ai_coding_and_infrastructure,39,72,1.8461538461538463,5,10,2.0,5,9,False,0.4
1d6a40ad-7c5c-40d0-b87d-0ca1072cc041,paid_other,ai_coding_and_infrastructure,39,51,1.3076923076923077,5,6,1.2,5,6,False,0.1
1d6a40ad-7c5c-40d0-b87d-0ca1072cc041,neural,ai_coding_and_infrastructure,39,126,3.230769230769231,5,17,3.4,5,17,False,0.29411764705882354
1d6a40ad-7c5c-40d0-b87d-0ca1072cc041,specialized,ai_coding_and_infrastructure,39,126,3.230769230769231,5,17,3.4,5,17,False,0.29411764705882354
d1256117-3f2a-495c-bc16-f08aed933062,original_free,ai_coding_and_infrastructure,39,39,1.0,5,5,1.0,5,5,True,1.0
d1256117-3f2a-495c-bc16-f08aed933062,paid_brave,ai_coding_and_infrastructure,39,66,1.6923076923076923,5,8,1.6,5,8,False,0.625
d1256117-3f2a-495c-bc16-f08aed933062,paid_google,ai_coding_and_infrastructure,39,65,1.6666666666666667,5,8,1.6,5,8,False,0.3
d1256117-3f2a-495c-bc16-f08aed933062,paid_other,ai_coding_and_infrastructure,39,77,1.9743589743589745,5,9,1.8,5,9,False,0.5555555555555556
d1256117-3f2a-495c-bc16-f08aed933062,neural,ai_coding_and_infrastructure,39,126,3.230769230769231,5,17,3.4,5,17,False,0.29411764705882354
d1256117-3f2a-495c-bc16-f08aed933062,specialized,ai_coding_and_infrastructure,39,126,3.230769230769231,5,17,3.4,5,17,False,0.29411764705882354
f1241f01-05a8-49b8-82df-744fcee2c295,original_free,ai_coding_and_infrastructure,37,37,1.0,4,4,1.0,4,4,True,1.0
f1241f01-05a8-49b8-82df-744fcee2c295,paid_brave,ai_coding_and_infrastructure,37,85,2.2972972972972974,4,10,2.5,4,9,False,0.4444444444444444
f1241f01-05a8-49b8-82df-744fcee2c295,paid_google,ai_coding_and_infrastructure,37,59,1.5945945945945945,4,7,1.75,4,7,False,0.375
f1241f01-05a8-49b8-82df-744fcee2c295,paid_other,ai_coding_and_infrastructure,37,56,1.5135135135135136,4,7,1.75,4,7,False,0.375
f1241f01-05a8-49b8-82df-744fcee2c295,neural,ai_coding_and_infrastructure,37,122,3.2972972972972974,4,18,4.5,4,18,False,0.2222222222222222
f1241f01-05a8-49b8-82df-744fcee2c295,specialized,ai_coding_and_infrastructure,37,122,3.2972972972972974,4,18,4.5,4,18,False,0.2222222222222222
946efcc6-9bb8-4805-98df-789e2c17a5b1,original_free,ai_coding_and_infrastructure,23,23,1.0,3,3,1.0,3,3,True,1.0
946efcc6-9bb8-4805-98df-789e2c17a5b1,paid_brave,ai_coding_and_infrastructure,23,70,3.0434782608695654,3,9,3.0,3,9,False,0.3333333333333333
946efcc6-9bb8-4805-98df-789e2c17a5b1,paid_google,ai_coding_and_infrastructure,23,85,3.6956521739130435,3,11,3.6666666666666665,3,10,False,0.18181818181818182
946efcc6-9bb8-4805-98df-789e2c17a5b1,paid_other,ai_coding_and_infrastructure,23,102,4.434782608695652,3,13,4.333333333333333,3,13,False,0.23076923076923078
946efcc6-9bb8-4805-98df-789e2c17a5b1,neural,ai_coding_and_infrastructure,23,126,5.478260869565218,3,17,5.666666666666667,3,17,False,0.1111111111111111
946efcc6-9bb8-4805-98df-789e2c17a5b1,specialized,ai_coding_and_infrastructure,23,126,5.478260869565218,3,17,5.666666666666667,3,17,False,0.1111111111111111
f648aa5d-7028-46c5-a871-909269639fcc,original_free,ai_coding_and_infrastructure,21,21,1.0,3,3,1.0,3,3,True,1.0
f648aa5d-7028-46c5-a871-909269639fcc,paid_brave,ai_coding_and_infrastructure,21,64,3.0476190476190474,3,8,2.6666666666666665,3,8,False,0.375
f648aa5d-7028-46c5-a871-909269639fcc,paid_google,ai_coding_and_infrastructure,21,55,2.619047619047619,3,7,2.3333333333333335,3,7,False,0.42857142857142855
f648aa5d-7028-46c5-a871-909269639fcc,paid_other,ai_coding_and_infrastructure,21,55,2.619047619047619,3,7,2.3333333333333335,3,7,False,0.42857142857142855
f648aa5d-7028-46c5-a871-909269639fcc,neural,ai_coding_and_infrastructure,21,21,1.0,3,3,1.0,3,3,True,1.0
f648aa5d-7028-46c5-a871-909269639fcc,specialized,ai_coding_and_infrastructure,21,21,1.0,3,3,1.0,3,3,True,1.0
35167059-fa9f-468e-945c-6d44c7f9f5cf,original_free,ai_coding_and_infrastructure,21,21,1.0,3,3,1.0,3,3,True,1.0
35167059-fa9f-468e-945c-6d44c7f9f5cf,paid_brave,ai_coding_and_infrastructure,21,64,3.0476190476190474,3,8,2.6666666666666665,3,8,False,0.375
35167059-fa9f-468e-945c-6d44c7f9f5cf,paid_google,ai_coding_and_infrastructure,21,55,2.619047619047619,3,7,2.3333333333333335,3,7,False,0.42857142857142855
35167059-fa9f-468e-945c-6d44c7f9f5cf,paid_other,ai_coding_and_infrastructure,21,55,2.619047619047619,3,7,2.3333333333333335,3,7,False,0.42857142857142855
35167059-fa9f-468e-945c-6d44c7f9f5cf,neural,ai_coding_and_infrastructure,21,21,1.0,3,3,1.0,3,3,True,1.0
35167059-fa9f-468e-945c-6d44c7f9f5cf,specialized,ai_coding_and_infrastructure,21,21,1.0,3,3,1.0,3,3,True,1.0
d2786f18-9964-44bd-9d62-12e76512cf2d,original_free,ai_coding_and_infrastructure,21,21,1.0,3,3,1.0,3,3,True,1.0
d2786f18-9964-44bd-9d62-12e76512cf2d,paid_brave,ai_coding_and_infrastructure,21,64,3.0476190476190474,3,8,2.6666666666666665,3,8,False,0.375
d2786f18-9964-44bd-9d62-12e76512cf2d,paid_google,ai_coding_and_infrastructure,21,55,2.619047619047619,3,7,2.3333333333333335,3,7,False,0.42857142857142855
d2786f18-9964-44bd-9d62-12e76512cf2d,paid_other,ai_coding_and_infrastructure,21,55,2.619047619047619,3,7,2.3333333333333335,3,7,False,0.42857142857142855
d2786f18-9964-44bd-9d62-12e76512cf2d,neural,ai_coding_and_infrastructure,21,21,1.0,3,3,1.0,3,3,True,1.0
d2786f18-9964-44bd-9d62-12e76512cf2d,specialized,ai_coding_and_infrastructure,21,21,1.0,3,3,1.0,3,3,True,1.0
2b97ee7f-e52f-4b5d-bb24-76e5e0f17dee,original_free,ai_coding_and_infrastructure,21,21,1.0,3,3,1.0,3,3,True,1.0
2b97ee7f-e52f-4b5d-bb24-76e5e0f17dee,paid_brave,ai_coding_and_infrastructure,21,64,3.0476190476190474,3,8,2.6666666666666665,3,8,False,0.375
2b97ee7f-e52f-4b5d-bb24-76e5e0f17dee,paid_google,ai_coding_and_infrastructure,21,55,2.619047619047619,3,7,2.3333333333333335,3,7,False,0.42857142857142855
2b97ee7f-e52f-4b5d-bb24-76e5e0f17dee,paid_other,ai_coding_and_infrastructure,21,55,2.619047619047619,3,7,2.3333333333333335,3,7,False,0.42857142857142855
2b97ee7f-e52f-4b5d-bb24-76e5e0f17dee,neural,ai_coding_and_infrastructure,21,21,1.0,3,3,1.0,3,3,True,1.0
2b97ee7f-e52f-4b5d-bb24-76e5e0f17dee,specialized,ai_coding_and_infrastructure,21,21,1.0,3,3,1.0,3,3,True,1.0
3f837b51-6d50-444e-b6ce-c1ac25c8de63,original_free,general,18,18,1.0,3,3,1.0,3,3,True,1.0
3f837b51-6d50-444e-b6ce-c1ac25c8de63,paid_brave,general,18,55,3.0555555555555554,3,7,2.3333333333333335,3,7,False,0.1111111111111111
3f837b51-6d50-444e-b6ce-c1ac25c8de63,paid_google,general,18,47,2.611111111111111,3,6,2.0,3,6,False,0.5
3f837b51-6d50-444e-b6ce-c1ac25c8de63,paid_other,general,18,47,2.611111111111111,3,6,2.0,3,6,False,0.5
3f837b51-6d50-444e-b6ce-c1ac25c8de63,neural,general,18,18,1.0,3,3,1.0,3,3,True,1.0
3f837b51-6d50-444e-b6ce-c1ac25c8de63,specialized,general,18,18,1.0,3,3,1.0,3,3,True,1.0
3d41e1b5-3913-43ee-ae79-284ff3c359e1,original_free,general,24,24,1.0,4,4,1.0,4,4,True,1.0
3d41e1b5-3913-43ee-ae79-284ff3c359e1,paid_brave,general,24,58,2.4166666666666665,4,8,2.0,4,8,False,0.5
3d41e1b5-3913-43ee-ae79-284ff3c359e1,paid_google,general,24,58,2.4166666666666665,4,8,2.0,4,8,False,0.5
3d41e1b5-3913-43ee-ae79-284ff3c359e1,paid_other,general,24,58,2.4166666666666665,4,8,2.0,4,8,False,0.5
3d41e1b5-3913-43ee-ae79-284ff3c359e1,neural,general,24,24,1.0,4,4,1.0,4,4,True,1.0
3d41e1b5-3913-43ee-ae79-284ff3c359e1,specialized,general,24,24,1.0,4,4,1.0,4,4,True,1.0
55aa7be1-92e3-4e2e-bce8-0e2a1401cff1,original_free,ai_coding_and_infrastructure,26,26,1.0,4,4,1.0,4,4,True,1.0
55aa7be1-92e3-4e2e-bce8-0e2a1401cff1,paid_brave,ai_coding_and_infrastructure,26,58,2.230769230769231,4,8,2.0,4,8,False,0.2
55aa7be1-92e3-4e2e-bce8-0e2a1401cff1,paid_google,ai_coding_and_infrastructure,26,60,2.3076923076923075,4,8,2.0,4,8,False,0.5
55aa7be1-92e3-4e2e-bce8-0e2a1401cff1,paid_other,ai_coding_and_infrastructure,26,60,2.3076923076923075,4,8,2.0,4,8,False,0.5
55aa7be1-92e3-4e2e-bce8-0e2a1401cff1,neural,ai_coding_and_infrastructure,26,26,1.0,4,4,1.0,4,4,True,1.0
55aa7be1-92e3-4e2e-bce8-0e2a1401cff1,specialized,ai_coding_and_infrastructure,26,26,1.0,4,4,1.0,4,4,True,1.0
607d4fb0-0f25-4f81-9b97-95c7a89010c0,original_free,ai_coding_and_infrastructure,70,70,1.0,10,10,1.0,10,10,True,1.0
607d4fb0-0f25-4f81-9b97-95c7a89010c0,paid_brave,ai_coding_and_infrastructure,70,50,0.7142857142857143,10,7,0.7,10,7,False,0.5454545454545454
607d4fb0-0f25-4f81-9b97-95c7a89010c0,paid_google,ai_coding_and_infrastructure,70,66,0.9428571428571428,10,10,1.0,10,8,False,0.2857142857142857
607d4fb0-0f25-4f81-9b97-95c7a89010c0,paid_other,ai_coding_and_infrastructure,70,63,0.9,10,9,0.9,10,9,False,0.5833333333333334
607d4fb0-0f25-4f81-9b97-95c7a89010c0,neural,ai_coding_and_infrastructure,70,141,2.0142857142857142,10,23,2.3,10,23,False,0.375
607d4fb0-0f25-4f81-9b97-95c7a89010c0,specialized,ai_coding_and_infrastructure,70,141,2.0142857142857142,10,23,2.3,10,23,False,0.375
1559aa8a-8a05-4d7a-abde-b98f2d1f463d,original_free,ai_coding_and_infrastructure,70,70,1.0,10,10,1.0,10,10,True,1.0
1559aa8a-8a05-4d7a-abde-b98f2d1f463d,paid_brave,ai_coding_and_infrastructure,70,66,0.9428571428571428,10,10,1.0,10,9,False,0.46153846153846156
1559aa8a-8a05-4d7a-abde-b98f2d1f463d,paid_google,ai_coding_and_infrastructure,70,47,0.6714285714285714,10,7,0.7,10,7,False,0.4166666666666667
1559aa8a-8a05-4d7a-abde-b98f2d1f463d,paid_other,ai_coding_and_infrastructure,70,50,0.7142857142857143,10,7,0.7,10,7,False,0.3076923076923077
1559aa8a-8a05-4d7a-abde-b98f2d1f463d,neural,ai_coding_and_infrastructure,70,146,2.085714285714286,10,23,2.3,10,23,False,0.375
1559aa8a-8a05-4d7a-abde-b98f2d1f463d,specialized,ai_coding_and_infrastructure,70,146,2.085714285714286,10,23,2.3,10,23,False,0.375
5c0a23e7-9e86-470d-9333-6742c111791b,original_free,ai_coding_and_infrastructure,61,61,1.0,9,9,1.0,9,9,True,1.0
5c0a23e7-9e86-470d-9333-6742c111791b,paid_brave,ai_coding_and_infrastructure,61,40,0.6557377049180327,9,6,0.6666666666666666,9,6,False,0.5
5c0a23e7-9e86-470d-9333-6742c111791b,paid_google,ai_coding_and_infrastructure,61,60,0.9836065573770492,9,9,1.0,9,9,False,0.6363636363636364
5c0a23e7-9e86-470d-9333-6742c111791b,paid_other,ai_coding_and_infrastructure,61,52,0.8524590163934426,9,8,0.8888888888888888,9,8,False,0.5454545454545454
5c0a23e7-9e86-470d-9333-6742c111791b,neural,ai_coding_and_infrastructure,61,134,2.19672131147541,9,22,2.4444444444444446,9,22,False,0.34782608695652173
5c0a23e7-9e86-470d-9333-6742c111791b,specialized,ai_coding_and_infrastructure,61,134,2.19672131147541,9,22,2.4444444444444446,9,22,False,0.34782608695652173
c1ff8391-c300-4bfe-9c74-308e17bd1568,original_free,general,70,70,1.0,11,11,1.0,10,10,True,1.0
c1ff8391-c300-4bfe-9c74-308e17bd1568,paid_brave,general,70,64,0.9142857142857143,11,10,0.9090909090909091,10,9,False,0.7272727272727273
c1ff8391-c300-4bfe-9c74-308e17bd1568,paid_google,general,70,98,1.4,11,14,1.2727272727272727,10,13,False,0.21052631578947367
c1ff8391-c300-4bfe-9c74-308e17bd1568,paid_other,general,70,71,1.0142857142857142,11,11,1.0,10,10,False,0.42857142857142855
c1ff8391-c300-4bfe-9c74-308e17bd1568,neural,general,70,161,2.3,11,19,1.7272727272727273,10,19,False,0.16
c1ff8391-c300-4bfe-9c74-308e17bd1568,specialized,general,70,161,2.3,11,19,1.7272727272727273,10,19,False,0.16
b7b479b4-eb09-4892-8af8-e88a040f3d4b,original_free,ai_coding_and_infrastructure,26,26,1.0,4,4,1.0,4,4,True,1.0
b7b479b4-eb09-4892-8af8-e88a040f3d4b,paid_brave,ai_coding_and_infrastructure,26,56,2.1538461538461537,4,9,2.25,4,9,False,0.18181818181818182
b7b479b4-eb09-4892-8af8-e88a040f3d4b,paid_google,ai_coding_and_infrastructure,26,58,2.230769230769231,4,9,2.25,4,9,False,0.4444444444444444
b7b479b4-eb09-4892-8af8-e88a040f3d4b,paid_other,ai_coding_and_infrastructure,26,58,2.230769230769231,4,9,2.25,4,9,False,0.4444444444444444
b7b479b4-eb09-4892-8af8-e88a040f3d4b,neural,ai_coding_and_infrastructure,26,26,1.0,4,4,1.0,4,4,True,1.0
b7b479b4-eb09-4892-8af8-e88a040f3d4b,specialized,ai_coding_and_infrastructure,26,26,1.0,4,4,1.0,4,4,True,1.0
a0760b36-ea78-4ff0-a418-a29dc6a1a989,original_free,ai_coding_and_infrastructure,21,21,1.0,3,3,1.0,3,3,True,1.0
a0760b36-ea78-4ff0-a418-a29dc6a1a989,paid_brave,ai_coding_and_infrastructure,21,49,2.3333333333333335,3,7,2.3333333333333335,3,6,False,0.5
a0760b36-ea78-4ff0-a418-a29dc6a1a989,paid_google,ai_coding_and_infrastructure,21,61,2.9047619047619047,3,9,3.0,3,9,False,0.3333333333333333
a0760b36-ea78-4ff0-a418-a29dc6a1a989,paid_other,ai_coding_and_infrastructure,21,42,2.0,3,6,2.0,3,6,False,0.5
a0760b36-ea78-4ff0-a418-a29dc6a1a989,neural,ai_coding_and_infrastructure,21,206,9.80952380952381,3,30,10.0,3,28,False,0.06896551724137931
a0760b36-ea78-4ff0-a418-a29dc6a1a989,specialized,ai_coding_and_infrastructure,21,206,9.80952380952381,3,30,10.0,3,28,False,0.06896551724137931
043800f7-15a3-429c-a376-563dba27306b,original_free,ai_coding_and_infrastructure,45,45,1.0,6,6,1.0,6,6,True,1.0
043800f7-15a3-429c-a376-563dba27306b,paid_brave,ai_coding_and_infrastructure,45,69,1.5333333333333334,6,9,1.5,6,8,False,0.75
043800f7-15a3-429c-a376-563dba27306b,paid_google,ai_coding_and_infrastructure,45,109,2.422222222222222,6,14,2.3333333333333335,6,14,False,0.3333333333333333
043800f7-15a3-429c-a376-563dba27306b,paid_other,ai_coding_and_infrastructure,45,79,1.7555555555555555,6,10,1.6666666666666667,6,10,False,0.45454545454545453
043800f7-15a3-429c-a376-563dba27306b,neural,ai_coding_and_infrastructure,45,143,3.1777777777777776,6,23,3.8333333333333335,6,23,False,0.2608695652173913
043800f7-15a3-429c-a376-563dba27306b,specialized,ai_coding_and_infrastructure,45,143,3.1777777777777776,6,23,3.8333333333333335,6,23,False,0.2608695652173913
648fd4f5-3541-40fe-8c53-9fc8c62f1b92,original_free,general,33,33,1.0,4,4,1.0,4,4,True,1.0
648fd4f5-3541-40fe-8c53-9fc8c62f1b92,paid_brave,general,33,40,1.2121212121212122,4,5,1.25,4,5,False,0.8
648fd4f5-3541-40fe-8c53-9fc8c62f1b92,paid_google,general,33,61,1.8484848484848484,4,8,2.0,4,7,False,0.5714285714285714
648fd4f5-3541-40fe-8c53-9fc8c62f1b92,paid_other,general,33,68,2.0606060606060606,4,8,2.0,4,8,False,0.5
648fd4f5-3541-40fe-8c53-9fc8c62f1b92,neural,general,33,87,2.6363636363636362,4,11,2.75,4,11,False,0.36363636363636365
648fd4f5-3541-40fe-8c53-9fc8c62f1b92,specialized,general,33,87,2.6363636363636362,4,11,2.75,4,11,False,0.36363636363636365
fa13b84d-27fa-4089-a43f-bf45285b1af2,original_free,ai_coding_and_infrastructure,36,36,1.0,5,5,1.0,5,5,True,1.0
fa13b84d-27fa-4089-a43f-bf45285b1af2,paid_brave,ai_coding_and_infrastructure,36,85,2.361111111111111,5,8,1.6,5,8,False,0.625
fa13b84d-27fa-4089-a43f-bf45285b1af2,paid_google,ai_coding_and_infrastructure,36,85,2.361111111111111,5,8,1.6,5,8,False,0.625
fa13b84d-27fa-4089-a43f-bf45285b1af2,paid_other,ai_coding_and_infrastructure,36,85,2.361111111111111,5,8,1.6,5,8,False,0.625
fa13b84d-27fa-4089-a43f-bf45285b1af2,neural,ai_coding_and_infrastructure,36,36,1.0,5,5,1.0,5,5,True,1.0
fa13b84d-27fa-4089-a43f-bf45285b1af2,specialized,ai_coding_and_infrastructure,36,36,1.0,5,5,1.0,5,5,True,1.0
5fa3d68e-521e-4981-86d1-a54e5dc9a804,original_free,general,27,27,1.0,3,3,1.0,3,3,True,1.0
5fa3d68e-521e-4981-86d1-a54e5dc9a804,paid_brave,general,27,54,2.0,3,7,2.3333333333333335,3,7,False,0.42857142857142855
5fa3d68e-521e-4981-86d1-a54e5dc9a804,paid_google,general,27,77,2.8518518518518516,3,10,3.3333333333333335,3,10,False,0.3
5fa3d68e-521e-4981-86d1-a54e5dc9a804,paid_other,general,27,76,2.814814814814815,3,10,3.3333333333333335,3,10,False,0.3
5fa3d68e-521e-4981-86d1-a54e5dc9a804,neural,general,27,122,4.518518518518518,3,19,6.333333333333333,3,19,False,0.15789473684210525
5fa3d68e-521e-4981-86d1-a54e5dc9a804,specialized,general,27,122,4.518518518518518,3,19,6.333333333333333,3,19,False,0.15789473684210525
25b37bdc-b4db-4715-ba3a-cb6c54e03ff3,original_free,general,27,27,1.0,3,3,1.0,3,3,True,1.0
25b37bdc-b4db-4715-ba3a-cb6c54e03ff3,paid_brave,general,27,58,2.1481481481481484,3,8,2.6666666666666665,3,7,False,0.42857142857142855
25b37bdc-b4db-4715-ba3a-cb6c54e03ff3,paid_google,general,27,82,3.037037037037037,3,11,3.6666666666666665,3,11,False,0.2727272727272727
25b37bdc-b4db-4715-ba3a-cb6c54e03ff3,paid_other,general,27,65,2.4074074074074074,3,10,3.3333333333333335,3,10,False,0.3
25b37bdc-b4db-4715-ba3a-cb6c54e03ff3,neural,general,27,122,4.518518518518518,3,20,6.666666666666667,3,20,False,0.15
25b37bdc-b4db-4715-ba3a-cb6c54e03ff3,specialized,general,27,122,4.518518518518518,3,20,6.666666666666667,3,20,False,0.15
841172c0-7c8d-4153-9e7e-f6385eabe47a,original_free,ai_coding_and_infrastructure,28,28,1.0,4,4,1.0,4,4,True,1.0
841172c0-7c8d-4153-9e7e-f6385eabe47a,paid_brave,ai_coding_and_infrastructure,28,61,2.1785714285714284,4,9,2.25,4,8,False,0.5
841172c0-7c8d-4153-9e7e-f6385eabe47a,paid_google,ai_coding_and_infrastructure,28,75,2.6785714285714284,4,8,2.0,4,8,False,0.5
841172c0-7c8d-4153-9e7e-f6385eabe47a,paid_other,ai_coding_and_infrastructure,28,59,2.107142857142857,4,9,2.25,4,9,False,0.4444444444444444
841172c0-7c8d-4153-9e7e-f6385eabe47a,neural,ai_coding_and_infrastructure,28,132,4.714285714285714,4,22,5.5,4,22,False,0.18181818181818182
841172c0-7c8d-4153-9e7e-f6385eabe47a,specialized,ai_coding_and_infrastructure,28,132,4.714285714285714,4,22,5.5,4,22,False,0.18181818181818182
5ab89d3a-625c-429c-a8a7-3f9aff30d21c,original_free,general,62,62,1.0,8,8,1.0,8,8,True,1.0
5ab89d3a-625c-429c-a8a7-3f9aff30d21c,paid_brave,general,62,85,1.3709677419354838,8,12,1.5,8,11,False,0.7272727272727273
5ab89d3a-625c-429c-a8a7-3f9aff30d21c,paid_google,general,62,93,1.5,8,12,1.5,8,12,False,0.42857142857142855
5ab89d3a-625c-429c-a8a7-3f9aff30d21c,paid_other,general,62,52,0.8387096774193549,8,9,1.125,8,9,False,0.0625
5ab89d3a-625c-429c-a8a7-3f9aff30d21c,neural,general,62,146,2.3548387096774195,8,23,2.875,8,23,False,0.2916666666666667
5ab89d3a-625c-429c-a8a7-3f9aff30d21c,specialized,general,62,146,2.3548387096774195,8,23,2.875,8,23,False,0.2916666666666667
16be6f6d-2aa9-43f2-afd3-f7c42775898e,original_free,general,62,62,1.0,8,8,1.0,7,7,True,1.0
16be6f6d-2aa9-43f2-afd3-f7c42775898e,paid_brave,general,62,69,1.1129032258064515,8,9,1.125,7,8,False,0.875
16be6f6d-2aa9-43f2-afd3-f7c42775898e,paid_google,general,62,65,1.0483870967741935,8,9,1.125,7,8,False,0.36363636363636365
16be6f6d-2aa9-43f2-afd3-f7c42775898e,paid_other,general,62,87,1.403225806451613,8,10,1.25,7,9,False,0.6
16be6f6d-2aa9-43f2-afd3-f7c42775898e,neural,general,62,148,2.3870967741935485,8,21,2.625,7,20,False,0.2857142857142857
16be6f6d-2aa9-43f2-afd3-f7c42775898e,specialized,general,62,148,2.3870967741935485,8,21,2.625,7,20,False,0.2857142857142857
1553a1a5-d9d9-419e-90a5-1fa6a48bd4e2,original_free,ai_coding_and_infrastructure,71,71,1.0,9,9,1.0,9,9,True,1.0
1553a1a5-d9d9-419e-90a5-1fa6a48bd4e2,paid_brave,ai_coding_and_infrastructure,71,65,0.9154929577464789,9,9,1.0,9,8,False,0.4166666666666667
1553a1a5-d9d9-419e-90a5-1fa6a48bd4e2,paid_google,ai_coding_and_infrastructure,71,76,1.0704225352112675,9,9,1.0,9,9,False,0.6363636363636364
1553a1a5-d9d9-419e-90a5-1fa6a48bd4e2,paid_other,ai_coding_and_infrastructure,71,59,0.8309859154929577,9,8,0.8888888888888888,9,8,False,0.21428571428571427
1553a1a5-d9d9-419e-90a5-1fa6a48bd4e2,neural,ai_coding_and_infrastructure,71,136,1.9154929577464788,9,20,2.2222222222222223,9,19,False,0.21739130434782608
1553a1a5-d9d9-419e-90a5-1fa6a48bd4e2,specialized,ai_coding_and_infrastructure,71,136,1.9154929577464788,9,20,2.2222222222222223,9,19,False,0.21739130434782608
d07785ad-ee07-43e0-a62e-dfe311fa6e1d,original_free,ai_coding_and_infrastructure,70,70,1.0,10,10,1.0,9,9,True,1.0
d07785ad-ee07-43e0-a62e-dfe311fa6e1d,paid_brave,ai_coding_and_infrastructure,70,66,0.9428571428571428,10,10,1.0,9,8,False,0.4166666666666667
d07785ad-ee07-43e0-a62e-dfe311fa6e1d,paid_google,ai_coding_and_infrastructure,70,78,1.1142857142857143,10,10,1.0,9,9,False,0.38461538461538464
d07785ad-ee07-43e0-a62e-dfe311fa6e1d,paid_other,ai_coding_and_infrastructure,70,64,0.9142857142857143,10,8,0.8,9,8,False,0.3076923076923077
d07785ad-ee07-43e0-a62e-dfe311fa6e1d,neural,ai_coding_and_infrastructure,70,136,1.9428571428571428,10,20,2.0,9,19,False,0.4
d07785ad-ee07-43e0-a62e-dfe311fa6e1d,specialized,ai_coding_and_infrastructure,70,136,1.9428571428571428,10,20,2.0,9,19,False,0.4
e3db200a-81f5-4522-bf01-6a605ba9581d,original_free,ai_coding_and_infrastructure,79,79,1.0,10,10,1.0,10,10,True,1.0
e3db200a-81f5-4522-bf01-6a605ba9581d,paid_brave,ai_coding_and_infrastructure,79,79,1.0,10,12,1.2,10,11,False,0.6153846153846154
e3db200a-81f5-4522-bf01-6a605ba9581d,paid_google,ai_coding_and_infrastructure,79,66,0.8354430379746836,10,7,0.7,10,7,False,0.4166666666666667
e3db200a-81f5-4522-bf01-6a605ba9581d,paid_other,ai_coding_and_infrastructure,79,47,0.5949367088607594,10,7,0.7,10,7,False,0.21428571428571427
e3db200a-81f5-4522-bf01-6a605ba9581d,neural,ai_coding_and_infrastructure,79,185,2.3417721518987342,10,25,2.5,10,25,False,0.20689655172413793
e3db200a-81f5-4522-bf01-6a605ba9581d,specialized,ai_coding_and_infrastructure,79,185,2.3417721518987342,10,25,2.5,10,25,False,0.20689655172413793
b6e1d605-7b61-4203-8fd7-af27c1d6b887,original_free,ai_coding_and_infrastructure,84,84,1.0,9,9,1.0,9,9,True,1.0
b6e1d605-7b61-4203-8fd7-af27c1d6b887,paid_brave,ai_coding_and_infrastructure,84,52,0.6190476190476191,9,8,0.8888888888888888,9,7,False,0.3333333333333333
b6e1d605-7b61-4203-8fd7-af27c1d6b887,paid_google,ai_coding_and_infrastructure,84,78,0.9285714285714286,9,10,1.1111111111111112,9,10,False,0.26666666666666666
b6e1d605-7b61-4203-8fd7-af27c1d6b887,paid_other,ai_coding_and_infrastructure,84,81,0.9642857142857143,9,9,1.0,9,9,False,0.2857142857142857
b6e1d605-7b61-4203-8fd7-af27c1d6b887,neural,ai_coding_and_infrastructure,84,192,2.2857142857142856,9,27,3.0,9,27,False,0.2413793103448276
b6e1d605-7b61-4203-8fd7-af27c1d6b887,specialized,ai_coding_and_infrastructure,84,192,2.2857142857142856,9,27,3.0,9,27,False,0.2413793103448276
848e1b75-bd45-4f71-950b-133a15cdae20,original_free,ai_coding_and_infrastructure,85,85,1.0,10,10,1.0,9,9,True,1.0
848e1b75-bd45-4f71-950b-133a15cdae20,paid_brave,ai_coding_and_infrastructure,85,51,0.6,10,7,0.7,9,6,False,0.25
848e1b75-bd45-4f71-950b-133a15cdae20,paid_google,ai_coding_and_infrastructure,85,74,0.8705882352941177,10,10,1.0,9,9,False,0.6363636363636364
848e1b75-bd45-4f71-950b-133a15cdae20,paid_other,ai_coding_and_infrastructure,85,71,0.8352941176470589,10,10,1.0,9,10,False,0.26666666666666666
848e1b75-bd45-4f71-950b-133a15cdae20,neural,ai_coding_and_infrastructure,85,172,2.023529411764706,10,26,2.6,9,26,False,0.20689655172413793
848e1b75-bd45-4f71-950b-133a15cdae20,specialized,ai_coding_and_infrastructure,85,172,2.023529411764706,10,26,2.6,9,26,False,0.20689655172413793
a93f279f-77cf-48eb-b5aa-d66c7bb72df2,original_free,ai_coding_and_infrastructure,81,81,1.0,10,10,1.0,10,10,True,1.0
a93f279f-77cf-48eb-b5aa-d66c7bb72df2,paid_brave,ai_coding_and_infrastructure,81,52,0.6419753086419753,10,8,0.8,10,7,False,0.21428571428571427
a93f279f-77cf-48eb-b5aa-d66c7bb72df2,paid_google,ai_coding_and_infrastructure,81,68,0.8395061728395061,10,8,0.8,10,8,False,0.2
a93f279f-77cf-48eb-b5aa-d66c7bb72df2,paid_other,ai_coding_and_infrastructure,81,56,0.691358024691358,10,9,0.9,10,9,False,0.26666666666666666
a93f279f-77cf-48eb-b5aa-d66c7bb72df2,neural,ai_coding_and_infrastructure,81,122,1.5061728395061729,10,21,2.1,10,20,False,0.25
a93f279f-77cf-48eb-b5aa-d66c7bb72df2,specialized,ai_coding_and_infrastructure,81,122,1.5061728395061729,10,21,2.1,10,20,False,0.25
168c5d77-2e2e-4aa3-93d7-9be5f0a16be8,original_free,ai_coding_and_infrastructure,86,86,1.0,11,11,1.0,11,11,True,1.0
168c5d77-2e2e-4aa3-93d7-9be5f0a16be8,paid_brave,ai_coding_and_infrastructure,86,63,0.7325581395348837,11,8,0.7272727272727273,11,7,False,0.2857142857142857
168c5d77-2e2e-4aa3-93d7-9be5f0a16be8,paid_google,ai_coding_and_infrastructure,86,73,0.8488372093023255,11,8,0.7272727272727273,11,8,False,0.35714285714285715
168c5d77-2e2e-4aa3-93d7-9be5f0a16be8,paid_other,ai_coding_and_infrastructure,86,66,0.7674418604651163,11,9,0.8181818181818182,11,9,False,0.3333333333333333
168c5d77-2e2e-4aa3-93d7-9be5f0a16be8,neural,ai_coding_and_infrastructure,86,169,1.9651162790697674,11,24,2.1818181818181817,11,24,False,0.34615384615384615
168c5d77-2e2e-4aa3-93d7-9be5f0a16be8,specialized,ai_coding_and_infrastructure,86,169,1.9651162790697674,11,24,2.1818181818181817,11,24,False,0.34615384615384615
8003a039-958a-41ff-9a41-ce0abdf619cb,original_free,ai_coding_and_infrastructure,92,92,1.0,11,11,1.0,11,11,True,1.0
8003a039-958a-41ff-9a41-ce0abdf619cb,paid_brave,ai_coding_and_infrastructure,92,59,0.6413043478260869,11,8,0.7272727272727273,11,7,False,0.2857142857142857
8003a039-958a-41ff-9a41-ce0abdf619cb,paid_google,ai_coding_and_infrastructure,92,42,0.45652173913043476,11,6,0.5454545454545454,11,6,False,0.4166666666666667
8003a039-958a-41ff-9a41-ce0abdf619cb,paid_other,ai_coding_and_infrastructure,92,62,0.6739130434782609,11,10,0.9090909090909091,11,10,False,0.3125
8003a039-958a-41ff-9a41-ce0abdf619cb,neural,ai_coding_and_infrastructure,92,151,1.641304347826087,11,20,1.8181818181818181,11,20,False,0.47619047619047616
8003a039-958a-41ff-9a41-ce0abdf619cb,specialized,ai_coding_and_infrastructure,92,151,1.641304347826087,11,20,1.8181818181818181,11,20,False,0.47619047619047616
7deb83cb-f09a-4a97-9981-67d52caceaad,original_free,ai_coding_and_infrastructure,90,90,1.0,10,10,1.0,10,10,True,1.0
7deb83cb-f09a-4a97-9981-67d52caceaad,paid_brave,ai_coding_and_infrastructure,90,77,0.8555555555555555,10,11,1.1,10,10,False,0.5384615384615384
7deb83cb-f09a-4a97-9981-67d52caceaad,paid_google,ai_coding_and_infrastructure,90,71,0.7888888888888889,10,9,0.9,10,9,False,0.46153846153846156
7deb83cb-f09a-4a97-9981-67d52caceaad,paid_other,ai_coding_and_infrastructure,90,68,0.7555555555555555,10,8,0.8,10,8,False,0.125
7deb83cb-f09a-4a97-9981-67d52caceaad,neural,ai_coding_and_infrastructure,90,163,1.8111111111111111,10,22,2.2,10,22,False,0.28
7deb83cb-f09a-4a97-9981-67d52caceaad,specialized,ai_coding_and_infrastructure,90,163,1.8111111111111111,10,22,2.2,10,22,False,0.28
396ed137-ff6e-4542-a156-ed62e9c9df57,original_free,ai_coding_and_infrastructure,101,101,1.0,10,10,1.0,10,10,True,1.0
396ed137-ff6e-4542-a156-ed62e9c9df57,paid_brave,ai_coding_and_infrastructure,101,113,1.118811881188119,10,12,1.2,10,11,False,0.6153846153846154
396ed137-ff6e-4542-a156-ed62e9c9df57,paid_google,ai_coding_and_infrastructure,101,76,0.7524752475247525,10,9,0.9,10,9,False,0.35714285714285715
396ed137-ff6e-4542-a156-ed62e9c9df57,paid_other,ai_coding_and_infrastructure,101,74,0.7326732673267327,10,9,0.9,10,9,False,0.35714285714285715
396ed137-ff6e-4542-a156-ed62e9c9df57,neural,ai_coding_and_infrastructure,101,161,1.5940594059405941,10,26,2.6,10,26,False,0.3333333333333333
396ed137-ff6e-4542-a156-ed62e9c9df57,specialized,ai_coding_and_infrastructure,101,161,1.5940594059405941,10,26,2.6,10,26,False,0.3333333333333333
35f00641-0af3-4148-80ef-65560ac62975,original_free,ai_coding_and_infrastructure,78,78,1.0,8,8,1.0,7,7,True,1.0
35f00641-0af3-4148-80ef-65560ac62975,paid_brave,ai_coding_and_infrastructure,78,40,0.5128205128205128,8,5,0.625,7,4,False,0.375
35f00641-0af3-4148-80ef-65560ac62975,paid_google,ai_coding_and_infrastructure,78,71,0.9102564102564102,8,10,1.25,7,7,False,0.4
35f00641-0af3-4148-80ef-65560ac62975,paid_other,ai_coding_and_infrastructure,78,49,0.6282051282051282,8,7,0.875,7,6,False,0.4444444444444444
35f00641-0af3-4148-80ef-65560ac62975,neural,ai_coding_and_infrastructure,78,121,1.5512820512820513,8,15,1.875,7,15,False,0.29411764705882354
35f00641-0af3-4148-80ef-65560ac62975,specialized,ai_coding_and_infrastructure,78,121,1.5512820512820513,8,15,1.875,7,15,False,0.29411764705882354
445116d6-60ac-43f4-9e32-8194e6c8c064,original_free,ai_coding_and_infrastructure,82,82,1.0,12,12,1.0,10,10,True,1.0
445116d6-60ac-43f4-9e32-8194e6c8c064,paid_brave,ai_coding_and_infrastructure,82,62,0.7560975609756098,12,9,0.75,10,7,False,0.4166666666666667
445116d6-60ac-43f4-9e32-8194e6c8c064,paid_google,ai_coding_and_infrastructure,82,57,0.6951219512195121,12,8,0.6666666666666666,10,8,False,0.2857142857142857
445116d6-60ac-43f4-9e32-8194e6c8c064,paid_other,ai_coding_and_infrastructure,82,89,1.0853658536585367,12,12,1.0,10,12,False,0.375
445116d6-60ac-43f4-9e32-8194e6c8c064,neural,ai_coding_and_infrastructure,82,163,1.9878048780487805,12,23,1.9166666666666667,10,23,False,0.375
445116d6-60ac-43f4-9e32-8194e6c8c064,specialized,ai_coding_and_infrastructure,82,163,1.9878048780487805,12,23,1.9166666666666667,10,23,False,0.375
d6907839-1199-4b1a-aa28-4fdcf09ec54b,original_free,general,80,80,1.0,10,10,1.0,10,10,True,1.0
d6907839-1199-4b1a-aa28-4fdcf09ec54b,paid_brave,general,80,49,0.6125,10,8,0.8,10,7,False,0.3076923076923077
d6907839-1199-4b1a-aa28-4fdcf09ec54b,paid_google,general,80,47,0.5875,10,7,0.7,10,7,False,0.3076923076923077
d6907839-1199-4b1a-aa28-4fdcf09ec54b,paid_other,general,80,39,0.4875,10,7,0.7,10,7,False,0.21428571428571427
d6907839-1199-4b1a-aa28-4fdcf09ec54b,neural,general,80,178,2.225,10,25,2.5,10,25,False,0.2962962962962963
d6907839-1199-4b1a-aa28-4fdcf09ec54b,specialized,general,80,178,2.225,10,25,2.5,10,25,False,0.2962962962962963
2b4b4d27-ba4f-48f0-bee6-e086df894c11,original_free,ai_coding_and_infrastructure,124,124,1.0,21,21,1.0,19,19,True,1.0
2b4b4d27-ba4f-48f0-bee6-e086df894c11,paid_brave,ai_coding_and_infrastructure,124,61,0.49193548387096775,21,8,0.38095238095238093,19,6,False,0.19047619047619047
2b4b4d27-ba4f-48f0-bee6-e086df894c11,paid_google,ai_coding_and_infrastructure,124,87,0.7016129032258065,21,12,0.5714285714285714,19,12,False,0.34782608695652173
2b4b4d27-ba4f-48f0-bee6-e086df894c11,paid_other,ai_coding_and_infrastructure,124,104,0.8387096774193549,21,16,0.7619047619047619,19,16,False,0.2962962962962963
2b4b4d27-ba4f-48f0-bee6-e086df894c11,neural,ai_coding_and_infrastructure,124,253,2.0403225806451615,21,39,1.8571428571428572,19,39,False,0.4146341463414634
2b4b4d27-ba4f-48f0-bee6-e086df894c11,specialized,ai_coding_and_infrastructure,124,253,2.0403225806451615,21,39,1.8571428571428572,19,39,False,0.4146341463414634
0b04d220-451b-463b-9a92-2c32bc572d4b,original_free,ai_coding_and_infrastructure,105,105,1.0,17,17,1.0,16,16,True,1.0
0b04d220-451b-463b-9a92-2c32bc572d4b,paid_brave,ai_coding_and_infrastructure,105,76,0.7238095238095238,17,13,0.7647058823529411,16,12,False,0.47368421052631576
0b04d220-451b-463b-9a92-2c32bc572d4b,paid_google,ai_coding_and_infrastructure,105,86,0.819047619047619,17,13,0.7647058823529411,16,11,False,0.2857142857142857
0b04d220-451b-463b-9a92-2c32bc572d4b,paid_other,ai_coding_and_infrastructure,105,54,0.5142857142857142,17,9,0.5294117647058824,16,8,False,0.2631578947368421
0b04d220-451b-463b-9a92-2c32bc572d4b,neural,ai_coding_and_infrastructure,105,180,1.7142857142857142,17,31,1.8235294117647058,16,28,False,0.2222222222222222
0b04d220-451b-463b-9a92-2c32bc572d4b,specialized,ai_coding_and_infrastructure,105,180,1.7142857142857142,17,31,1.8235294117647058,16,28,False,0.2222222222222222
eef08cc1-e341-4aa3-98bc-88b0ca2c7420,original_free,comparison,89,89,1.0,12,12,1.0,12,12,True,1.0
eef08cc1-e341-4aa3-98bc-88b0ca2c7420,paid_brave,comparison,89,93,1.0449438202247192,12,12,1.0,12,11,False,0.5333333333333333
eef08cc1-e341-4aa3-98bc-88b0ca2c7420,paid_google,comparison,89,74,0.8314606741573034,12,10,0.8333333333333334,12,10,False,0.4666666666666667
eef08cc1-e341-4aa3-98bc-88b0ca2c7420,paid_other,comparison,89,56,0.6292134831460674,12,8,0.6666666666666666,12,8,False,0.17647058823529413
eef08cc1-e341-4aa3-98bc-88b0ca2c7420,neural,comparison,89,207,2.3258426966292136,12,31,2.5833333333333335,12,31,False,0.19444444444444445
eef08cc1-e341-4aa3-98bc-88b0ca2c7420,specialized,comparison,89,207,2.3258426966292136,12,31,2.5833333333333335,12,31,False,0.19444444444444445
620b01e4-0bd3-45a1-8e2d-4c9cfd165dc5,original_free,ai_coding_and_infrastructure,90,90,1.0,15,15,1.0,14,14,True,1.0
620b01e4-0bd3-45a1-8e2d-4c9cfd165dc5,paid_brave,ai_coding_and_infrastructure,90,62,0.6888888888888889,15,11,0.7333333333333333,14,9,False,0.35294117647058826
620b01e4-0bd3-45a1-8e2d-4c9cfd165dc5,paid_google,ai_coding_and_infrastructure,90,94,1.0444444444444445,15,13,0.8666666666666667,14,12,False,0.5294117647058824
620b01e4-0bd3-45a1-8e2d-4c9cfd165dc5,paid_other,ai_coding_and_infrastructure,90,72,0.8,15,11,0.7333333333333333,14,11,False,0.3157894736842105
620b01e4-0bd3-45a1-8e2d-4c9cfd165dc5,neural,ai_coding_and_infrastructure,90,222,2.466666666666667,15,32,2.1333333333333333,14,31,False,0.2857142857142857
620b01e4-0bd3-45a1-8e2d-4c9cfd165dc5,specialized,ai_coding_and_infrastructure,90,222,2.466666666666667,15,32,2.1333333333333333,14,31,False,0.2857142857142857
d3e20889-fb61-456e-8129-ea40cd681e3e,original_free,ai_coding_and_infrastructure,66,66,1.0,10,10,1.0,10,10,True,1.0
d3e20889-fb61-456e-8129-ea40cd681e3e,paid_brave,ai_coding_and_infrastructure,66,65,0.9848484848484849,10,10,1.0,10,10,False,0.42857142857142855
d3e20889-fb61-456e-8129-ea40cd681e3e,paid_google,ai_coding_and_infrastructure,66,66,1.0,10,9,0.9,10,9,False,0.46153846153846156
d3e20889-fb61-456e-8129-ea40cd681e3e,paid_other,ai_coding_and_infrastructure,66,40,0.6060606060606061,10,7,0.7,10,7,False,0.3076923076923077
d3e20889-fb61-456e-8129-ea40cd681e3e,neural,ai_coding_and_infrastructure,66,75,1.1363636363636365,10,12,1.2,10,12,False,0.375
d3e20889-fb61-456e-8129-ea40cd681e3e,specialized,ai_coding_and_infrastructure,66,75,1.1363636363636365,10,12,1.2,10,12,False,0.375
4fe7a378-adfe-4eef-af26-bb947e17c233,original_free,ai_coding_and_infrastructure,78,78,1.0,10,10,1.0,9,9,True,1.0
4fe7a378-adfe-4eef-af26-bb947e17c233,paid_brave,ai_coding_and_infrastructure,78,63,0.8076923076923077,10,9,0.9,9,8,False,0.7
4fe7a378-adfe-4eef-af26-bb947e17c233,paid_google,ai_coding_and_infrastructure,78,90,1.1538461538461537,10,12,1.2,9,11,False,0.6666666666666666
4fe7a378-adfe-4eef-af26-bb947e17c233,paid_other,ai_coding_and_infrastructure,78,70,0.8974358974358975,10,10,1.0,9,10,False,0.1875
4fe7a378-adfe-4eef-af26-bb947e17c233,neural,ai_coding_and_infrastructure,78,188,2.41025641025641,10,24,2.4,9,23,False,0.23076923076923078
4fe7a378-adfe-4eef-af26-bb947e17c233,specialized,ai_coding_and_infrastructure,78,188,2.41025641025641,10,24,2.4,9,23,False,0.23076923076923078
3c1581a7-b415-4721-8457-54371dfb54e6,original_free,ai_coding_and_infrastructure,102,102,1.0,10,10,1.0,9,9,True,1.0
3c1581a7-b415-4721-8457-54371dfb54e6,paid_brave,ai_coding_and_infrastructure,102,56,0.5490196078431373,10,6,0.6,9,5,False,0.16666666666666666
3c1581a7-b415-4721-8457-54371dfb54e6,paid_google,ai_coding_and_infrastructure,102,71,0.696078431372549,10,9,0.9,9,7,False,0.06666666666666667
3c1581a7-b415-4721-8457-54371dfb54e6,paid_other,ai_coding_and_infrastructure,102,79,0.7745098039215687,10,8,0.8,9,8,False,0.13333333333333333
3c1581a7-b415-4721-8457-54371dfb54e6,neural,ai_coding_and_infrastructure,102,186,1.8235294117647058,10,23,2.3,9,22,False,0.14814814814814814
3c1581a7-b415-4721-8457-54371dfb54e6,specialized,ai_coding_and_infrastructure,102,186,1.8235294117647058,10,23,2.3,9,22,False,0.14814814814814814
cfe1e6ae-39a4-4fb6-aabb-38571e2c0a7d,original_free,ai_coding_and_infrastructure,97,97,1.0,14,14,1.0,13,13,True,1.0
cfe1e6ae-39a4-4fb6-aabb-38571e2c0a7d,paid_brave,ai_coding_and_infrastructure,97,83,0.8556701030927835,14,11,0.7857142857142857,13,10,False,0.4375
cfe1e6ae-39a4-4fb6-aabb-38571e2c0a7d,paid_google,ai_coding_and_infrastructure,97,88,0.9072164948453608,14,12,0.8571428571428571,13,11,False,0.4117647058823529
cfe1e6ae-39a4-4fb6-aabb-38571e2c0a7d,paid_other,ai_coding_and_infrastructure,97,81,0.8350515463917526,14,11,0.7857142857142857,13,10,False,0.2777777777777778
cfe1e6ae-39a4-4fb6-aabb-38571e2c0a7d,neural,ai_coding_and_infrastructure,97,167,1.7216494845360826,14,25,1.7857142857142858,13,24,False,0.37037037037037035
cfe1e6ae-39a4-4fb6-aabb-38571e2c0a7d,specialized,ai_coding_and_infrastructure,97,167,1.7216494845360826,14,25,1.7857142857142858,13,24,False,0.37037037037037035
209942f8-127b-4501-84ab-d2237b2db44c,original_free,ai_coding_and_infrastructure,64,64,1.0,9,9,1.0,7,7,True,1.0
209942f8-127b-4501-84ab-d2237b2db44c,paid_brave,ai_coding_and_infrastructure,64,45,0.703125,9,7,0.7777777777777778,7,5,False,0.2
209942f8-127b-4501-84ab-d2237b2db44c,paid_google,ai_coding_and_infrastructure,64,52,0.8125,9,9,1.0,7,6,False,0.3
209942f8-127b-4501-84ab-d2237b2db44c,paid_other,ai_coding_and_infrastructure,64,44,0.6875,9,7,0.7777777777777778,7,6,False,0.0
209942f8-127b-4501-84ab-d2237b2db44c,neural,ai_coding_and_infrastructure,64,206,3.21875,9,27,3.0,7,26,False,0.17857142857142858
209942f8-127b-4501-84ab-d2237b2db44c,specialized,ai_coding_and_infrastructure,64,206,3.21875,9,27,3.0,7,26,False,0.17857142857142858
03f35ad2-d6f2-4236-b6c5-00ccec5170e9,original_free,ai_coding_and_infrastructure,74,74,1.0,9,9,1.0,9,9,True,1.0
03f35ad2-d6f2-4236-b6c5-00ccec5170e9,paid_brave,ai_coding_and_infrastructure,74,62,0.8378378378378378,9,8,0.8888888888888888,9,8,False,0.4166666666666667
03f35ad2-d6f2-4236-b6c5-00ccec5170e9,paid_google,ai_coding_and_infrastructure,74,65,0.8783783783783784,9,8,0.8888888888888888,9,8,False,0.21428571428571427
03f35ad2-d6f2-4236-b6c5-00ccec5170e9,paid_other,ai_coding_and_infrastructure,74,48,0.6486486486486487,9,6,0.6666666666666666,9,6,False,0.0
03f35ad2-d6f2-4236-b6c5-00ccec5170e9,neural,ai_coding_and_infrastructure,74,205,2.77027027027027,9,26,2.888888888888889,9,26,False,0.16666666666666666
03f35ad2-d6f2-4236-b6c5-00ccec5170e9,specialized,ai_coding_and_infrastructure,74,205,2.77027027027027,9,26,2.888888888888889,9,26,False,0.16666666666666666
08e3dda3-bea2-4793-8f91-be14333af84f,original_free,general,72,72,1.0,8,8,1.0,8,8,True,1.0
08e3dda3-bea2-4793-8f91-be14333af84f,paid_brave,general,72,71,0.9861111111111112,8,10,1.25,8,9,False,0.3076923076923077
08e3dda3-bea2-4793-8f91-be14333af84f,paid_google,general,72,72,1.0,8,10,1.25,8,10,False,0.38461538461538464
08e3dda3-bea2-4793-8f91-be14333af84f,paid_other,general,72,43,0.5972222222222222,8,6,0.75,8,6,False,0.16666666666666666
08e3dda3-bea2-4793-8f91-be14333af84f,neural,general,72,173,2.4027777777777777,8,25,3.125,8,25,False,0.17857142857142858
08e3dda3-bea2-4793-8f91-be14333af84f,specialized,general,72,173,2.4027777777777777,8,25,3.125,8,25,False,0.17857142857142858
a53fb033-bf99-4a36-9cb6-0d2d10051bce,original_free,ai_coding_and_infrastructure,62,62,1.0,9,9,1.0,9,9,True,1.0
a53fb033-bf99-4a36-9cb6-0d2d10051bce,paid_brave,ai_coding_and_infrastructure,62,48,0.7741935483870968,9,7,0.7777777777777778,9,6,False,0.25
a53fb033-bf99-4a36-9cb6-0d2d10051bce,paid_google,ai_coding_and_infrastructure,62,57,0.9193548387096774,9,8,0.8888888888888888,9,8,False,0.5454545454545454
a53fb033-bf99-4a36-9cb6-0d2d10051bce,paid_other,ai_coding_and_infrastructure,62,74,1.1935483870967742,9,10,1.1111111111111112,9,10,False,0.26666666666666666
a53fb033-bf99-4a36-9cb6-0d2d10051bce,neural,ai_coding_and_infrastructure,62,169,2.725806451612903,9,23,2.5555555555555554,9,23,False,0.23076923076923078
a53fb033-bf99-4a36-9cb6-0d2d10051bce,specialized,ai_coding_and_infrastructure,62,169,2.725806451612903,9,23,2.5555555555555554,9,23,False,0.23076923076923078
8acf41bc-af62-4f54-9d08-76aa3ebf8bc9,original_free,ai_coding_and_infrastructure,61,61,1.0,7,7,1.0,6,6,True,1.0
8acf41bc-af62-4f54-9d08-76aa3ebf8bc9,paid_brave,ai_coding_and_infrastructure,61,61,1.0,7,7,1.0,6,6,False,0.5
8acf41bc-af62-4f54-9d08-76aa3ebf8bc9,paid_google,ai_coding_and_infrastructure,61,64,1.0491803278688525,7,7,1.0,6,7,False,0.3
8acf41bc-af62-4f54-9d08-76aa3ebf8bc9,paid_other,ai_coding_and_infrastructure,61,40,0.6557377049180327,7,7,1.0,6,7,False,0.4444444444444444
8acf41bc-af62-4f54-9d08-76aa3ebf8bc9,neural,ai_coding_and_infrastructure,61,169,2.7704918032786887,7,26,3.7142857142857144,6,26,False,0.10344827586206896
8acf41bc-af62-4f54-9d08-76aa3ebf8bc9,specialized,ai_coding_and_infrastructure,61,169,2.7704918032786887,7,26,3.7142857142857144,6,26,False,0.10344827586206896
bac90278-b6f6-4f5a-847d-370e45e92d99,original_free,ai_coding_and_infrastructure,61,61,1.0,10,10,1.0,10,10,True,1.0
bac90278-b6f6-4f5a-847d-370e45e92d99,paid_brave,ai_coding_and_infrastructure,61,54,0.8852459016393442,10,8,0.8,10,8,False,0.38461538461538464
bac90278-b6f6-4f5a-847d-370e45e92d99,paid_google,ai_coding_and_infrastructure,61,59,0.9672131147540983,10,8,0.8,10,7,False,0.13333333333333333
bac90278-b6f6-4f5a-847d-370e45e92d99,paid_other,ai_coding_and_infrastructure,61,53,0.8688524590163934,10,7,0.7,10,7,False,0.3076923076923077
bac90278-b6f6-4f5a-847d-370e45e92d99,neural,ai_coding_and_infrastructure,61,160,2.622950819672131,10,24,2.4,10,23,False,0.17857142857142858
bac90278-b6f6-4f5a-847d-370e45e92d99,specialized,ai_coding_and_infrastructure,61,160,2.622950819672131,10,24,2.4,10,23,False,0.17857142857142858
eb8bb643-6537-46b0-b42d-702a3dc3d437,original_free,general,60,60,1.0,10,10,1.0,9,9,True,1.0
eb8bb643-6537-46b0-b42d-702a3dc3d437,paid_brave,general,60,52,0.8666666666666667,10,9,0.9,9,7,False,0.3333333333333333
eb8bb643-6537-46b0-b42d-702a3dc3d437,paid_google,general,60,54,0.9,10,9,0.9,9,8,False,0.4166666666666667
eb8bb643-6537-46b0-b42d-702a3dc3d437,paid_other,general,60,57,0.95,10,9,0.9,9,9,False,0.2857142857142857
eb8bb643-6537-46b0-b42d-702a3dc3d437,neural,general,60,166,2.7666666666666666,10,28,2.8,9,27,False,0.3333333333333333
eb8bb643-6537-46b0-b42d-702a3dc3d437,specialized,general,60,166,2.7666666666666666,10,28,2.8,9,27,False,0.3333333333333333
792d85ca-7785-4d20-aa5f-91cb8056fe51,original_free,ai_coding_and_infrastructure,99,99,1.0,14,14,1.0,12,12,True,1.0
792d85ca-7785-4d20-aa5f-91cb8056fe51,paid_brave,ai_coding_and_infrastructure,99,64,0.6464646464646465,14,8,0.5714285714285714,12,8,False,0.3333333333333333
792d85ca-7785-4d20-aa5f-91cb8056fe51,paid_google,ai_coding_and_infrastructure,99,90,0.9090909090909091,14,12,0.8571428571428571,12,10,False,0.5714285714285714
792d85ca-7785-4d20-aa5f-91cb8056fe51,paid_other,ai_coding_and_infrastructure,99,61,0.6161616161616161,14,10,0.7142857142857143,12,10,False,0.1
792d85ca-7785-4d20-aa5f-91cb8056fe51,neural,ai_coding_and_infrastructure,99,180,1.8181818181818181,14,28,2.0,12,26,False,0.35714285714285715
792d85ca-7785-4d20-aa5f-91cb8056fe51,specialized,ai_coding_and_infrastructure,99,180,1.8181818181818181,14,28,2.0,12,26,False,0.35714285714285715
8144cc33-4334-4fd9-8f36-f5674335eb29,original_free,ai_coding_and_infrastructure,70,70,1.0,10,10,1.0,10,10,True,1.0
8144cc33-4334-4fd9-8f36-f5674335eb29,paid_brave,ai_coding_and_infrastructure,70,45,0.6428571428571429,10,6,0.6,10,6,False,0.45454545454545453
8144cc33-4334-4fd9-8f36-f5674335eb29,paid_google,ai_coding_and_infrastructure,70,57,0.8142857142857143,10,8,0.8,10,7,False,0.13333333333333333
8144cc33-4334-4fd9-8f36-f5674335eb29,paid_other,ai_coding_and_infrastructure,70,69,0.9857142857142858,10,9,0.9,10,9,False,0.35714285714285715
8144cc33-4334-4fd9-8f36-f5674335eb29,neural,ai_coding_and_infrastructure,70,134,1.9142857142857144,10,20,2.0,10,20,False,0.42857142857142855
8144cc33-4334-4fd9-8f36-f5674335eb29,specialized,ai_coding_and_infrastructure,70,134,1.9142857142857144,10,20,2.0,10,20,False,0.42857142857142855
bcc7d9ec-bf6a-41cb-ae1a-b921bc6a0617,original_free,ai_coding_and_infrastructure,63,63,1.0,8,8,1.0,7,7,True,1.0
bcc7d9ec-bf6a-41cb-ae1a-b921bc6a0617,paid_brave,ai_coding_and_infrastructure,63,64,1.0158730158730158,8,9,1.125,7,7,False,0.4
bcc7d9ec-bf6a-41cb-ae1a-b921bc6a0617,paid_google,ai_coding_and_infrastructure,63,50,0.7936507936507936,8,7,0.875,7,7,False,0.2727272727272727
bcc7d9ec-bf6a-41cb-ae1a-b921bc6a0617,paid_other,ai_coding_and_infrastructure,63,80,1.2698412698412698,8,10,1.25,7,8,False,0.25
bcc7d9ec-bf6a-41cb-ae1a-b921bc6a0617,neural,ai_coding_and_infrastructure,63,130,2.0634920634920637,8,19,2.375,7,18,False,0.3157894736842105
bcc7d9ec-bf6a-41cb-ae1a-b921bc6a0617,specialized,ai_coding_and_infrastructure,63,130,2.0634920634920637,8,19,2.375,7,18,False,0.3157894736842105
db1c0b1d-c8ba-45ed-b5f0-5ca49221ba89,original_free,ai_coding_and_infrastructure,75,75,1.0,10,10,1.0,9,9,True,1.0
db1c0b1d-c8ba-45ed-b5f0-5ca49221ba89,paid_brave,ai_coding_and_infrastructure,75,44,0.5866666666666667,10,6,0.6,9,5,False,0.4
db1c0b1d-c8ba-45ed-b5f0-5ca49221ba89,paid_google,ai_coding_and_infrastructure,75,68,0.9066666666666666,10,10,1.0,9,8,False,0.4166666666666667
db1c0b1d-c8ba-45ed-b5f0-5ca49221ba89,paid_other,ai_coding_and_infrastructure,75,63,0.84,10,8,0.8,9,7,False,0.45454545454545453
db1c0b1d-c8ba-45ed-b5f0-5ca49221ba89,neural,ai_coding_and_infrastructure,75,162,2.16,10,25,2.5,9,23,False,0.28
db1c0b1d-c8ba-45ed-b5f0-5ca49221ba89,specialized,ai_coding_and_infrastructure,75,162,2.16,10,25,2.5,9,23,False,0.28
ddbcf1ca-318b-4c3d-97df-ee016727d260,original_free,ai_coding_and_infrastructure,57,57,1.0,7,7,1.0,7,7,True,1.0
ddbcf1ca-318b-4c3d-97df-ee016727d260,paid_brave,ai_coding_and_infrastructure,57,64,1.1228070175438596,7,8,1.1428571428571428,7,8,False,0.875
ddbcf1ca-318b-4c3d-97df-ee016727d260,paid_google,ai_coding_and_infrastructure,57,87,1.5263157894736843,7,10,1.4285714285714286,7,9,False,0.3333333333333333
ddbcf1ca-318b-4c3d-97df-ee016727d260,paid_other,ai_coding_and_infrastructure,57,84,1.4736842105263157,7,10,1.4285714285714286,7,10,False,0.3076923076923077
ddbcf1ca-318b-4c3d-97df-ee016727d260,neural,ai_coding_and_infrastructure,57,143,2.508771929824561,7,22,3.142857142857143,7,22,False,0.2608695652173913
ddbcf1ca-318b-4c3d-97df-ee016727d260,specialized,ai_coding_and_infrastructure,57,143,2.508771929824561,7,22,3.142857142857143,7,22,False,0.2608695652173913
29e6ff29-8eba-444f-8750-cd59005d2ef9,original_free,ai_coding_and_infrastructure,88,88,1.0,11,11,1.0,11,11,True,1.0
29e6ff29-8eba-444f-8750-cd59005d2ef9,paid_brave,ai_coding_and_infrastructure,88,53,0.6022727272727273,11,6,0.5454545454545454,11,6,False,0.4166666666666667
29e6ff29-8eba-444f-8750-cd59005d2ef9,paid_google,ai_coding_and_infrastructure,88,70,0.7954545454545454,11,9,0.8181818181818182,11,8,False,0.05555555555555555
29e6ff29-8eba-444f-8750-cd59005d2ef9,paid_other,ai_coding_and_infrastructure,88,60,0.6818181818181818,11,8,0.7272727272727273,11,8,False,0.1875
29e6ff29-8eba-444f-8750-cd59005d2ef9,neural,ai_coding_and_infrastructure,88,183,2.0795454545454546,11,26,2.3636363636363638,11,26,False,0.23333333333333334
29e6ff29-8eba-444f-8750-cd59005d2ef9,specialized,ai_coding_and_infrastructure,88,183,2.0795454545454546,11,26,2.3636363636363638,11,26,False,0.23333333333333334
93d1de7b-0cfd-48a4-ab81-afdcde4fd0f1,original_free,ai_coding_and_infrastructure,57,57,1.0,7,7,1.0,7,7,True,1.0
93d1de7b-0cfd-48a4-ab81-afdcde4fd0f1,paid_brave,ai_coding_and_infrastructure,57,49,0.8596491228070176,7,7,1.0,7,6,False,0.3
93d1de7b-0cfd-48a4-ab81-afdcde4fd0f1,paid_google,ai_coding_and_infrastructure,57,50,0.8771929824561403,7,6,0.8571428571428571,7,6,False,0.625
93d1de7b-0cfd-48a4-ab81-afdcde4fd0f1,paid_other,ai_coding_and_infrastructure,57,45,0.7894736842105263,7,6,0.8571428571428571,7,6,False,0.3
93d1de7b-0cfd-48a4-ab81-afdcde4fd0f1,neural,ai_coding_and_infrastructure,57,136,2.3859649122807016,7,21,3.0,7,20,False,0.22727272727272727
93d1de7b-0cfd-48a4-ab81-afdcde4fd0f1,specialized,ai_coding_and_infrastructure,57,136,2.3859649122807016,7,21,3.0,7,20,False,0.22727272727272727
31d33787-f98b-4632-b7d0-1a8cdcbf4a30,original_free,ai_coding_and_infrastructure,77,77,1.0,11,11,1.0,10,10,True,1.0
31d33787-f98b-4632-b7d0-1a8cdcbf4a30,paid_brave,ai_coding_and_infrastructure,77,83,1.077922077922078,11,11,1.0,10,9,False,0.46153846153846156
31d33787-f98b-4632-b7d0-1a8cdcbf4a30,paid_google,ai_coding_and_infrastructure,77,83,1.077922077922078,11,11,1.0,10,9,False,0.26666666666666666
31d33787-f98b-4632-b7d0-1a8cdcbf4a30,paid_other,ai_coding_and_infrastructure,77,61,0.7922077922077922,11,8,0.7272727272727273,10,7,False,0.3076923076923077
31d33787-f98b-4632-b7d0-1a8cdcbf4a30,neural,ai_coding_and_infrastructure,77,130,1.6883116883116882,11,19,1.7272727272727273,10,19,False,0.38095238095238093
31d33787-f98b-4632-b7d0-1a8cdcbf4a30,specialized,ai_coding_and_infrastructure,77,130,1.6883116883116882,11,19,1.7272727272727273,10,19,False,0.38095238095238093
0469d164-946b-4011-8f5f-82cdf4b5c779,original_free,ai_coding_and_infrastructure,63,63,1.0,7,7,1.0,7,7,True,1.0
0469d164-946b-4011-8f5f-82cdf4b5c779,paid_brave,ai_coding_and_infrastructure,63,64,1.0158730158730158,7,9,1.2857142857142858,7,8,False,0.5
0469d164-946b-4011-8f5f-82cdf4b5c779,paid_google,ai_coding_and_infrastructure,63,51,0.8095238095238095,7,6,0.8571428571428571,7,6,False,0.3
0469d164-946b-4011-8f5f-82cdf4b5c779,paid_other,ai_coding_and_infrastructure,63,55,0.873015873015873,7,8,1.1428571428571428,7,8,False,0.25
0469d164-946b-4011-8f5f-82cdf4b5c779,neural,ai_coding_and_infrastructure,63,131,2.0793650793650795,7,17,2.4285714285714284,7,17,False,0.2
0469d164-946b-4011-8f5f-82cdf4b5c779,specialized,ai_coding_and_infrastructure,63,131,2.0793650793650795,7,17,2.4285714285714284,7,17,False,0.2
e7d85af9-38f6-49ef-818c-be771b645ed5,original_free,ai_coding_and_infrastructure,86,86,1.0,13,13,1.0,11,11,True,1.0
e7d85af9-38f6-49ef-818c-be771b645ed5,paid_brave,ai_coding_and_infrastructure,86,72,0.8372093023255814,13,12,0.9230769230769231,11,10,False,0.5
e7d85af9-38f6-49ef-818c-be771b645ed5,paid_google,ai_coding_and_infrastructure,86,75,0.872093023255814,13,10,0.7692307692307693,11,8,False,0.35714285714285715
e7d85af9-38f6-49ef-818c-be771b645ed5,paid_other,ai_coding_and_infrastructure,86,63,0.7325581395348837,13,10,0.7692307692307693,11,8,False,0.11764705882352941
e7d85af9-38f6-49ef-818c-be771b645ed5,neural,ai_coding_and_infrastructure,86,178,2.0697674418604652,13,28,2.1538461538461537,11,28,False,0.14705882352941177
e7d85af9-38f6-49ef-818c-be771b645ed5,specialized,ai_coding_and_infrastructure,86,178,2.0697674418604652,13,28,2.1538461538461537,11,28,False,0.14705882352941177
e4ca8da0-389a-4f60-8b0b-35a1c2125d80,original_free,ai_coding_and_infrastructure,55,55,1.0,7,7,1.0,7,7,True,1.0
e4ca8da0-389a-4f60-8b0b-35a1c2125d80,paid_brave,ai_coding_and_infrastructure,55,46,0.8363636363636363,7,6,0.8571428571428571,7,6,False,0.625
e4ca8da0-389a-4f60-8b0b-35a1c2125d80,paid_google,ai_coding_and_infrastructure,55,62,1.1272727272727272,7,10,1.4285714285714286,7,9,False,0.45454545454545453
e4ca8da0-389a-4f60-8b0b-35a1c2125d80,paid_other,ai_coding_and_infrastructure,55,66,1.2,7,9,1.2857142857142858,7,8,False,0.25
e4ca8da0-389a-4f60-8b0b-35a1c2125d80,neural,ai_coding_and_infrastructure,55,179,3.2545454545454544,7,25,3.5714285714285716,7,24,False,0.19230769230769232
e4ca8da0-389a-4f60-8b0b-35a1c2125d80,specialized,ai_coding_and_infrastructure,55,179,3.2545454545454544,7,25,3.5714285714285716,7,24,False,0.19230769230769232
b6519b50-8e71-4385-94b2-a2828598ead6,original_free,ai_coding_and_infrastructure,51,51,1.0,7,7,1.0,7,7,True,1.0
b6519b50-8e71-4385-94b2-a2828598ead6,paid_brave,ai_coding_and_infrastructure,51,51,1.0,7,7,1.0,7,7,False,0.4
b6519b50-8e71-4385-94b2-a2828598ead6,paid_google,ai_coding_and_infrastructure,51,46,0.9019607843137255,7,7,1.0,7,7,False,0.5555555555555556
b6519b50-8e71-4385-94b2-a2828598ead6,paid_other,ai_coding_and_infrastructure,51,70,1.3725490196078431,7,10,1.4285714285714286,7,10,False,0.5454545454545454
b6519b50-8e71-4385-94b2-a2828598ead6,neural,ai_coding_and_infrastructure,51,117,2.2941176470588234,7,18,2.5714285714285716,7,18,False,0.3888888888888889
b6519b50-8e71-4385-94b2-a2828598ead6,specialized,ai_coding_and_infrastructure,51,117,2.2941176470588234,7,18,2.5714285714285716,7,18,False,0.3888888888888889
9f1c4b6e-10f9-42c6-9143-a888c92c59a7,original_free,ai_coding_and_infrastructure,66,66,1.0,8,8,1.0,8,8,True,1.0
9f1c4b6e-10f9-42c6-9143-a888c92c59a7,paid_brave,ai_coding_and_infrastructure,66,71,1.0757575757575757,8,8,1.0,8,8,False,0.7777777777777778
9f1c4b6e-10f9-42c6-9143-a888c92c59a7,paid_google,ai_coding_and_infrastructure,66,78,1.1818181818181819,8,11,1.375,8,10,False,0.38461538461538464
9f1c4b6e-10f9-42c6-9143-a888c92c59a7,paid_other,ai_coding_and_infrastructure,66,66,1.0,8,9,1.125,8,9,False,0.4166666666666667
9f1c4b6e-10f9-42c6-9143-a888c92c59a7,neural,ai_coding_and_infrastructure,66,131,1.9848484848484849,8,21,2.625,8,21,False,0.3181818181818182
9f1c4b6e-10f9-42c6-9143-a888c92c59a7,specialized,ai_coding_and_infrastructure,66,131,1.9848484848484849,8,21,2.625,8,21,False,0.3181818181818182
41358de3-5cdc-4bbf-9f82-aff021650f35,original_free,general,53,53,1.0,8,8,1.0,7,7,True,1.0
41358de3-5cdc-4bbf-9f82-aff021650f35,paid_brave,general,53,58,1.0943396226415094,8,9,1.125,7,8,False,0.875
41358de3-5cdc-4bbf-9f82-aff021650f35,paid_google,general,53,61,1.150943396226415,8,7,0.875,7,7,False,0.2727272727272727
41358de3-5cdc-4bbf-9f82-aff021650f35,paid_other,general,53,54,1.0188679245283019,8,8,1.0,7,8,False,0.25
41358de3-5cdc-4bbf-9f82-aff021650f35,neural,general,53,151,2.849056603773585,8,21,2.625,7,21,False,0.21739130434782608
41358de3-5cdc-4bbf-9f82-aff021650f35,specialized,general,53,151,2.849056603773585,8,21,2.625,7,21,False,0.21739130434782608
d8f903a8-bf0b-49e5-806e-c010fc76026c,original_free,ai_coding_and_infrastructure,61,61,1.0,7,7,1.0,7,7,True,1.0
d8f903a8-bf0b-49e5-806e-c010fc76026c,paid_brave,ai_coding_and_infrastructure,61,62,1.0163934426229508,7,9,1.2857142857142858,7,8,False,0.5
d8f903a8-bf0b-49e5-806e-c010fc76026c,paid_google,ai_coding_and_infrastructure,61,55,0.9016393442622951,7,7,1.0,7,7,False,0.2727272727272727
d8f903a8-bf0b-49e5-806e-c010fc76026c,paid_other,ai_coding_and_infrastructure,61,53,0.8688524590163934,7,7,1.0,7,7,False,0.4
d8f903a8-bf0b-49e5-806e-c010fc76026c,neural,ai_coding_and_infrastructure,61,140,2.2950819672131146,7,21,3.0,7,21,False,0.2727272727272727
d8f903a8-bf0b-49e5-806e-c010fc76026c,specialized,ai_coding_and_infrastructure,61,140,2.2950819672131146,7,21,3.0,7,21,False,0.2727272727272727
9e1919c5-87a4-48e0-9654-191555496b82,original_free,general,27,27,1.0,4,4,1.0,4,4,True,1.0
9e1919c5-87a4-48e0-9654-191555496b82,paid_brave,general,27,53,1.962962962962963,4,8,2.0,4,7,False,0.5714285714285714
9e1919c5-87a4-48e0-9654-191555496b82,paid_google,general,27,46,1.7037037037037037,4,6,1.5,4,6,False,0.25
9e1919c5-87a4-48e0-9654-191555496b82,paid_other,general,27,55,2.037037037037037,4,8,2.0,4,8,False,0.5
9e1919c5-87a4-48e0-9654-191555496b82,neural,general,27,122,4.518518518518518,4,16,4.0,4,16,False,0.25
9e1919c5-87a4-48e0-9654-191555496b82,specialized,general,27,122,4.518518518518518,4,16,4.0,4,16,False,0.25
989b7ca5-a0f8-431a-a3f2-4c1ac6e0ed59,original_free,general,27,27,1.0,4,4,1.0,4,4,True,1.0
989b7ca5-a0f8-431a-a3f2-4c1ac6e0ed59,paid_brave,general,27,53,1.962962962962963,4,8,2.0,4,7,False,0.5714285714285714
989b7ca5-a0f8-431a-a3f2-4c1ac6e0ed59,paid_google,general,27,46,1.7037037037037037,4,6,1.5,4,6,False,0.25
989b7ca5-a0f8-431a-a3f2-4c1ac6e0ed59,paid_other,general,27,55,2.037037037037037,4,8,2.0,4,8,False,0.5
989b7ca5-a0f8-431a-a3f2-4c1ac6e0ed59,neural,general,27,122,4.518518518518518,4,16,4.0,4,16,False,0.25
989b7ca5-a0f8-431a-a3f2-4c1ac6e0ed59,specialized,general,27,122,4.518518518518518,4,16,4.0,4,16,False,0.25
f526f110-bb06-42c0-bc05-0b68e4e4c976,original_free,general,34,34,1.0,7,7,1.0,7,7,True,1.0
f526f110-bb06-42c0-bc05-0b68e4e4c976,paid_brave,general,34,40,1.1764705882352942,7,6,0.8571428571428571,7,6,False,0.4444444444444444
f526f110-bb06-42c0-bc05-0b68e4e4c976,paid_google,general,34,59,1.7352941176470589,7,9,1.2857142857142858,7,8,False,0.25
f526f110-bb06-42c0-bc05-0b68e4e4c976,paid_other,general,34,48,1.411764705882353,7,6,0.8571428571428571,7,6,False,0.08333333333333333
f526f110-bb06-42c0-bc05-0b68e4e4c976,neural,general,34,71,2.088235294117647,7,13,1.8571428571428572,7,13,False,0.42857142857142855
f526f110-bb06-42c0-bc05-0b68e4e4c976,specialized,general,34,71,2.088235294117647,7,13,1.8571428571428572,7,13,False,0.42857142857142855
fa82bdf3-de68-408b-9488-bdceb6f04ffd,original_free,general,76,76,1.0,15,15,1.0,15,15,True,1.0
fa82bdf3-de68-408b-9488-bdceb6f04ffd,paid_brave,general,76,91,1.1973684210526316,15,15,1.0,15,14,False,0.7058823529411765
fa82bdf3-de68-408b-9488-bdceb6f04ffd,paid_google,general,76,80,1.0526315789473684,15,12,0.8,15,12,False,0.5882352941176471
fa82bdf3-de68-408b-9488-bdceb6f04ffd,paid_other,general,76,82,1.0789473684210527,15,14,0.9333333333333333,15,14,False,0.45
fa82bdf3-de68-408b-9488-bdceb6f04ffd,neural,general,76,170,2.236842105263158,15,28,1.8666666666666667,15,28,False,0.22857142857142856
fa82bdf3-de68-408b-9488-bdceb6f04ffd,specialized,general,76,170,2.236842105263158,15,28,1.8666666666666667,15,28,False,0.22857142857142856
06e23e53-ca20-48f5-b64b-ece1e231ea44,original_free,general,76,76,1.0,15,15,1.0,15,15,True,1.0
06e23e53-ca20-48f5-b64b-ece1e231ea44,paid_brave,general,76,87,1.144736842105263,15,14,0.9333333333333333,15,13,False,0.5555555555555556
06e23e53-ca20-48f5-b64b-ece1e231ea44,paid_google,general,76,113,1.486842105263158,15,13,0.8666666666666667,15,13,False,0.4
06e23e53-ca20-48f5-b64b-ece1e231ea44,paid_other,general,76,78,1.0263157894736843,15,13,0.8666666666666667,15,13,False,0.3333333333333333
06e23e53-ca20-48f5-b64b-ece1e231ea44,neural,general,76,150,1.9736842105263157,15,26,1.7333333333333334,15,26,False,0.24242424242424243
06e23e53-ca20-48f5-b64b-ece1e231ea44,specialized,general,76,150,1.9736842105263157,15,26,1.7333333333333334,15,26,False,0.24242424242424243
d95ed62d-1d51-4ccc-a5ff-898884fd1f15,original_free,general,78,78,1.0,15,15,1.0,15,15,True,1.0
d95ed62d-1d51-4ccc-a5ff-898884fd1f15,paid_brave,general,78,85,1.0897435897435896,15,14,0.9333333333333333,15,13,False,0.6470588235294118
d95ed62d-1d51-4ccc-a5ff-898884fd1f15,paid_google,general,78,55,0.7051282051282052,15,8,0.5333333333333333,15,8,False,0.4375
d95ed62d-1d51-4ccc-a5ff-898884fd1f15,paid_other,general,78,76,0.9743589743589743,15,13,0.8666666666666667,15,13,False,0.47368421052631576
d95ed62d-1d51-4ccc-a5ff-898884fd1f15,neural,general,78,159,2.0384615384615383,15,28,1.8666666666666667,15,28,False,0.22857142857142856
d95ed62d-1d51-4ccc-a5ff-898884fd1f15,specialized,general,78,159,2.0384615384615383,15,28,1.8666666666666667,15,28,False,0.22857142857142856
8433b089-03f1-467b-a785-310fed0629f9,original_free,ai_coding_and_infrastructure,74,74,1.0,10,10,1.0,10,10,True,1.0
8433b089-03f1-467b-a785-310fed0629f9,paid_brave,ai_coding_and_infrastructure,74,73,0.9864864864864865,10,10,1.0,10,9,False,0.46153846153846156
8433b089-03f1-467b-a785-310fed0629f9,paid_google,ai_coding_and_infrastructure,74,82,1.1081081081081081,10,10,1.0,10,10,False,0.5384615384615384
8433b089-03f1-467b-a785-310fed0629f9,paid_other,ai_coding_and_infrastructure,74,80,1.0810810810810811,10,11,1.1,10,11,False,0.4
8433b089-03f1-467b-a785-310fed0629f9,neural,ai_coding_and_infrastructure,74,227,3.0675675675675675,10,31,3.1,10,31,False,0.3225806451612903
8433b089-03f1-467b-a785-310fed0629f9,specialized,ai_coding_and_infrastructure,74,227,3.0675675675675675,10,31,3.1,10,31,False,0.3225806451612903
7be6acb9-5b99-4322-bcb4-68254688c2b6,original_free,ai_coding_and_infrastructure,86,86,1.0,11,11,1.0,11,11,True,1.0
7be6acb9-5b99-4322-bcb4-68254688c2b6,paid_brave,ai_coding_and_infrastructure,86,91,1.058139534883721,11,13,1.1818181818181819,11,12,False,0.6428571428571429
7be6acb9-5b99-4322-bcb4-68254688c2b6,paid_google,ai_coding_and_infrastructure,86,76,0.8837209302325582,11,9,0.8181818181818182,11,9,False,0.42857142857142855
7be6acb9-5b99-4322-bcb4-68254688c2b6,paid_other,ai_coding_and_infrastructure,86,57,0.6627906976744186,11,8,0.7272727272727273,11,8,False,0.1875
7be6acb9-5b99-4322-bcb4-68254688c2b6,neural,ai_coding_and_infrastructure,86,228,2.6511627906976742,11,31,2.8181818181818183,11,31,False,0.3125
7be6acb9-5b99-4322-bcb4-68254688c2b6,specialized,ai_coding_and_infrastructure,86,228,2.6511627906976742,11,31,2.8181818181818183,11,31,False,0.3125
4f1befd3-32bc-486e-9b48-8be7124d9bca,original_free,ai_coding_and_infrastructure,83,83,1.0,12,12,1.0,11,11,True,1.0
4f1befd3-32bc-486e-9b48-8be7124d9bca,paid_brave,ai_coding_and_infrastructure,83,69,0.8313253012048193,12,10,0.8333333333333334,11,7,False,0.125
4f1befd3-32bc-486e-9b48-8be7124d9bca,paid_google,ai_coding_and_infrastructure,83,76,0.9156626506024096,12,10,0.8333333333333334,11,9,False,0.42857142857142855
4f1befd3-32bc-486e-9b48-8be7124d9bca,paid_other,ai_coding_and_infrastructure,83,105,1.2650602409638554,12,15,1.25,11,13,False,0.3333333333333333
4f1befd3-32bc-486e-9b48-8be7124d9bca,neural,ai_coding_and_infrastructure,83,238,2.8674698795180724,12,31,2.5833333333333335,11,29,False,0.14285714285714285
4f1befd3-32bc-486e-9b48-8be7124d9bca,specialized,ai_coding_and_infrastructure,83,238,2.8674698795180724,12,31,2.5833333333333335,11,29,False,0.14285714285714285
4973464b-94f0-44b1-871f-ea7332e3a647,original_free,ai_coding_and_infrastructure,74,74,1.0,10,10,1.0,10,10,True,1.0
4973464b-94f0-44b1-871f-ea7332e3a647,paid_brave,ai_coding_and_infrastructure,74,68,0.918918918918919,10,10,1.0,10,9,False,0.46153846153846156
4973464b-94f0-44b1-871f-ea7332e3a647,paid_google,ai_coding_and_infrastructure,74,69,0.9324324324324325,10,9,0.9,10,9,False,0.5833333333333334
4973464b-94f0-44b1-871f-ea7332e3a647,paid_other,ai_coding_and_infrastructure,74,65,0.8783783783783784,10,9,0.9,10,9,False,0.46153846153846156
4973464b-94f0-44b1-871f-ea7332e3a647,neural,ai_coding_and_infrastructure,74,183,2.472972972972973,10,29,2.9,10,29,False,0.3
4973464b-94f0-44b1-871f-ea7332e3a647,specialized,ai_coding_and_infrastructure,74,183,2.472972972972973,10,29,2.9,10,29,False,0.3
ed6aa4c6-7e43-4cff-898b-baee8996c304,original_free,general,78,78,1.0,15,15,1.0,15,15,True,1.0
ed6aa4c6-7e43-4cff-898b-baee8996c304,paid_brave,general,78,85,1.0897435897435896,15,14,0.9333333333333333,15,13,False,0.6470588235294118
ed6aa4c6-7e43-4cff-898b-baee8996c304,paid_google,general,78,55,0.7051282051282052,15,8,0.5333333333333333,15,8,False,0.4375
ed6aa4c6-7e43-4cff-898b-baee8996c304,paid_other,general,78,76,0.9743589743589743,15,13,0.8666666666666667,15,13,False,0.47368421052631576
ed6aa4c6-7e43-4cff-898b-baee8996c304,neural,general,78,159,2.0384615384615383,15,28,1.8666666666666667,15,28,False,0.22857142857142856
ed6aa4c6-7e43-4cff-898b-baee8996c304,specialized,general,78,159,2.0384615384615383,15,28,1.8666666666666667,15,28,False,0.22857142857142856
777905e2-d1b9-4699-9cc2-9d00a0e23e60,original_free,general,78,78,1.0,15,15,1.0,15,15,True,1.0
777905e2-d1b9-4699-9cc2-9d00a0e23e60,paid_brave,general,78,90,1.1538461538461537,15,14,0.9333333333333333,15,13,False,0.6470588235294118
777905e2-d1b9-4699-9cc2-9d00a0e23e60,paid_google,general,78,77,0.9871794871794872,15,12,0.8,15,12,False,0.42105263157894735
777905e2-d1b9-4699-9cc2-9d00a0e23e60,paid_other,general,78,65,0.8333333333333334,15,11,0.7333333333333333,15,11,False,0.5294117647058824
777905e2-d1b9-4699-9cc2-9d00a0e23e60,neural,general,78,159,2.0384615384615383,15,28,1.8666666666666667,15,28,False,0.22857142857142856
777905e2-d1b9-4699-9cc2-9d00a0e23e60,specialized,general,78,159,2.0384615384615383,15,28,1.8666666666666667,15,28,False,0.22857142857142856
294d61f6-f5c1-4b54-bf10-8b860d7cfae2,original_free,ai_coding_and_infrastructure,42,42,1.0,8,8,1.0,8,8,True,1.0
294d61f6-f5c1-4b54-bf10-8b860d7cfae2,paid_brave,ai_coding_and_infrastructure,42,48,1.1428571428571428,8,8,1.0,8,7,False,0.36363636363636365
294d61f6-f5c1-4b54-bf10-8b860d7cfae2,paid_google,ai_coding_and_infrastructure,42,66,1.5714285714285714,8,9,1.125,8,9,False,0.4166666666666667
294d61f6-f5c1-4b54-bf10-8b860d7cfae2,paid_other,ai_coding_and_infrastructure,42,47,1.119047619047619,8,6,0.75,8,6,False,0.4
294d61f6-f5c1-4b54-bf10-8b860d7cfae2,neural,ai_coding_and_infrastructure,42,93,2.2142857142857144,8,16,2.0,8,16,False,0.2
294d61f6-f5c1-4b54-bf10-8b860d7cfae2,specialized,ai_coding_and_infrastructure,42,93,2.2142857142857144,8,16,2.0,8,16,False,0.2
c7690b3e-f495-4378-a2a9-b58481099c80,original_free,general,30,30,1.0,6,6,1.0,6,6,True,1.0
c7690b3e-f495-4378-a2a9-b58481099c80,paid_brave,general,30,51,1.7,6,9,1.5,6,8,False,0.75
c7690b3e-f495-4378-a2a9-b58481099c80,paid_google,general,30,28,0.9333333333333333,6,4,0.6666666666666666,6,4,False,0.42857142857142855
c7690b3e-f495-4378-a2a9-b58481099c80,paid_other,general,30,46,1.5333333333333334,6,7,1.1666666666666667,6,7,False,0.4444444444444444
c7690b3e-f495-4378-a2a9-b58481099c80,neural,general,30,90,3.0,6,14,2.3333333333333335,6,14,False,0.25
c7690b3e-f495-4378-a2a9-b58481099c80,specialized,general,30,90,3.0,6,14,2.3333333333333335,6,14,False,0.25
22024a58-83d3-42da-a688-da03c11bc0d6,original_free,general,24,24,1.0,5,5,1.0,4,4,True,1.0
22024a58-83d3-42da-a688-da03c11bc0d6,paid_brave,general,24,47,1.9583333333333333,5,8,1.6,4,7,False,0.5714285714285714
22024a58-83d3-42da-a688-da03c11bc0d6,paid_google,general,24,52,2.1666666666666665,5,8,1.6,4,7,False,0.2222222222222222
22024a58-83d3-42da-a688-da03c11bc0d6,paid_other,general,24,75,3.125,5,12,2.4,4,11,False,0.36363636363636365
22024a58-83d3-42da-a688-da03c11bc0d6,neural,general,24,121,5.041666666666667,5,20,4.0,4,19,False,0.21052631578947367
22024a58-83d3-42da-a688-da03c11bc0d6,specialized,general,24,121,5.041666666666667,5,20,4.0,4,19,False,0.21052631578947367
cf174e72-cc13-4a1d-8554-fcbf537ab3d5,original_free,ai_coding_and_infrastructure,85,85,1.0,12,12,1.0,12,12,True,1.0
cf174e72-cc13-4a1d-8554-fcbf537ab3d5,paid_brave,ai_coding_and_infrastructure,85,69,0.8117647058823529,12,10,0.8333333333333334,12,10,False,0.4666666666666667
cf174e72-cc13-4a1d-8554-fcbf537ab3d5,paid_google,ai_coding_and_infrastructure,85,60,0.7058823529411765,12,8,0.6666666666666666,12,8,False,0.25
cf174e72-cc13-4a1d-8554-fcbf537ab3d5,paid_other,ai_coding_and_infrastructure,85,67,0.788235294117647,12,9,0.75,12,9,False,0.4
cf174e72-cc13-4a1d-8554-fcbf537ab3d5,neural,ai_coding_and_infrastructure,85,306,3.6,12,43,3.5833333333333335,12,43,False,0.14583333333333334
cf174e72-cc13-4a1d-8554-fcbf537ab3d5,specialized,ai_coding_and_infrastructure,85,306,3.6,12,43,3.5833333333333335,12,43,False,0.14583333333333334
210d04ed-6a7c-49fb-85f5-719bbbc26436,original_free,general,24,24,1.0,5,5,1.0,4,4,True,1.0
210d04ed-6a7c-49fb-85f5-719bbbc26436,paid_brave,general,24,47,1.9583333333333333,5,8,1.6,4,7,False,0.5714285714285714
210d04ed-6a7c-49fb-85f5-719bbbc26436,paid_google,general,24,63,2.625,5,11,2.2,4,10,False,0.2727272727272727
210d04ed-6a7c-49fb-85f5-719bbbc26436,paid_other,general,24,37,1.5416666666666667,5,7,1.4,4,7,False,0.0
210d04ed-6a7c-49fb-85f5-719bbbc26436,neural,general,24,102,4.25,5,17,3.4,4,16,False,0.25
210d04ed-6a7c-49fb-85f5-719bbbc26436,specialized,general,24,102,4.25,5,17,3.4,4,16,False,0.25
b06348e2-05ce-4b0a-bce5-724494461b13,original_free,general,24,24,1.0,5,5,1.0,4,4,True,1.0
b06348e2-05ce-4b0a-bce5-724494461b13,paid_brave,general,24,47,1.9583333333333333,5,8,1.6,4,7,False,0.5714285714285714
b06348e2-05ce-4b0a-bce5-724494461b13,paid_google,general,24,63,2.625,5,11,2.2,4,10,False,0.2727272727272727
b06348e2-05ce-4b0a-bce5-724494461b13,paid_other,general,24,37,1.5416666666666667,5,7,1.4,4,7,False,0.0
b06348e2-05ce-4b0a-bce5-724494461b13,neural,general,24,102,4.25,5,17,3.4,4,16,False,0.25
b06348e2-05ce-4b0a-bce5-724494461b13,specialized,general,24,102,4.25,5,17,3.4,4,16,False,0.25
86baff84-baf8-4c05-9288-ddbc4f4f1938,original_free,ai_coding_and_infrastructure,36,36,1.0,4,4,1.0,4,4,True,1.0
86baff84-baf8-4c05-9288-ddbc4f4f1938,paid_brave,ai_coding_and_infrastructure,36,65,1.8055555555555556,4,7,1.75,4,7,False,0.5714285714285714
86baff84-baf8-4c05-9288-ddbc4f4f1938,paid_google,ai_coding_and_infrastructure,36,81,2.25,4,11,2.75,4,11,False,0.25
86baff84-baf8-4c05-9288-ddbc4f4f1938,paid_other,ai_coding_and_infrastructure,36,48,1.3333333333333333,4,7,1.75,4,7,False,0.2222222222222222
86baff84-baf8-4c05-9288-ddbc4f4f1938,neural,ai_coding_and_infrastructure,36,147,4.083333333333333,4,21,5.25,4,21,False,0.13636363636363635
86baff84-baf8-4c05-9288-ddbc4f4f1938,specialized,ai_coding_and_infrastructure,36,147,4.083333333333333,4,21,5.25,4,21,False,0.13636363636363635
33ddf1bc-cb47-4755-bae3-1bba55c20ad1,original_free,ai_coding_and_infrastructure,36,36,1.0,4,4,1.0,4,4,True,1.0
33ddf1bc-cb47-4755-bae3-1bba55c20ad1,paid_brave,ai_coding_and_infrastructure,36,65,1.8055555555555556,4,7,1.75,4,7,False,0.5714285714285714
33ddf1bc-cb47-4755-bae3-1bba55c20ad1,paid_google,ai_coding_and_infrastructure,36,42,1.1666666666666667,4,5,1.25,4,5,False,0.5
33ddf1bc-cb47-4755-bae3-1bba55c20ad1,paid_other,ai_coding_and_infrastructure,36,53,1.4722222222222223,4,7,1.75,4,7,False,0.375
33ddf1bc-cb47-4755-bae3-1bba55c20ad1,neural,ai_coding_and_infrastructure,36,71,1.9722222222222223,4,10,2.5,4,10,False,0.2727272727272727
33ddf1bc-cb47-4755-bae3-1bba55c20ad1,specialized,ai_coding_and_infrastructure,36,71,1.9722222222222223,4,10,2.5,4,10,False,0.2727272727272727
8dd60a11-c54a-4593-84b7-e98c758222a5,original_free,ai_coding_and_infrastructure,37,37,1.0,5,5,1.0,5,5,True,1.0
8dd60a11-c54a-4593-84b7-e98c758222a5,paid_brave,ai_coding_and_infrastructure,37,55,1.4864864864864864,5,8,1.6,5,7,False,0.7142857142857143
8dd60a11-c54a-4593-84b7-e98c758222a5,paid_google,ai_coding_and_infrastructure,37,55,1.4864864864864864,5,7,1.4,5,7,False,0.5
8dd60a11-c54a-4593-84b7-e98c758222a5,paid_other,ai_coding_and_infrastructure,37,58,1.5675675675675675,5,8,1.6,5,8,False,0.3
8dd60a11-c54a-4593-84b7-e98c758222a5,neural,ai_coding_and_infrastructure,37,77,2.081081081081081,5,11,2.2,5,11,False,0.14285714285714285
8dd60a11-c54a-4593-84b7-e98c758222a5,specialized,ai_coding_and_infrastructure,37,77,2.081081081081081,5,11,2.2,5,11,False,0.14285714285714285
e9187378-12a6-4bfa-a6e1-0338ea9bcd57,original_free,ai_coding_and_infrastructure,37,37,1.0,5,5,1.0,5,5,True,1.0
e9187378-12a6-4bfa-a6e1-0338ea9bcd57,paid_brave,ai_coding_and_infrastructure,37,55,1.4864864864864864,5,8,1.6,5,7,False,0.7142857142857143
e9187378-12a6-4bfa-a6e1-0338ea9bcd57,paid_google,ai_coding_and_infrastructure,37,38,1.027027027027027,5,5,1.0,5,5,False,0.42857142857142855
e9187378-12a6-4bfa-a6e1-0338ea9bcd57,paid_other,ai_coding_and_infrastructure,37,41,1.1081081081081081,5,6,1.2,5,6,False,0.375
e9187378-12a6-4bfa-a6e1-0338ea9bcd57,neural,ai_coding_and_infrastructure,37,72,1.945945945945946,5,11,2.2,5,11,False,0.14285714285714285
e9187378-12a6-4bfa-a6e1-0338ea9bcd57,specialized,ai_coding_and_infrastructure,37,72,1.945945945945946,5,11,2.2,5,11,False,0.14285714285714285
c2896bcf-dcfd-41a0-917f-d3095b575f81,original_free,ai_coding_and_infrastructure,57,57,1.0,8,8,1.0,8,8,True,1.0
c2896bcf-dcfd-41a0-917f-d3095b575f81,paid_brave,ai_coding_and_infrastructure,57,43,0.7543859649122807,8,7,0.875,8,7,False,0.36363636363636365
c2896bcf-dcfd-41a0-917f-d3095b575f81,paid_google,ai_coding_and_infrastructure,57,53,0.9298245614035088,8,7,0.875,8,7,False,0.36363636363636365
c2896bcf-dcfd-41a0-917f-d3095b575f81,paid_other,ai_coding_and_infrastructure,57,45,0.7894736842105263,8,7,0.875,8,7,False,0.5
c2896bcf-dcfd-41a0-917f-d3095b575f81,neural,ai_coding_and_infrastructure,57,159,2.789473684210526,8,23,2.875,8,23,False,0.34782608695652173
c2896bcf-dcfd-41a0-917f-d3095b575f81,specialized,ai_coding_and_infrastructure,57,159,2.789473684210526,8,23,2.875,8,23,False,0.34782608695652173
3e027faa-b697-49f4-abbf-89a32777b196,original_free,ai_coding_and_infrastructure,73,73,1.0,12,12,1.0,11,11,True,1.0
3e027faa-b697-49f4-abbf-89a32777b196,paid_brave,ai_coding_and_infrastructure,73,39,0.5342465753424658,12,8,0.6666666666666666,11,4,False,0.15384615384615385
3e027faa-b697-49f4-abbf-89a32777b196,paid_google,ai_coding_and_infrastructure,73,41,0.5616438356164384,12,7,0.5833333333333334,11,7,False,0.5
3e027faa-b697-49f4-abbf-89a32777b196,paid_other,ai_coding_and_infrastructure,73,58,0.7945205479452054,12,9,0.75,11,9,False,0.42857142857142855
3e027faa-b697-49f4-abbf-89a32777b196,neural,ai_coding_and_infrastructure,73,197,2.6986301369863015,12,27,2.25,11,27,False,0.1875
3e027faa-b697-49f4-abbf-89a32777b196,specialized,ai_coding_and_infrastructure,73,197,2.6986301369863015,12,27,2.25,11,27,False,0.1875
06311970-fc29-4973-8156-cae47ed0d8f0,original_free,ai_coding_and_infrastructure,71,71,1.0,11,11,1.0,11,11,True,1.0
06311970-fc29-4973-8156-cae47ed0d8f0,paid_brave,ai_coding_and_infrastructure,71,49,0.6901408450704225,11,7,0.6363636363636364,11,7,False,0.5
06311970-fc29-4973-8156-cae47ed0d8f0,paid_google,ai_coding_and_infrastructure,71,79,1.1126760563380282,11,10,0.9090909090909091,11,10,False,0.3125
06311970-fc29-4973-8156-cae47ed0d8f0,paid_other,ai_coding_and_infrastructure,71,75,1.056338028169014,11,8,0.7272727272727273,11,8,False,0.26666666666666666
06311970-fc29-4973-8156-cae47ed0d8f0,neural,ai_coding_and_infrastructure,71,210,2.9577464788732395,11,32,2.909090909090909,11,32,False,0.2647058823529412
06311970-fc29-4973-8156-cae47ed0d8f0,specialized,ai_coding_and_infrastructure,71,210,2.9577464788732395,11,32,2.909090909090909,11,32,False,0.2647058823529412
a2e07e5f-32d5-4ff7-b42d-19c35eaf367e,original_free,ai_coding_and_infrastructure,93,93,1.0,11,11,1.0,10,10,True,1.0
a2e07e5f-32d5-4ff7-b42d-19c35eaf367e,paid_brave,ai_coding_and_infrastructure,93,77,0.8279569892473119,11,8,0.7272727272727273,10,7,False,0.5454545454545454
a2e07e5f-32d5-4ff7-b42d-19c35eaf367e,paid_google,ai_coding_and_infrastructure,93,98,1.053763440860215,11,12,1.0909090909090908,10,10,False,0.42857142857142855
a2e07e5f-32d5-4ff7-b42d-19c35eaf367e,paid_other,ai_coding_and_infrastructure,93,64,0.6881720430107527,11,9,0.8181818181818182,10,7,False,0.4166666666666667
a2e07e5f-32d5-4ff7-b42d-19c35eaf367e,neural,ai_coding_and_infrastructure,93,171,1.8387096774193548,11,21,1.9090909090909092,10,20,False,0.42857142857142855
a2e07e5f-32d5-4ff7-b42d-19c35eaf367e,specialized,ai_coding_and_infrastructure,93,171,1.8387096774193548,11,21,1.9090909090909092,10,20,False,0.42857142857142855
84558946-4199-41a9-a4c5-74bd1081a32c,original_free,ai_coding_and_infrastructure,54,54,1.0,7,7,1.0,7,7,True,1.0
84558946-4199-41a9-a4c5-74bd1081a32c,paid_brave,ai_coding_and_infrastructure,54,38,0.7037037037037037,7,6,0.8571428571428571,7,5,False,0.09090909090909091
84558946-4199-41a9-a4c5-74bd1081a32c,paid_google,ai_coding_and_infrastructure,54,64,1.1851851851851851,7,8,1.1428571428571428,7,8,False,0.5
84558946-4199-41a9-a4c5-74bd1081a32c,paid_other,ai_coding_and_infrastructure,54,60,1.1111111111111112,7,8,1.1428571428571428,7,8,False,0.5
84558946-4199-41a9-a4c5-74bd1081a32c,neural,ai_coding_and_infrastructure,54,135,2.5,7,18,2.5714285714285716,7,18,False,0.25
84558946-4199-41a9-a4c5-74bd1081a32c,specialized,ai_coding_and_infrastructure,54,135,2.5,7,18,2.5714285714285716,7,18,False,0.25
78eb9786-ccd2-4fa2-a166-d37eb7b05964,original_free,ai_coding_and_infrastructure,59,59,1.0,8,8,1.0,8,8,True,1.0
78eb9786-ccd2-4fa2-a166-d37eb7b05964,paid_brave,ai_coding_and_infrastructure,59,50,0.847457627118644,8,7,0.875,8,7,False,0.875
78eb9786-ccd2-4fa2-a166-d37eb7b05964,paid_google,ai_coding_and_infrastructure,59,76,1.2881355932203389,8,12,1.5,8,11,False,0.35714285714285715
78eb9786-ccd2-4fa2-a166-d37eb7b05964,paid_other,ai_coding_and_infrastructure,59,69,1.1694915254237288,8,9,1.125,8,9,False,0.5454545454545454
78eb9786-ccd2-4fa2-a166-d37eb7b05964,neural,ai_coding_and_infrastructure,59,200,3.389830508474576,8,28,3.5,8,28,False,0.2
78eb9786-ccd2-4fa2-a166-d37eb7b05964,specialized,ai_coding_and_infrastructure,59,200,3.389830508474576,8,28,3.5,8,28,False,0.2
a35ddb53-3e4a-4ba9-b91e-d389c38afb81,original_free,ai_coding_and_infrastructure,55,55,1.0,8,8,1.0,8,8,True,1.0
a35ddb53-3e4a-4ba9-b91e-d389c38afb81,paid_brave,ai_coding_and_infrastructure,55,55,1.0,8,8,1.0,8,7,False,0.25
a35ddb53-3e4a-4ba9-b91e-d389c38afb81,paid_google,ai_coding_and_infrastructure,55,102,1.8545454545454545,8,15,1.875,8,11,False,0.11764705882352941
a35ddb53-3e4a-4ba9-b91e-d389c38afb81,paid_other,ai_coding_and_infrastructure,55,92,1.6727272727272726,8,13,1.625,8,13,False,0.3125
a35ddb53-3e4a-4ba9-b91e-d389c38afb81,neural,ai_coding_and_infrastructure,55,230,4.181818181818182,8,32,4.0,8,31,False,0.14705882352941177
a35ddb53-3e4a-4ba9-b91e-d389c38afb81,specialized,ai_coding_and_infrastructure,55,230,4.181818181818182,8,32,4.0,8,31,False,0.14705882352941177
14afbf93-a7b9-4fa9-915b-38890f98b548,original_free,ai_coding_and_infrastructure,56,56,1.0,7,7,1.0,6,6,True,1.0
14afbf93-a7b9-4fa9-915b-38890f98b548,paid_brave,ai_coding_and_infrastructure,56,65,1.1607142857142858,7,10,1.4285714285714286,6,7,False,0.3
14afbf93-a7b9-4fa9-915b-38890f98b548,paid_google,ai_coding_and_infrastructure,56,87,1.5535714285714286,7,12,1.7142857142857142,6,9,False,0.36363636363636365
14afbf93-a7b9-4fa9-915b-38890f98b548,paid_other,ai_coding_and_infrastructure,56,103,1.8392857142857142,7,13,1.8571428571428572,6,11,False,0.3076923076923077
14afbf93-a7b9-4fa9-915b-38890f98b548,neural,ai_coding_and_infrastructure,56,208,3.7142857142857144,7,28,4.0,6,28,False,0.13333333333333333
14afbf93-a7b9-4fa9-915b-38890f98b548,specialized,ai_coding_and_infrastructure,56,208,3.7142857142857144,7,28,4.0,6,28,False,0.13333333333333333
6baf1b6a-84f5-456a-816a-4f1a0509fcfa,original_free,general,60,60,1.0,7,7,1.0,7,7,True,1.0
6baf1b6a-84f5-456a-816a-4f1a0509fcfa,paid_brave,general,60,43,0.7166666666666667,7,6,0.8571428571428571,7,5,False,0.3333333333333333
6baf1b6a-84f5-456a-816a-4f1a0509fcfa,paid_google,general,60,83,1.3833333333333333,7,11,1.5714285714285714,7,9,False,0.23076923076923078
6baf1b6a-84f5-456a-816a-4f1a0509fcfa,paid_other,general,60,74,1.2333333333333334,7,9,1.2857142857142858,7,9,False,0.45454545454545453
6baf1b6a-84f5-456a-816a-4f1a0509fcfa,neural,general,60,160,2.6666666666666665,7,23,3.2857142857142856,7,22,False,0.20833333333333334
6baf1b6a-84f5-456a-816a-4f1a0509fcfa,specialized,general,60,160,2.6666666666666665,7,23,3.2857142857142856,7,22,False,0.20833333333333334
6299675b-d32f-484d-a247-a80439860f1d,original_free,general,60,60,1.0,7,7,1.0,7,7,True,1.0
6299675b-d32f-484d-a247-a80439860f1d,paid_brave,general,60,43,0.7166666666666667,7,6,0.8571428571428571,7,5,False,0.3333333333333333
6299675b-d32f-484d-a247-a80439860f1d,paid_google,general,60,83,1.3833333333333333,7,11,1.5714285714285714,7,9,False,0.23076923076923078
6299675b-d32f-484d-a247-a80439860f1d,paid_other,general,60,74,1.2333333333333334,7,9,1.2857142857142858,7,9,False,0.45454545454545453
6299675b-d32f-484d-a247-a80439860f1d,neural,general,60,160,2.6666666666666665,7,23,3.2857142857142856,7,22,False,0.20833333333333334
6299675b-d32f-484d-a247-a80439860f1d,specialized,general,60,160,2.6666666666666665,7,23,3.2857142857142856,7,22,False,0.20833333333333334
150ea450-50bf-48d5-8758-0d7483d84dc1,original_free,general,60,60,1.0,7,7,1.0,7,7,True,1.0
150ea450-50bf-48d5-8758-0d7483d84dc1,paid_brave,general,60,43,0.7166666666666667,7,6,0.8571428571428571,7,5,False,0.3333333333333333
150ea450-50bf-48d5-8758-0d7483d84dc1,paid_google,general,60,83,1.3833333333333333,7,11,1.5714285714285714,7,9,False,0.23076923076923078
150ea450-50bf-48d5-8758-0d7483d84dc1,paid_other,general,60,74,1.2333333333333334,7,9,1.2857142857142858,7,9,False,0.45454545454545453
150ea450-50bf-48d5-8758-0d7483d84dc1,neural,general,60,160,2.6666666666666665,7,23,3.2857142857142856,7,22,False,0.20833333333333334
150ea450-50bf-48d5-8758-0d7483d84dc1,specialized,general,60,160,2.6666666666666665,7,23,3.2857142857142856,7,22,False,0.20833333333333334
bb83c6dc-b113-4c37-bf2b-007738d0da77,original_free,general,60,60,1.0,7,7,1.0,7,7,True,1.0
bb83c6dc-b113-4c37-bf2b-007738d0da77,paid_brave,general,60,43,0.7166666666666667,7,6,0.8571428571428571,7,5,False,0.3333333333333333
bb83c6dc-b113-4c37-bf2b-007738d0da77,paid_google,general,60,83,1.3833333333333333,7,11,1.5714285714285714,7,9,False,0.23076923076923078
bb83c6dc-b113-4c37-bf2b-007738d0da77,paid_other,general,60,74,1.2333333333333334,7,9,1.2857142857142858,7,9,False,0.45454545454545453
bb83c6dc-b113-4c37-bf2b-007738d0da77,neural,general,60,160,2.6666666666666665,7,23,3.2857142857142856,7,22,False,0.20833333333333334
bb83c6dc-b113-4c37-bf2b-007738d0da77,specialized,general,60,160,2.6666666666666665,7,23,3.2857142857142856,7,22,False,0.20833333333333334
14329d0c-fa2d-4cc9-89f9-8c9664936524,original_free,general,37,37,1.0,6,6,1.0,6,6,True,1.0
14329d0c-fa2d-4cc9-89f9-8c9664936524,paid_brave,general,37,40,1.0810810810810811,6,7,1.1666666666666667,6,6,False,0.3333333333333333
14329d0c-fa2d-4cc9-89f9-8c9664936524,paid_google,general,37,68,1.837837837837838,6,8,1.3333333333333333,6,8,False,0.07692307692307693
14329d0c-fa2d-4cc9-89f9-8c9664936524,paid_other,general,37,50,1.3513513513513513,6,7,1.1666666666666667,6,7,False,0.18181818181818182
14329d0c-fa2d-4cc9-89f9-8c9664936524,neural,general,37,172,4.648648648648648,6,26,4.333333333333333,6,25,False,0.14814814814814814
14329d0c-fa2d-4cc9-89f9-8c9664936524,specialized,general,37,172,4.648648648648648,6,26,4.333333333333333,6,25,False,0.14814814814814814
7e6707e2-7989-447d-b6b8-b7eb8d4687e5,original_free,ai_coding_and_infrastructure,28,28,1.0,3,3,1.0,3,3,True,1.0
7e6707e2-7989-447d-b6b8-b7eb8d4687e5,paid_brave,ai_coding_and_infrastructure,28,56,2.0,3,7,2.3333333333333335,3,6,False,0.5
7e6707e2-7989-447d-b6b8-b7eb8d4687e5,paid_google,ai_coding_and_infrastructure,28,71,2.5357142857142856,3,8,2.6666666666666665,3,8,False,0.375
7e6707e2-7989-447d-b6b8-b7eb8d4687e5,paid_other,ai_coding_and_infrastructure,28,39,1.3928571428571428,3,7,2.3333333333333335,3,7,False,0.1111111111111111
7e6707e2-7989-447d-b6b8-b7eb8d4687e5,neural,ai_coding_and_infrastructure,28,82,2.9285714285714284,3,11,3.6666666666666665,3,11,False,0.2727272727272727
7e6707e2-7989-447d-b6b8-b7eb8d4687e5,specialized,ai_coding_and_infrastructure,28,82,2.9285714285714284,3,11,3.6666666666666665,3,11,False,0.2727272727272727
a8bcb6ef-bce8-44f0-81f4-4b12f4e40c67,original_free,ai_coding_and_infrastructure,28,28,1.0,3,3,1.0,3,3,True,1.0
a8bcb6ef-bce8-44f0-81f4-4b12f4e40c67,paid_brave,ai_coding_and_infrastructure,28,56,2.0,3,7,2.3333333333333335,3,6,False,0.5
a8bcb6ef-bce8-44f0-81f4-4b12f4e40c67,paid_google,ai_coding_and_infrastructure,28,71,2.5357142857142856,3,8,2.6666666666666665,3,8,False,0.375
a8bcb6ef-bce8-44f0-81f4-4b12f4e40c67,paid_other,ai_coding_and_infrastructure,28,39,1.3928571428571428,3,7,2.3333333333333335,3,7,False,0.1111111111111111
a8bcb6ef-bce8-44f0-81f4-4b12f4e40c67,neural,ai_coding_and_infrastructure,28,82,2.9285714285714284,3,11,3.6666666666666665,3,11,False,0.2727272727272727
a8bcb6ef-bce8-44f0-81f4-4b12f4e40c67,specialized,ai_coding_and_infrastructure,28,82,2.9285714285714284,3,11,3.6666666666666665,3,11,False,0.2727272727272727
1b7d9fbc-5bf7-4fec-b737-8d9f560535f0,original_free,ai_coding_and_infrastructure,28,28,1.0,3,3,1.0,3,3,True,1.0
1b7d9fbc-5bf7-4fec-b737-8d9f560535f0,paid_brave,ai_coding_and_infrastructure,28,56,2.0,3,7,2.3333333333333335,3,6,False,0.5
1b7d9fbc-5bf7-4fec-b737-8d9f560535f0,paid_google,ai_coding_and_infrastructure,28,72,2.5714285714285716,3,8,2.6666666666666665,3,8,False,0.375
1b7d9fbc-5bf7-4fec-b737-8d9f560535f0,paid_other,ai_coding_and_infrastructure,28,50,1.7857142857142858,3,8,2.6666666666666665,3,8,False,0.375
1b7d9fbc-5bf7-4fec-b737-8d9f560535f0,neural,ai_coding_and_infrastructure,28,89,3.1785714285714284,3,14,4.666666666666667,3,14,False,0.21428571428571427
1b7d9fbc-5bf7-4fec-b737-8d9f560535f0,specialized,ai_coding_and_infrastructure,28,89,3.1785714285714284,3,14,4.666666666666667,3,14,False,0.21428571428571427
c50fbcfb-8d9a-4cd2-aa96-93fbae50aae3,original_free,ai_coding_and_infrastructure,28,28,1.0,3,3,1.0,3,3,True,1.0
c50fbcfb-8d9a-4cd2-aa96-93fbae50aae3,paid_brave,ai_coding_and_infrastructure,28,56,2.0,3,7,2.3333333333333335,3,6,False,0.5
c50fbcfb-8d9a-4cd2-aa96-93fbae50aae3,paid_google,ai_coding_and_infrastructure,28,72,2.5714285714285716,3,8,2.6666666666666665,3,8,False,0.375
c50fbcfb-8d9a-4cd2-aa96-93fbae50aae3,paid_other,ai_coding_and_infrastructure,28,50,1.7857142857142858,3,8,2.6666666666666665,3,8,False,0.375
c50fbcfb-8d9a-4cd2-aa96-93fbae50aae3,neural,ai_coding_and_infrastructure,28,89,3.1785714285714284,3,14,4.666666666666667,3,14,False,0.21428571428571427
c50fbcfb-8d9a-4cd2-aa96-93fbae50aae3,specialized,ai_coding_and_infrastructure,28,89,3.1785714285714284,3,14,4.666666666666667,3,14,False,0.21428571428571427
10fbd5a4-703b-47e3-bde1-7c0c008ea94c,original_free,ai_coding_and_infrastructure,28,28,1.0,3,3,1.0,3,3,True,1.0
10fbd5a4-703b-47e3-bde1-7c0c008ea94c,paid_brave,ai_coding_and_infrastructure,28,56,2.0,3,7,2.3333333333333335,3,6,False,0.5
10fbd5a4-703b-47e3-bde1-7c0c008ea94c,paid_google,ai_coding_and_infrastructure,28,53,1.8928571428571428,3,6,2.0,3,6,False,0.5
10fbd5a4-703b-47e3-bde1-7c0c008ea94c,paid_other,ai_coding_and_infrastructure,28,54,1.9285714285714286,3,8,2.6666666666666665,3,8,False,0.375
10fbd5a4-703b-47e3-bde1-7c0c008ea94c,neural,ai_coding_and_infrastructure,28,72,2.5714285714285716,3,10,3.3333333333333335,3,10,False,0.3
10fbd5a4-703b-47e3-bde1-7c0c008ea94c,specialized,ai_coding_and_infrastructure,28,72,2.5714285714285716,3,10,3.3333333333333335,3,10,False,0.3
7be9367d-1c08-4a16-b081-4845bdbb5a4b,original_free,ai_coding_and_infrastructure,28,28,1.0,3,3,1.0,3,3,True,1.0
7be9367d-1c08-4a16-b081-4845bdbb5a4b,paid_brave,ai_coding_and_infrastructure,28,56,2.0,3,7,2.3333333333333335,3,6,False,0.5
7be9367d-1c08-4a16-b081-4845bdbb5a4b,paid_google,ai_coding_and_infrastructure,28,62,2.2142857142857144,3,6,2.0,3,6,False,0.5
7be9367d-1c08-4a16-b081-4845bdbb5a4b,paid_other,ai_coding_and_infrastructure,28,46,1.6428571428571428,3,6,2.0,3,6,False,0.5
7be9367d-1c08-4a16-b081-4845bdbb5a4b,neural,ai_coding_and_infrastructure,28,85,3.0357142857142856,3,11,3.6666666666666665,3,11,False,0.2727272727272727
7be9367d-1c08-4a16-b081-4845bdbb5a4b,specialized,ai_coding_and_infrastructure,28,85,3.0357142857142856,3,11,3.6666666666666665,3,11,False,0.2727272727272727
500cb1b0-b0c9-46e9-8961-f4dd06945140,original_free,ai_coding_and_infrastructure,68,68,1.0,9,9,1.0,9,9,True,1.0
500cb1b0-b0c9-46e9-8961-f4dd06945140,paid_brave,ai_coding_and_infrastructure,68,86,1.2647058823529411,9,12,1.3333333333333333,9,11,False,0.8181818181818182
500cb1b0-b0c9-46e9-8961-f4dd06945140,paid_google,ai_coding_and_infrastructure,68,102,1.5,9,13,1.4444444444444444,9,12,False,0.6153846153846154
500cb1b0-b0c9-46e9-8961-f4dd06945140,paid_other,ai_coding_and_infrastructure,68,99,1.4558823529411764,9,13,1.4444444444444444,9,13,False,0.6923076923076923
500cb1b0-b0c9-46e9-8961-f4dd06945140,neural,ai_coding_and_infrastructure,68,195,2.8676470588235294,9,29,3.2222222222222223,9,29,False,0.26666666666666666
500cb1b0-b0c9-46e9-8961-f4dd06945140,specialized,ai_coding_and_infrastructure,68,195,2.8676470588235294,9,29,3.2222222222222223,9,29,False,0.26666666666666666
749f432b-3519-4529-835a-3e39618570f5,original_free,ai_coding_and_infrastructure,50,50,1.0,6,6,1.0,6,6,True,1.0
749f432b-3519-4529-835a-3e39618570f5,paid_brave,ai_coding_and_infrastructure,50,61,1.22,6,9,1.5,6,7,False,0.3
749f432b-3519-4529-835a-3e39618570f5,paid_google,ai_coding_and_infrastructure,50,70,1.4,6,8,1.3333333333333333,6,7,False,0.3
749f432b-3519-4529-835a-3e39618570f5,paid_other,ai_coding_and_infrastructure,50,74,1.48,6,11,1.8333333333333333,6,10,False,0.14285714285714285
749f432b-3519-4529-835a-3e39618570f5,neural,ai_coding_and_infrastructure,50,224,4.48,6,34,5.666666666666667,6,33,False,0.11428571428571428
749f432b-3519-4529-835a-3e39618570f5,specialized,ai_coding_and_infrastructure,50,224,4.48,6,34,5.666666666666667,6,33,False,0.11428571428571428
c0633008-d2c4-4a69-b370-c8dcc32ce752,original_free,ai_coding_and_infrastructure,64,64,1.0,9,9,1.0,9,9,True,1.0
c0633008-d2c4-4a69-b370-c8dcc32ce752,paid_brave,ai_coding_and_infrastructure,64,73,1.140625,9,11,1.2222222222222223,9,10,False,0.7272727272727273
c0633008-d2c4-4a69-b370-c8dcc32ce752,paid_google,ai_coding_and_infrastructure,64,71,1.109375,9,9,1.0,9,8,False,0.3076923076923077
c0633008-d2c4-4a69-b370-c8dcc32ce752,paid_other,ai_coding_and_infrastructure,64,63,0.984375,9,10,1.1111111111111112,9,10,False,0.46153846153846156
c0633008-d2c4-4a69-b370-c8dcc32ce752,neural,ai_coding_and_infrastructure,64,154,2.40625,9,24,2.6666666666666665,9,24,False,0.32
c0633008-d2c4-4a69-b370-c8dcc32ce752,specialized,ai_coding_and_infrastructure,64,154,2.40625,9,24,2.6666666666666665,9,24,False,0.32
f7440437-ad2d-4d8c-9f64-40602c8c09f1,original_free,ai_coding_and_infrastructure,57,57,1.0,6,6,1.0,6,6,True,1.0
f7440437-ad2d-4d8c-9f64-40602c8c09f1,paid_brave,ai_coding_and_infrastructure,57,59,1.0350877192982457,6,8,1.3333333333333333,6,7,False,0.3
f7440437-ad2d-4d8c-9f64-40602c8c09f1,paid_google,ai_coding_and_infrastructure,57,82,1.4385964912280702,6,10,1.6666666666666667,6,9,False,0.36363636363636365
f7440437-ad2d-4d8c-9f64-40602c8c09f1,paid_other,ai_coding_and_infrastructure,57,57,1.0,6,7,1.1666666666666667,6,7,False,0.4444444444444444
f7440437-ad2d-4d8c-9f64-40602c8c09f1,neural,ai_coding_and_infrastructure,57,202,3.543859649122807,6,27,4.5,6,26,False,0.23076923076923078
f7440437-ad2d-4d8c-9f64-40602c8c09f1,specialized,ai_coding_and_infrastructure,57,202,3.543859649122807,6,27,4.5,6,26,False,0.23076923076923078
b43a8783-0b36-47d2-8475-6d0b62c484e7,original_free,ai_coding_and_infrastructure,60,60,1.0,7,7,1.0,5,5,True,1.0
b43a8783-0b36-47d2-8475-6d0b62c484e7,paid_brave,ai_coding_and_infrastructure,60,58,0.9666666666666667,7,8,1.1428571428571428,5,6,False,0.5714285714285714
b43a8783-0b36-47d2-8475-6d0b62c484e7,paid_google,ai_coding_and_infrastructure,60,117,1.95,7,15,2.142857142857143,5,14,False,0.1875
b43a8783-0b36-47d2-8475-6d0b62c484e7,paid_other,ai_coding_and_infrastructure,60,87,1.45,7,11,1.5714285714285714,5,9,False,0.5555555555555556
b43a8783-0b36-47d2-8475-6d0b62c484e7,neural,ai_coding_and_infrastructure,60,231,3.85,7,31,4.428571428571429,5,31,False,0.02857142857142857
b43a8783-0b36-47d2-8475-6d0b62c484e7,specialized,ai_coding_and_infrastructure,60,231,3.85,7,31,4.428571428571429,5,31,False,0.02857142857142857
4237ecf2-7ee0-480b-97a7-ec5a4fa9cce9,original_free,general,64,64,1.0,9,9,1.0,8,8,True,1.0
4237ecf2-7ee0-480b-97a7-ec5a4fa9cce9,paid_brave,general,64,81,1.265625,9,12,1.3333333333333333,8,10,False,0.6363636363636364
4237ecf2-7ee0-480b-97a7-ec5a4fa9cce9,paid_google,general,64,88,1.375,9,11,1.2222222222222223,8,10,False,0.2857142857142857
4237ecf2-7ee0-480b-97a7-ec5a4fa9cce9,paid_other,general,64,95,1.484375,9,12,1.3333333333333333,8,11,False,0.1875
4237ecf2-7ee0-480b-97a7-ec5a4fa9cce9,neural,general,64,313,4.890625,9,42,4.666666666666667,8,41,False,0.16666666666666666
4237ecf2-7ee0-480b-97a7-ec5a4fa9cce9,specialized,general,64,313,4.890625,9,42,4.666666666666667,8,41,False,0.16666666666666666
af462d06-7c39-4545-9069-e8a4d6889806,original_free,general,76,76,1.0,9,9,1.0,9,9,True,1.0
af462d06-7c39-4545-9069-e8a4d6889806,paid_brave,general,76,50,0.6578947368421053,9,4,0.4444444444444444,9,4,False,0.3
af462d06-7c39-4545-9069-e8a4d6889806,paid_google,general,76,71,0.9342105263157895,9,10,1.1111111111111112,9,9,False,0.058823529411764705
af462d06-7c39-4545-9069-e8a4d6889806,paid_other,general,76,61,0.8026315789473685,9,8,0.8888888888888888,9,7,False,0.23076923076923078
af462d06-7c39-4545-9069-e8a4d6889806,neural,general,76,244,3.210526315789474,9,26,2.888888888888889,9,28,False,0.08823529411764706
af462d06-7c39-4545-9069-e8a4d6889806,specialized,general,76,244,3.210526315789474,9,26,2.888888888888889,9,28,False,0.08823529411764706
401fe955-f6ef-492d-a3a7-cdafa1ecc468,original_free,general,66,66,1.0,9,9,1.0,9,9,True,1.0
401fe955-f6ef-492d-a3a7-cdafa1ecc468,paid_brave,general,66,56,0.8484848484848485,9,7,0.7777777777777778,9,6,False,0.07142857142857142
401fe955-f6ef-492d-a3a7-cdafa1ecc468,paid_google,general,66,91,1.378787878787879,9,13,1.4444444444444444,9,11,False,0.05263157894736842
401fe955-f6ef-492d-a3a7-cdafa1ecc468,paid_other,general,66,90,1.3636363636363635,9,11,1.2222222222222223,9,10,False,0.26666666666666666
401fe955-f6ef-492d-a3a7-cdafa1ecc468,neural,general,66,306,4.636363636363637,9,42,4.666666666666667,9,42,False,0.1590909090909091
401fe955-f6ef-492d-a3a7-cdafa1ecc468,specialized,general,66,306,4.636363636363637,9,42,4.666666666666667,9,42,False,0.1590909090909091
fa04b794-1a4e-4ef0-805e-3ee41ca9b71c,original_free,general,64,64,1.0,9,9,1.0,9,9,True,1.0
fa04b794-1a4e-4ef0-805e-3ee41ca9b71c,paid_brave,general,64,66,1.03125,9,10,1.1111111111111112,9,9,False,0.5
fa04b794-1a4e-4ef0-805e-3ee41ca9b71c,paid_google,general,64,72,1.125,9,9,1.0,9,9,False,0.5
fa04b794-1a4e-4ef0-805e-3ee41ca9b71c,paid_other,general,64,66,1.03125,9,9,1.0,9,8,False,0.21428571428571427
fa04b794-1a4e-4ef0-805e-3ee41ca9b71c,neural,general,64,169,2.640625,9,24,2.6666666666666665,9,23,False,0.18518518518518517
fa04b794-1a4e-4ef0-805e-3ee41ca9b71c,specialized,general,64,169,2.640625,9,24,2.6666666666666665,9,23,False,0.18518518518518517
334a6e3e-ae22-43b8-aaa6-e3a3963099eb,original_free,ai_coding_and_infrastructure,67,67,1.0,9,9,1.0,7,7,True,1.0
334a6e3e-ae22-43b8-aaa6-e3a3963099eb,paid_brave,ai_coding_and_infrastructure,67,192,2.8656716417910446,9,14,1.5555555555555556,7,14,False,0.5
334a6e3e-ae22-43b8-aaa6-e3a3963099eb,paid_google,ai_coding_and_infrastructure,67,192,2.8656716417910446,9,14,1.5555555555555556,7,14,False,0.5
334a6e3e-ae22-43b8-aaa6-e3a3963099eb,paid_other,ai_coding_and_infrastructure,67,192,2.8656716417910446,9,14,1.5555555555555556,7,14,False,0.5
334a6e3e-ae22-43b8-aaa6-e3a3963099eb,neural,ai_coding_and_infrastructure,67,67,1.0,9,9,1.0,7,7,True,1.0
334a6e3e-ae22-43b8-aaa6-e3a3963099eb,specialized,ai_coding_and_infrastructure,67,67,1.0,9,9,1.0,7,7,True,1.0
fa6d6937-770f-4f8e-bea2-ec960765b84d,original_free,ai_coding_and_infrastructure,68,68,1.0,11,11,1.0,11,11,True,1.0
fa6d6937-770f-4f8e-bea2-ec960765b84d,paid_brave,ai_coding_and_infrastructure,68,167,2.4558823529411766,11,19,1.7272727272727273,11,18,False,0.6111111111111112
fa6d6937-770f-4f8e-bea2-ec960765b84d,paid_google,ai_coding_and_infrastructure,68,167,2.4558823529411766,11,19,1.7272727272727273,11,18,False,0.6111111111111112
fa6d6937-770f-4f8e-bea2-ec960765b84d,paid_other,ai_coding_and_infrastructure,68,167,2.4558823529411766,11,19,1.7272727272727273,11,18,False,0.6111111111111112
fa6d6937-770f-4f8e-bea2-ec960765b84d,neural,ai_coding_and_infrastructure,68,68,1.0,11,11,1.0,11,11,True,1.0
fa6d6937-770f-4f8e-bea2-ec960765b84d,specialized,ai_coding_and_infrastructure,68,68,1.0,11,11,1.0,11,11,True,1.0
1a42782a-4b23-4f5e-8782-ac26e2bd2b49,original_free,ai_coding_and_infrastructure,86,86,1.0,12,12,1.0,11,11,True,1.0
1a42782a-4b23-4f5e-8782-ac26e2bd2b49,paid_brave,ai_coding_and_infrastructure,86,68,0.7906976744186046,12,11,0.9166666666666666,11,9,False,0.42857142857142855
1a42782a-4b23-4f5e-8782-ac26e2bd2b49,paid_google,ai_coding_and_infrastructure,86,70,0.813953488372093,12,9,0.75,11,8,False,0.26666666666666666
1a42782a-4b23-4f5e-8782-ac26e2bd2b49,paid_other,ai_coding_and_infrastructure,86,86,1.0,12,11,0.9166666666666666,11,10,False,0.23529411764705882
1a42782a-4b23-4f5e-8782-ac26e2bd2b49,neural,ai_coding_and_infrastructure,86,271,3.1511627906976742,12,38,3.1666666666666665,11,37,False,0.23076923076923078
1a42782a-4b23-4f5e-8782-ac26e2bd2b49,specialized,ai_coding_and_infrastructure,86,271,3.1511627906976742,12,38,3.1666666666666665,11,37,False,0.23076923076923078
d991bc4e-9536-447d-9d76-ce0788c1f962,original_free,ai_coding_and_infrastructure,70,70,1.0,9,9,1.0,9,9,True,1.0
d991bc4e-9536-447d-9d76-ce0788c1f962,paid_brave,ai_coding_and_infrastructure,70,198,2.8285714285714287,9,19,2.111111111111111,9,19,False,0.47368421052631576
d991bc4e-9536-447d-9d76-ce0788c1f962,paid_google,ai_coding_and_infrastructure,70,198,2.8285714285714287,9,19,2.111111111111111,9,19,False,0.47368421052631576
d991bc4e-9536-447d-9d76-ce0788c1f962,paid_other,ai_coding_and_infrastructure,70,198,2.8285714285714287,9,19,2.111111111111111,9,19,False,0.47368421052631576
d991bc4e-9536-447d-9d76-ce0788c1f962,neural,ai_coding_and_infrastructure,70,70,1.0,9,9,1.0,9,9,True,1.0
d991bc4e-9536-447d-9d76-ce0788c1f962,specialized,ai_coding_and_infrastructure,70,70,1.0,9,9,1.0,9,9,True,1.0
f39fbf6e-8e28-4e94-bb74-6b997493ab59,original_free,comparison,73,73,1.0,10,10,1.0,10,10,True,1.0
f39fbf6e-8e28-4e94-bb74-6b997493ab59,paid_brave,comparison,73,173,2.3698630136986303,10,18,1.8,10,17,False,0.5882352941176471
f39fbf6e-8e28-4e94-bb74-6b997493ab59,paid_google,comparison,73,173,2.3698630136986303,10,18,1.8,10,17,False,0.5882352941176471
f39fbf6e-8e28-4e94-bb74-6b997493ab59,paid_other,comparison,73,173,2.3698630136986303,10,18,1.8,10,17,False,0.5882352941176471
f39fbf6e-8e28-4e94-bb74-6b997493ab59,neural,comparison,73,73,1.0,10,10,1.0,10,10,True,1.0
f39fbf6e-8e28-4e94-bb74-6b997493ab59,specialized,comparison,73,73,1.0,10,10,1.0,10,10,True,1.0
b9a6d7cd-27c8-4ff0-aa4e-bd387bfc453f,original_free,ai_coding_and_infrastructure,74,74,1.0,10,10,1.0,10,10,True,1.0
b9a6d7cd-27c8-4ff0-aa4e-bd387bfc453f,paid_brave,ai_coding_and_infrastructure,74,180,2.4324324324324325,10,15,1.5,10,15,False,0.6666666666666666
b9a6d7cd-27c8-4ff0-aa4e-bd387bfc453f,paid_google,ai_coding_and_infrastructure,74,180,2.4324324324324325,10,15,1.5,10,15,False,0.6666666666666666
b9a6d7cd-27c8-4ff0-aa4e-bd387bfc453f,paid_other,ai_coding_and_infrastructure,74,180,2.4324324324324325,10,15,1.5,10,15,False,0.6666666666666666
b9a6d7cd-27c8-4ff0-aa4e-bd387bfc453f,neural,ai_coding_and_infrastructure,74,74,1.0,10,10,1.0,10,10,True,1.0
b9a6d7cd-27c8-4ff0-aa4e-bd387bfc453f,specialized,ai_coding_and_infrastructure,74,74,1.0,10,10,1.0,10,10,True,1.0
70ad24bb-c0e5-4ed5-bda3-1c000db24372,original_free,ai_coding_and_infrastructure,69,69,1.0,10,10,1.0,7,7,True,1.0
70ad24bb-c0e5-4ed5-bda3-1c000db24372,paid_brave,ai_coding_and_infrastructure,69,56,0.8115942028985508,10,8,0.8,7,5,False,0.5
70ad24bb-c0e5-4ed5-bda3-1c000db24372,paid_google,ai_coding_and_infrastructure,69,93,1.3478260869565217,10,13,1.3,7,9,False,0.3333333333333333
70ad24bb-c0e5-4ed5-bda3-1c000db24372,paid_other,ai_coding_and_infrastructure,69,74,1.0724637681159421,10,9,0.9,7,9,False,0.0
70ad24bb-c0e5-4ed5-bda3-1c000db24372,neural,ai_coding_and_infrastructure,69,267,3.869565217391304,10,37,3.7,7,34,False,0.1388888888888889
70ad24bb-c0e5-4ed5-bda3-1c000db24372,specialized,ai_coding_and_infrastructure,69,267,3.869565217391304,10,37,3.7,7,34,False,0.1388888888888889
c3c5b697-5609-4713-a440-3d38db62d6ac,original_free,ai_coding_and_infrastructure,74,74,1.0,9,9,1.0,9,9,True,1.0
c3c5b697-5609-4713-a440-3d38db62d6ac,paid_brave,ai_coding_and_infrastructure,74,68,0.918918918918919,9,9,1.0,9,8,False,0.4166666666666667
c3c5b697-5609-4713-a440-3d38db62d6ac,paid_google,ai_coding_and_infrastructure,74,45,0.6081081081081081,9,6,0.6666666666666666,9,6,False,0.25
c3c5b697-5609-4713-a440-3d38db62d6ac,paid_other,ai_coding_and_infrastructure,74,80,1.0810810810810811,9,12,1.3333333333333333,9,11,False,0.3333333333333333
c3c5b697-5609-4713-a440-3d38db62d6ac,neural,ai_coding_and_infrastructure,74,241,3.2567567567567566,9,35,3.888888888888889,9,31,False,0.14285714285714285
c3c5b697-5609-4713-a440-3d38db62d6ac,specialized,ai_coding_and_infrastructure,74,241,3.2567567567567566,9,35,3.888888888888889,9,31,False,0.14285714285714285
81ec9b66-c95b-419d-94f1-1efdb05cd272,original_free,ai_coding_and_infrastructure,79,79,1.0,11,11,1.0,9,9,True,1.0
81ec9b66-c95b-419d-94f1-1efdb05cd272,paid_brave,ai_coding_and_infrastructure,79,181,2.2911392405063293,11,29,2.6363636363636362,9,22,False,0.4090909090909091
81ec9b66-c95b-419d-94f1-1efdb05cd272,paid_google,ai_coding_and_infrastructure,79,181,2.2911392405063293,11,29,2.6363636363636362,9,22,False,0.4090909090909091
81ec9b66-c95b-419d-94f1-1efdb05cd272,paid_other,ai_coding_and_infrastructure,79,181,2.2911392405063293,11,29,2.6363636363636362,9,22,False,0.4090909090909091
81ec9b66-c95b-419d-94f1-1efdb05cd272,neural,ai_coding_and_infrastructure,79,79,1.0,11,11,1.0,9,9,True,1.0
81ec9b66-c95b-419d-94f1-1efdb05cd272,specialized,ai_coding_and_infrastructure,79,79,1.0,11,11,1.0,9,9,True,1.0
ef0a3d73-98e9-4553-a741-274e2a645829,original_free,general,103,103,1.0,15,15,1.0,14,14,True,1.0
ef0a3d73-98e9-4553-a741-274e2a645829,paid_brave,general,103,53,0.5145631067961165,15,6,0.4,14,5,False,0.0
ef0a3d73-98e9-4553-a741-274e2a645829,paid_google,general,103,50,0.4854368932038835,15,7,0.4666666666666667,14,6,False,0.0
ef0a3d73-98e9-4553-a741-274e2a645829,paid_other,general,103,69,0.6699029126213593,15,7,0.4666666666666667,14,7,False,0.0
ef0a3d73-98e9-4553-a741-274e2a645829,neural,general,103,269,2.6116504854368934,15,32,2.1333333333333333,14,29,False,0.023809523809523808
ef0a3d73-98e9-4553-a741-274e2a645829,specialized,general,103,269,2.6116504854368934,15,32,2.1333333333333333,14,29,False,0.023809523809523808
cf7f04e2-39ea-4489-9582-64d64baf5c84,original_free,ai_coding_and_infrastructure,99,99,1.0,17,17,1.0,17,17,True,1.0
cf7f04e2-39ea-4489-9582-64d64baf5c84,paid_brave,ai_coding_and_infrastructure,99,72,0.7272727272727273,17,10,0.5882352941176471,17,9,False,0.3
cf7f04e2-39ea-4489-9582-64d64baf5c84,paid_google,ai_coding_and_infrastructure,99,64,0.6464646464646465,17,8,0.47058823529411764,17,8,False,0.0
cf7f04e2-39ea-4489-9582-64d64baf5c84,paid_other,ai_coding_and_infrastructure,99,59,0.5959595959595959,17,7,0.4117647058823529,17,7,False,0.09090909090909091
cf7f04e2-39ea-4489-9582-64d64baf5c84,neural,ai_coding_and_infrastructure,99,258,2.606060606060606,17,32,1.8823529411764706,17,32,False,0.225
cf7f04e2-39ea-4489-9582-64d64baf5c84,specialized,ai_coding_and_infrastructure,99,258,2.606060606060606,17,32,1.8823529411764706,17,32,False,0.225
401c7553-e71f-43b8-84eb-2ffc0c258c4d,original_free,general,105,105,1.0,17,17,1.0,17,17,True,1.0
401c7553-e71f-43b8-84eb-2ffc0c258c4d,paid_brave,general,105,212,2.019047619047619,17,29,1.7058823529411764,17,28,False,0.6071428571428571
401c7553-e71f-43b8-84eb-2ffc0c258c4d,paid_google,general,105,212,2.019047619047619,17,29,1.7058823529411764,17,28,False,0.6071428571428571
401c7553-e71f-43b8-84eb-2ffc0c258c4d,paid_other,general,105,212,2.019047619047619,17,29,1.7058823529411764,17,28,False,0.6071428571428571
401c7553-e71f-43b8-84eb-2ffc0c258c4d,neural,general,105,105,1.0,17,17,1.0,17,17,True,1.0
401c7553-e71f-43b8-84eb-2ffc0c258c4d,specialized,general,105,105,1.0,17,17,1.0,17,17,True,1.0
939318eb-10f0-48e7-b603-329d04fc8dce,original_free,general,108,108,1.0,18,18,1.0,18,18,True,1.0
939318eb-10f0-48e7-b603-329d04fc8dce,paid_brave,general,108,223,2.064814814814815,18,31,1.7222222222222223,18,30,False,0.6
939318eb-10f0-48e7-b603-329d04fc8dce,paid_google,general,108,223,2.064814814814815,18,31,1.7222222222222223,18,30,False,0.6
939318eb-10f0-48e7-b603-329d04fc8dce,paid_other,general,108,223,2.064814814814815,18,31,1.7222222222222223,18,30,False,0.6
939318eb-10f0-48e7-b603-329d04fc8dce,neural,general,108,108,1.0,18,18,1.0,18,18,True,1.0
939318eb-10f0-48e7-b603-329d04fc8dce,specialized,general,108,108,1.0,18,18,1.0,18,18,True,1.0
0d25eaee-5561-4d33-ad7d-d5a69f6aa823,original_free,general,77,77,1.0,12,12,1.0,12,12,True,1.0
0d25eaee-5561-4d33-ad7d-d5a69f6aa823,paid_brave,general,77,75,0.974025974025974,12,11,0.9166666666666666,12,11,False,0.7692307692307693
0d25eaee-5561-4d33-ad7d-d5a69f6aa823,paid_google,general,77,97,1.2597402597402598,12,10,0.8333333333333334,12,10,False,0.29411764705882354
0d25eaee-5561-4d33-ad7d-d5a69f6aa823,paid_other,general,77,75,0.974025974025974,12,11,0.9166666666666666,12,10,False,0.29411764705882354
0d25eaee-5561-4d33-ad7d-d5a69f6aa823,neural,general,77,238,3.090909090909091,12,33,2.75,12,31,False,0.19444444444444445
0d25eaee-5561-4d33-ad7d-d5a69f6aa823,specialized,general,77,238,3.090909090909091,12,33,2.75,12,31,False,0.19444444444444445
bb281ca9-26c6-4882-ac99-ed7a296e0d04,original_free,general,94,94,1.0,14,14,1.0,14,14,True,1.0
bb281ca9-26c6-4882-ac99-ed7a296e0d04,paid_brave,general,94,169,1.797872340425532,14,21,1.5,14,19,False,0.7368421052631579
bb281ca9-26c6-4882-ac99-ed7a296e0d04,paid_google,general,94,169,1.797872340425532,14,21,1.5,14,19,False,0.7368421052631579
bb281ca9-26c6-4882-ac99-ed7a296e0d04,paid_other,general,94,169,1.797872340425532,14,21,1.5,14,19,False,0.7368421052631579
bb281ca9-26c6-4882-ac99-ed7a296e0d04,neural,general,94,94,1.0,14,14,1.0,14,14,True,1.0
bb281ca9-26c6-4882-ac99-ed7a296e0d04,specialized,general,94,94,1.0,14,14,1.0,14,14,True,1.0
4b9df8f2-e4ee-4e76-aa4c-fbef17e78372,original_free,ai_coding_and_infrastructure,83,83,1.0,13,13,1.0,12,12,True,1.0
4b9df8f2-e4ee-4e76-aa4c-fbef17e78372,paid_brave,ai_coding_and_infrastructure,83,197,2.3734939759036147,13,16,1.2307692307692308,12,16,False,0.75
4b9df8f2-e4ee-4e76-aa4c-fbef17e78372,paid_google,ai_coding_and_infrastructure,83,197,2.3734939759036147,13,16,1.2307692307692308,12,16,False,0.75
4b9df8f2-e4ee-4e76-aa4c-fbef17e78372,paid_other,ai_coding_and_infrastructure,83,197,2.3734939759036147,13,16,1.2307692307692308,12,16,False,0.75
4b9df8f2-e4ee-4e76-aa4c-fbef17e78372,neural,ai_coding_and_infrastructure,83,83,1.0,13,13,1.0,12,12,True,1.0
4b9df8f2-e4ee-4e76-aa4c-fbef17e78372,specialized,ai_coding_and_infrastructure,83,83,1.0,13,13,1.0,12,12,True,1.0
f5dea594-6512-4cf1-a421-099115e0e13c,original_free,general,65,65,1.0,11,11,1.0,11,11,True,1.0
f5dea594-6512-4cf1-a421-099115e0e13c,paid_brave,general,65,186,2.8615384615384616,11,19,1.7272727272727273,11,17,False,0.6470588235294118
f5dea594-6512-4cf1-a421-099115e0e13c,paid_google,general,65,186,2.8615384615384616,11,19,1.7272727272727273,11,17,False,0.6470588235294118
f5dea594-6512-4cf1-a421-099115e0e13c,paid_other,general,65,186,2.8615384615384616,11,19,1.7272727272727273,11,17,False,0.6470588235294118
f5dea594-6512-4cf1-a421-099115e0e13c,neural,general,65,65,1.0,11,11,1.0,11,11,True,1.0
f5dea594-6512-4cf1-a421-099115e0e13c,specialized,general,65,65,1.0,11,11,1.0,11,11,True,1.0
aa685ba9-aabd-4fcc-833a-6ddb056b8f79,original_free,general,49,49,1.0,8,8,1.0,8,8,True,1.0
aa685ba9-aabd-4fcc-833a-6ddb056b8f79,paid_brave,general,49,71,1.4489795918367347,8,12,1.5,8,11,False,0.7272727272727273
aa685ba9-aabd-4fcc-833a-6ddb056b8f79,paid_google,general,49,60,1.2244897959183674,8,7,0.875,8,7,False,0.15384615384615385
aa685ba9-aabd-4fcc-833a-6ddb056b8f79,paid_other,general,49,66,1.346938775510204,8,11,1.375,8,11,False,0.35714285714285715
aa685ba9-aabd-4fcc-833a-6ddb056b8f79,neural,general,49,206,4.204081632653061,8,30,3.75,8,30,False,0.22580645161290322
aa685ba9-aabd-4fcc-833a-6ddb056b8f79,specialized,general,49,206,4.204081632653061,8,30,3.75,8,30,False,0.22580645161290322
82bd2d49-f90f-424d-8c32-9fbf70947d20,original_free,general,39,39,1.0,6,6,1.0,6,6,True,1.0
82bd2d49-f90f-424d-8c32-9fbf70947d20,paid_brave,general,39,124,3.1794871794871793,6,8,1.3333333333333333,6,8,False,0.75
82bd2d49-f90f-424d-8c32-9fbf70947d20,paid_google,general,39,124,3.1794871794871793,6,8,1.3333333333333333,6,8,False,0.75
82bd2d49-f90f-424d-8c32-9fbf70947d20,paid_other,general,39,124,3.1794871794871793,6,8,1.3333333333333333,6,8,False,0.75
82bd2d49-f90f-424d-8c32-9fbf70947d20,neural,general,39,39,1.0,6,6,1.0,6,6,True,1.0
82bd2d49-f90f-424d-8c32-9fbf70947d20,specialized,general,39,39,1.0,6,6,1.0,6,6,True,1.0
6db30215-290b-4619-a880-07707854c0c6,original_free,general,48,48,1.0,8,8,1.0,8,8,True,1.0
6db30215-290b-4619-a880-07707854c0c6,paid_brave,general,48,162,3.375,8,16,2.0,8,15,False,0.5333333333333333
6db30215-290b-4619-a880-07707854c0c6,paid_google,general,48,162,3.375,8,16,2.0,8,15,False,0.5333333333333333
6db30215-290b-4619-a880-07707854c0c6,paid_other,general,48,162,3.375,8,16,2.0,8,15,False,0.5333333333333333
6db30215-290b-4619-a880-07707854c0c6,neural,general,48,48,1.0,8,8,1.0,8,8,True,1.0
6db30215-290b-4619-a880-07707854c0c6,specialized,general,48,48,1.0,8,8,1.0,8,8,True,1.0
b5ee3634-3168-458c-9e7a-7f74968c3c6f,original_free,ai_coding_and_infrastructure,76,76,1.0,11,11,1.0,10,10,True,1.0
b5ee3634-3168-458c-9e7a-7f74968c3c6f,paid_brave,ai_coding_and_infrastructure,76,64,0.8421052631578947,11,10,0.9090909090909091,10,9,False,0.46153846153846156
b5ee3634-3168-458c-9e7a-7f74968c3c6f,paid_google,ai_coding_and_infrastructure,76,71,0.9342105263157895,11,10,0.9090909090909091,10,10,False,0.3333333333333333
b5ee3634-3168-458c-9e7a-7f74968c3c6f,paid_other,ai_coding_and_infrastructure,76,84,1.105263157894737,11,11,1.0,10,11,False,0.3125
b5ee3634-3168-458c-9e7a-7f74968c3c6f,neural,ai_coding_and_infrastructure,76,293,3.8552631578947367,11,42,3.8181818181818183,10,42,False,0.18181818181818182
b5ee3634-3168-458c-9e7a-7f74968c3c6f,specialized,ai_coding_and_infrastructure,76,293,3.8552631578947367,11,42,3.8181818181818183,10,42,False,0.18181818181818182
8dcb77d7-d226-4b5f-9c8d-9baa4191d994,original_free,ai_coding_and_infrastructure,78,78,1.0,11,11,1.0,10,10,True,1.0
8dcb77d7-d226-4b5f-9c8d-9baa4191d994,paid_brave,ai_coding_and_infrastructure,78,79,1.0128205128205128,11,11,1.0,10,9,False,0.46153846153846156
8dcb77d7-d226-4b5f-9c8d-9baa4191d994,paid_google,ai_coding_and_infrastructure,78,76,0.9743589743589743,11,10,0.9090909090909091,10,9,False,0.26666666666666666
8dcb77d7-d226-4b5f-9c8d-9baa4191d994,paid_other,ai_coding_and_infrastructure,78,93,1.1923076923076923,11,11,1.0,10,10,False,0.1111111111111111
8dcb77d7-d226-4b5f-9c8d-9baa4191d994,neural,ai_coding_and_infrastructure,78,324,4.153846153846154,11,45,4.090909090909091,10,45,False,0.14583333333333334
8dcb77d7-d226-4b5f-9c8d-9baa4191d994,specialized,ai_coding_and_infrastructure,78,324,4.153846153846154,11,45,4.090909090909091,10,45,False,0.14583333333333334
1ae9cf32-a465-4930-8f93-8ff8e7e372a0,original_free,ai_coding_and_infrastructure,56,56,1.0,8,8,1.0,7,7,True,1.0
1ae9cf32-a465-4930-8f93-8ff8e7e372a0,paid_brave,ai_coding_and_infrastructure,56,59,1.0535714285714286,8,9,1.125,7,7,False,0.4
1ae9cf32-a465-4930-8f93-8ff8e7e372a0,paid_google,ai_coding_and_infrastructure,56,85,1.5178571428571428,8,10,1.25,7,9,False,0.6
1ae9cf32-a465-4930-8f93-8ff8e7e372a0,paid_other,ai_coding_and_infrastructure,56,124,2.2142857142857144,8,16,2.0,7,15,False,0.15789473684210525
1ae9cf32-a465-4930-8f93-8ff8e7e372a0,neural,ai_coding_and_infrastructure,56,364,6.5,8,42,5.25,7,41,False,0.14285714285714285
1ae9cf32-a465-4930-8f93-8ff8e7e372a0,specialized,ai_coding_and_infrastructure,56,364,6.5,8,42,5.25,7,41,False,0.14285714285714285
bd4876b2-7093-43d3-9c3c-a4bdaa2c7f90,original_free,ai_coding_and_infrastructure,78,78,1.0,10,10,1.0,10,10,True,1.0
bd4876b2-7093-43d3-9c3c-a4bdaa2c7f90,paid_brave,ai_coding_and_infrastructure,78,196,2.5128205128205128,10,22,2.2,10,22,False,0.45454545454545453
bd4876b2-7093-43d3-9c3c-a4bdaa2c7f90,paid_google,ai_coding_and_infrastructure,78,196,2.5128205128205128,10,22,2.2,10,22,False,0.45454545454545453
bd4876b2-7093-43d3-9c3c-a4bdaa2c7f90,paid_other,ai_coding_and_infrastructure,78,196,2.5128205128205128,10,22,2.2,10,22,False,0.45454545454545453
bd4876b2-7093-43d3-9c3c-a4bdaa2c7f90,neural,ai_coding_and_infrastructure,78,78,1.0,10,10,1.0,10,10,True,1.0
bd4876b2-7093-43d3-9c3c-a4bdaa2c7f90,specialized,ai_coding_and_infrastructure,78,78,1.0,10,10,1.0,10,10,True,1.0
00e768ca-a5a6-461f-abac-3b5177931001,original_free,ai_coding_and_infrastructure,83,83,1.0,11,11,1.0,11,11,True,1.0
00e768ca-a5a6-461f-abac-3b5177931001,paid_brave,ai_coding_and_infrastructure,83,234,2.819277108433735,11,23,2.090909090909091,11,22,False,0.5
00e768ca-a5a6-461f-abac-3b5177931001,paid_google,ai_coding_and_infrastructure,83,234,2.819277108433735,11,23,2.090909090909091,11,22,False,0.5
00e768ca-a5a6-461f-abac-3b5177931001,paid_other,ai_coding_and_infrastructure,83,234,2.819277108433735,11,23,2.090909090909091,11,22,False,0.5
00e768ca-a5a6-461f-abac-3b5177931001,neural,ai_coding_and_infrastructure,83,83,1.0,11,11,1.0,11,11,True,1.0
00e768ca-a5a6-461f-abac-3b5177931001,specialized,ai_coding_and_infrastructure,83,83,1.0,11,11,1.0,11,11,True,1.0
3708be34-083f-4770-a8df-94eedda24dc3,original_free,ai_coding_and_infrastructure,65,65,1.0,9,9,1.0,9,9,True,1.0
3708be34-083f-4770-a8df-94eedda24dc3,paid_brave,ai_coding_and_infrastructure,65,199,3.0615384615384613,9,22,2.4444444444444446,9,22,False,0.4090909090909091
3708be34-083f-4770-a8df-94eedda24dc3,paid_google,ai_coding_and_infrastructure,65,199,3.0615384615384613,9,22,2.4444444444444446,9,22,False,0.4090909090909091
3708be34-083f-4770-a8df-94eedda24dc3,paid_other,ai_coding_and_infrastructure,65,199,3.0615384615384613,9,22,2.4444444444444446,9,22,False,0.4090909090909091
3708be34-083f-4770-a8df-94eedda24dc3,neural,ai_coding_and_infrastructure,65,65,1.0,9,9,1.0,9,9,True,1.0
3708be34-083f-4770-a8df-94eedda24dc3,specialized,ai_coding_and_infrastructure,65,65,1.0,9,9,1.0,9,9,True,1.0
9d4cf316-3dad-4470-8cd7-960548a3298d,original_free,ai_coding_and_infrastructure,71,71,1.0,10,10,1.0,10,10,True,1.0
9d4cf316-3dad-4470-8cd7-960548a3298d,paid_brave,ai_coding_and_infrastructure,71,72,1.0140845070422535,10,9,0.9,10,8,False,0.5
9d4cf316-3dad-4470-8cd7-960548a3298d,paid_google,ai_coding_and_infrastructure,71,67,0.9436619718309859,10,9,0.9,10,8,False,0.058823529411764705
9d4cf316-3dad-4470-8cd7-960548a3298d,paid_other,ai_coding_and_infrastructure,71,57,0.8028169014084507,10,9,0.9,10,7,False,0.0625
9d4cf316-3dad-4470-8cd7-960548a3298d,neural,ai_coding_and_infrastructure,71,281,3.9577464788732395,10,37,3.7,10,32,False,0.05
9d4cf316-3dad-4470-8cd7-960548a3298d,specialized,ai_coding_and_infrastructure,71,281,3.9577464788732395,10,37,3.7,10,32,False,0.05
45718589-5772-4aec-8576-dc2de07e48e7,original_free,ai_coding_and_infrastructure,76,76,1.0,10,10,1.0,10,10,True,1.0
45718589-5772-4aec-8576-dc2de07e48e7,paid_brave,ai_coding_and_infrastructure,76,169,2.223684210526316,10,19,1.9,10,19,False,0.5263157894736842
45718589-5772-4aec-8576-dc2de07e48e7,paid_google,ai_coding_and_infrastructure,76,169,2.223684210526316,10,19,1.9,10,19,False,0.5263157894736842
45718589-5772-4aec-8576-dc2de07e48e7,paid_other,ai_coding_and_infrastructure,76,169,2.223684210526316,10,19,1.9,10,19,False,0.5263157894736842
45718589-5772-4aec-8576-dc2de07e48e7,neural,ai_coding_and_infrastructure,76,76,1.0,10,10,1.0,10,10,True,1.0
45718589-5772-4aec-8576-dc2de07e48e7,specialized,ai_coding_and_infrastructure,76,76,1.0,10,10,1.0,10,10,True,1.0
6e800075-7e9d-4b89-bcd7-5689ed58a73c,original_free,ai_coding_and_infrastructure,70,70,1.0,10,10,1.0,10,10,True,1.0
6e800075-7e9d-4b89-bcd7-5689ed58a73c,paid_brave,ai_coding_and_infrastructure,70,180,2.5714285714285716,10,17,1.7,10,17,False,0.5882352941176471
6e800075-7e9d-4b89-bcd7-5689ed58a73c,paid_google,ai_coding_and_infrastructure,70,180,2.5714285714285716,10,17,1.7,10,17,False,0.5882352941176471
6e800075-7e9d-4b89-bcd7-5689ed58a73c,paid_other,ai_coding_and_infrastructure,70,180,2.5714285714285716,10,17,1.7,10,17,False,0.5882352941176471
6e800075-7e9d-4b89-bcd7-5689ed58a73c,neural,ai_coding_and_infrastructure,70,70,1.0,10,10,1.0,10,10,True,1.0
6e800075-7e9d-4b89-bcd7-5689ed58a73c,specialized,ai_coding_and_infrastructure,70,70,1.0,10,10,1.0,10,10,True,1.0
f614a284-2bf0-441b-b1c3-b7a2e36afa17,original_free,ai_coding_and_infrastructure,57,57,1.0,8,8,1.0,8,8,True,1.0
f614a284-2bf0-441b-b1c3-b7a2e36afa17,paid_brave,ai_coding_and_infrastructure,57,66,1.1578947368421053,8,9,1.125,8,8,False,0.45454545454545453
f614a284-2bf0-441b-b1c3-b7a2e36afa17,paid_google,ai_coding_and_infrastructure,57,66,1.1578947368421053,8,8,1.0,8,8,False,0.3333333333333333
f614a284-2bf0-441b-b1c3-b7a2e36afa17,paid_other,ai_coding_and_infrastructure,57,79,1.3859649122807018,8,10,1.25,8,9,False,0.3076923076923077
f614a284-2bf0-441b-b1c3-b7a2e36afa17,neural,ai_coding_and_infrastructure,57,252,4.421052631578948,8,33,4.125,8,30,False,0.11764705882352941
f614a284-2bf0-441b-b1c3-b7a2e36afa17,specialized,ai_coding_and_infrastructure,57,252,4.421052631578948,8,33,4.125,8,30,False,0.11764705882352941
bedb0e86-d1b2-4ba0-9433-a83a1b6d67ae,original_free,ai_coding_and_infrastructure,80,80,1.0,11,11,1.0,10,10,True,1.0
bedb0e86-d1b2-4ba0-9433-a83a1b6d67ae,paid_brave,ai_coding_and_infrastructure,80,186,2.325,11,18,1.6363636363636365,10,16,False,0.625
bedb0e86-d1b2-4ba0-9433-a83a1b6d67ae,paid_google,ai_coding_and_infrastructure,80,186,2.325,11,18,1.6363636363636365,10,16,False,0.625
bedb0e86-d1b2-4ba0-9433-a83a1b6d67ae,paid_other,ai_coding_and_infrastructure,80,186,2.325,11,18,1.6363636363636365,10,16,False,0.625
bedb0e86-d1b2-4ba0-9433-a83a1b6d67ae,neural,ai_coding_and_infrastructure,80,80,1.0,11,11,1.0,10,10,True,1.0
bedb0e86-d1b2-4ba0-9433-a83a1b6d67ae,specialized,ai_coding_and_infrastructure,80,80,1.0,11,11,1.0,10,10,True,1.0
67991401-195d-4190-b2be-061a1de9ebf2,original_free,general,68,68,1.0,10,10,1.0,9,9,True,1.0
67991401-195d-4190-b2be-061a1de9ebf2,paid_brave,general,68,172,2.5294117647058822,10,17,1.7,9,15,False,0.6
67991401-195d-4190-b2be-061a1de9ebf2,paid_google,general,68,172,2.5294117647058822,10,17,1.7,9,15,False,0.6
67991401-195d-4190-b2be-061a1de9ebf2,paid_other,general,68,172,2.5294117647058822,10,17,1.7,9,15,False,0.6
67991401-195d-4190-b2be-061a1de9ebf2,neural,general,68,68,1.0,10,10,1.0,9,9,True,1.0
67991401-195d-4190-b2be-061a1de9ebf2,specialized,general,68,68,1.0,10,10,1.0,9,9,True,1.0
ebf51948-4482-405a-bac6-a7e21f1998b7,original_free,ai_coding_and_infrastructure,70,70,1.0,10,10,1.0,10,10,True,1.0
ebf51948-4482-405a-bac6-a7e21f1998b7,paid_brave,ai_coding_and_infrastructure,70,193,2.757142857142857,10,14,1.4,10,14,False,0.7142857142857143
ebf51948-4482-405a-bac6-a7e21f1998b7,paid_google,ai_coding_and_infrastructure,70,193,2.757142857142857,10,14,1.4,10,14,False,0.7142857142857143
ebf51948-4482-405a-bac6-a7e21f1998b7,paid_other,ai_coding_and_infrastructure,70,193,2.757142857142857,10,14,1.4,10,14,False,0.7142857142857143
ebf51948-4482-405a-bac6-a7e21f1998b7,neural,ai_coding_and_infrastructure,70,70,1.0,10,10,1.0,10,10,True,1.0
ebf51948-4482-405a-bac6-a7e21f1998b7,specialized,ai_coding_and_infrastructure,70,70,1.0,10,10,1.0,10,10,True,1.0
5d6e178d-ba86-41d1-ab73-fc79632eb398,original_free,comparison,74,74,1.0,10,10,1.0,10,10,True,1.0
5d6e178d-ba86-41d1-ab73-fc79632eb398,paid_brave,comparison,74,51,0.6891891891891891,10,8,0.8,10,7,False,0.4166666666666667
5d6e178d-ba86-41d1-ab73-fc79632eb398,paid_google,comparison,74,91,1.2297297297297298,10,9,0.9,10,7,False,0.21428571428571427
5d6e178d-ba86-41d1-ab73-fc79632eb398,paid_other,comparison,74,89,1.2027027027027026,10,13,1.3,10,10,False,0.17647058823529413
5d6e178d-ba86-41d1-ab73-fc79632eb398,neural,comparison,74,270,3.6486486486486487,10,34,3.4,10,29,False,0.11428571428571428
5d6e178d-ba86-41d1-ab73-fc79632eb398,specialized,comparison,74,270,3.6486486486486487,10,34,3.4,10,29,False,0.11428571428571428
9fd41c25-3e2f-4bba-abd4-c7a2bb32d723,original_free,ai_coding_and_infrastructure,64,64,1.0,9,9,1.0,9,9,True,1.0
9fd41c25-3e2f-4bba-abd4-c7a2bb32d723,paid_brave,ai_coding_and_infrastructure,64,177,2.765625,9,16,1.7777777777777777,9,16,False,0.5625
9fd41c25-3e2f-4bba-abd4-c7a2bb32d723,paid_google,ai_coding_and_infrastructure,64,177,2.765625,9,16,1.7777777777777777,9,16,False,0.5625
9fd41c25-3e2f-4bba-abd4-c7a2bb32d723,paid_other,ai_coding_and_infrastructure,64,177,2.765625,9,16,1.7777777777777777,9,16,False,0.5625
9fd41c25-3e2f-4bba-abd4-c7a2bb32d723,neural,ai_coding_and_infrastructure,64,64,1.0,9,9,1.0,9,9,True,1.0
9fd41c25-3e2f-4bba-abd4-c7a2bb32d723,specialized,ai_coding_and_infrastructure,64,64,1.0,9,9,1.0,9,9,True,1.0
b4d5524e-2c09-4611-827f-dff2ba9388f4,original_free,ai_coding_and_infrastructure,84,84,1.0,16,16,1.0,15,15,True,1.0
b4d5524e-2c09-4611-827f-dff2ba9388f4,paid_brave,ai_coding_and_infrastructure,84,64,0.7619047619047619,16,8,0.5,15,7,False,0.29411764705882354
b4d5524e-2c09-4611-827f-dff2ba9388f4,paid_google,ai_coding_and_infrastructure,84,76,0.9047619047619048,16,9,0.5625,15,8,False,0.09523809523809523
b4d5524e-2c09-4611-827f-dff2ba9388f4,paid_other,ai_coding_and_infrastructure,84,69,0.8214285714285714,16,10,0.625,15,9,False,0.09090909090909091
b4d5524e-2c09-4611-827f-dff2ba9388f4,neural,ai_coding_and_infrastructure,84,240,2.857142857142857,16,36,2.25,15,36,False,0.275
b4d5524e-2c09-4611-827f-dff2ba9388f4,specialized,ai_coding_and_infrastructure,84,240,2.857142857142857,16,36,2.25,15,36,False,0.275
5c82e586-e6b3-4c65-976b-9d356bce6edb,original_free,general,89,89,1.0,17,17,1.0,17,17,True,1.0
5c82e586-e6b3-4c65-976b-9d356bce6edb,paid_brave,general,89,51,0.5730337078651685,17,8,0.47058823529411764,17,7,False,0.14285714285714285
5c82e586-e6b3-4c65-976b-9d356bce6edb,paid_google,general,89,62,0.6966292134831461,17,8,0.47058823529411764,17,7,False,0.09090909090909091
5c82e586-e6b3-4c65-976b-9d356bce6edb,paid_other,general,89,67,0.7528089887640449,17,9,0.5294117647058824,17,8,False,0.13636363636363635
5c82e586-e6b3-4c65-976b-9d356bce6edb,neural,general,89,239,2.6853932584269664,17,32,1.8823529411764706,17,31,False,0.2
5c82e586-e6b3-4c65-976b-9d356bce6edb,specialized,general,89,239,2.6853932584269664,17,32,1.8823529411764706,17,31,False,0.2
e3790259-51b5-40c6-bda5-7064f09b09c8,original_free,general,82,82,1.0,14,14,1.0,14,14,True,1.0
e3790259-51b5-40c6-bda5-7064f09b09c8,paid_brave,general,82,215,2.6219512195121952,14,25,1.7857142857142858,14,24,False,0.5833333333333334
e3790259-51b5-40c6-bda5-7064f09b09c8,paid_google,general,82,215,2.6219512195121952,14,25,1.7857142857142858,14,24,False,0.5833333333333334
e3790259-51b5-40c6-bda5-7064f09b09c8,paid_other,general,82,215,2.6219512195121952,14,25,1.7857142857142858,14,24,False,0.5833333333333334
e3790259-51b5-40c6-bda5-7064f09b09c8,neural,general,82,82,1.0,14,14,1.0,14,14,True,1.0
e3790259-51b5-40c6-bda5-7064f09b09c8,specialized,general,82,82,1.0,14,14,1.0,14,14,True,1.0
fa1f50f8-62b7-4630-a06a-07d9e0531a98,original_free,ai_coding_and_infrastructure,74,74,1.0,9,9,1.0,9,9,True,1.0
fa1f50f8-62b7-4630-a06a-07d9e0531a98,paid_brave,ai_coding_and_infrastructure,74,69,0.9324324324324325,9,9,1.0,9,8,False,0.5454545454545454
fa1f50f8-62b7-4630-a06a-07d9e0531a98,paid_google,ai_coding_and_infrastructure,74,93,1.2567567567567568,9,10,1.1111111111111112,9,9,False,0.2857142857142857
fa1f50f8-62b7-4630-a06a-07d9e0531a98,paid_other,ai_coding_and_infrastructure,74,100,1.3513513513513513,9,12,1.3333333333333333,9,12,False,0.4
fa1f50f8-62b7-4630-a06a-07d9e0531a98,neural,ai_coding_and_infrastructure,74,280,3.7837837837837838,9,35,3.888888888888889,9,34,False,0.13157894736842105
fa1f50f8-62b7-4630-a06a-07d9e0531a98,specialized,ai_coding_and_infrastructure,74,280,3.7837837837837838,9,35,3.888888888888889,9,34,False,0.13157894736842105
e282f473-753b-4349-b8ce-14706e92654f,original_free,ai_coding_and_infrastructure,68,68,1.0,10,10,1.0,10,10,True,1.0
e282f473-753b-4349-b8ce-14706e92654f,paid_brave,ai_coding_and_infrastructure,68,188,2.764705882352941,10,21,2.1,10,20,False,0.5
e282f473-753b-4349-b8ce-14706e92654f,paid_google,ai_coding_and_infrastructure,68,188,2.764705882352941,10,21,2.1,10,20,False,0.5
e282f473-753b-4349-b8ce-14706e92654f,paid_other,ai_coding_and_infrastructure,68,188,2.764705882352941,10,21,2.1,10,20,False,0.5
e282f473-753b-4349-b8ce-14706e92654f,neural,ai_coding_and_infrastructure,68,68,1.0,10,10,1.0,10,10,True,1.0
e282f473-753b-4349-b8ce-14706e92654f,specialized,ai_coding_and_infrastructure,68,68,1.0,10,10,1.0,10,10,True,1.0
f6569c08-77a1-4bd7-8693-31bbb2e1da2d,original_free,ai_coding_and_infrastructure,72,72,1.0,10,10,1.0,10,10,True,1.0
f6569c08-77a1-4bd7-8693-31bbb2e1da2d,paid_brave,ai_coding_and_infrastructure,72,65,0.9027777777777778,10,9,0.9,10,8,False,0.5
f6569c08-77a1-4bd7-8693-31bbb2e1da2d,paid_google,ai_coding_and_infrastructure,72,74,1.0277777777777777,10,10,1.0,10,10,False,0.42857142857142855
f6569c08-77a1-4bd7-8693-31bbb2e1da2d,paid_other,ai_coding_and_infrastructure,72,75,1.0416666666666667,10,10,1.0,10,9,False,0.46153846153846156
f6569c08-77a1-4bd7-8693-31bbb2e1da2d,neural,ai_coding_and_infrastructure,72,277,3.8472222222222223,10,40,4.0,10,40,False,0.13636363636363635
f6569c08-77a1-4bd7-8693-31bbb2e1da2d,specialized,ai_coding_and_infrastructure,72,277,3.8472222222222223,10,40,4.0,10,40,False,0.13636363636363635
fd3c2ef7-9655-4f1e-ae8b-8af79d724ae2,original_free,ai_coding_and_infrastructure,68,68,1.0,10,10,1.0,9,9,True,1.0
fd3c2ef7-9655-4f1e-ae8b-8af79d724ae2,paid_brave,ai_coding_and_infrastructure,68,49,0.7205882352941176,10,8,0.8,9,6,False,0.36363636363636365
fd3c2ef7-9655-4f1e-ae8b-8af79d724ae2,paid_google,ai_coding_and_infrastructure,68,70,1.0294117647058822,10,8,0.8,9,7,False,0.3333333333333333
fd3c2ef7-9655-4f1e-ae8b-8af79d724ae2,paid_other,ai_coding_and_infrastructure,68,65,0.9558823529411765,10,9,0.9,9,9,False,0.5
fd3c2ef7-9655-4f1e-ae8b-8af79d724ae2,neural,ai_coding_and_infrastructure,68,275,4.044117647058823,10,37,3.7,9,35,False,0.1282051282051282
fd3c2ef7-9655-4f1e-ae8b-8af79d724ae2,specialized,ai_coding_and_infrastructure,68,275,4.044117647058823,10,37,3.7,9,35,False,0.1282051282051282
b61a8ced-cd6d-4d40-a811-ab3ccf1dbed8,original_free,ai_coding_and_infrastructure,67,67,1.0,9,9,1.0,9,9,True,1.0
b61a8ced-cd6d-4d40-a811-ab3ccf1dbed8,paid_brave,ai_coding_and_infrastructure,67,205,3.0597014925373136,9,14,1.5555555555555556,9,15,False,0.6
b61a8ced-cd6d-4d40-a811-ab3ccf1dbed8,paid_google,ai_coding_and_infrastructure,67,205,3.0597014925373136,9,14,1.5555555555555556,9,15,False,0.6
b61a8ced-cd6d-4d40-a811-ab3ccf1dbed8,paid_other,ai_coding_and_infrastructure,67,205,3.0597014925373136,9,14,1.5555555555555556,9,15,False,0.6
b61a8ced-cd6d-4d40-a811-ab3ccf1dbed8,neural,ai_coding_and_infrastructure,67,67,1.0,9,9,1.0,9,9,True,1.0
b61a8ced-cd6d-4d40-a811-ab3ccf1dbed8,specialized,ai_coding_and_infrastructure,67,67,1.0,9,9,1.0,9,9,True,1.0
541c632f-7dd6-41b4-9342-c7b54f3720b6,original_free,ai_coding_and_infrastructure,65,65,1.0,8,8,1.0,8,8,True,1.0
541c632f-7dd6-41b4-9342-c7b54f3720b6,paid_brave,ai_coding_and_infrastructure,65,217,3.3384615384615386,8,13,1.625,8,14,False,0.5714285714285714
541c632f-7dd6-41b4-9342-c7b54f3720b6,paid_google,ai_coding_and_infrastructure,65,217,3.3384615384615386,8,13,1.625,8,14,False,0.5714285714285714
541c632f-7dd6-41b4-9342-c7b54f3720b6,paid_other,ai_coding_and_infrastructure,65,217,3.3384615384615386,8,13,1.625,8,14,False,0.5714285714285714
541c632f-7dd6-41b4-9342-c7b54f3720b6,neural,ai_coding_and_infrastructure,65,65,1.0,8,8,1.0,8,8,True,1.0
541c632f-7dd6-41b4-9342-c7b54f3720b6,specialized,ai_coding_and_infrastructure,65,65,1.0,8,8,1.0,8,8,True,1.0
7680d93d-7317-4b91-a53f-9d31db3bb5f0,original_free,ai_coding_and_infrastructure,107,107,1.0,15,15,1.0,14,14,True,1.0
7680d93d-7317-4b91-a53f-9d31db3bb5f0,paid_brave,ai_coding_and_infrastructure,107,44,0.411214953271028,15,5,0.3333333333333333,14,4,False,0.125
7680d93d-7317-4b91-a53f-9d31db3bb5f0,paid_google,ai_coding_and_infrastructure,107,76,0.7102803738317757,15,11,0.7333333333333333,14,10,False,0.3333333333333333
7680d93d-7317-4b91-a53f-9d31db3bb5f0,paid_other,ai_coding_and_infrastructure,107,73,0.6822429906542056,15,9,0.6,14,9,False,0.15
7680d93d-7317-4b91-a53f-9d31db3bb5f0,neural,ai_coding_and_infrastructure,107,233,2.177570093457944,15,31,2.066666666666667,14,31,False,0.21621621621621623
7680d93d-7317-4b91-a53f-9d31db3bb5f0,specialized,ai_coding_and_infrastructure,107,233,2.177570093457944,15,31,2.066666666666667,14,31,False,0.21621621621621623
29998019-40f5-4757-a30d-059fa8782236,original_free,ai_coding_and_infrastructure,89,89,1.0,11,11,1.0,11,11,True,1.0
29998019-40f5-4757-a30d-059fa8782236,paid_brave,ai_coding_and_infrastructure,89,61,0.6853932584269663,11,8,0.7272727272727273,11,8,False,0.5833333333333334
29998019-40f5-4757-a30d-059fa8782236,paid_google,ai_coding_and_infrastructure,89,68,0.7640449438202247,11,8,0.7272727272727273,11,8,False,0.1875
29998019-40f5-4757-a30d-059fa8782236,paid_other,ai_coding_and_infrastructure,89,59,0.6629213483146067,11,9,0.8181818181818182,11,8,False,0.1875
29998019-40f5-4757-a30d-059fa8782236,neural,ai_coding_and_infrastructure,89,218,2.449438202247191,11,33,3.0,11,33,False,0.15789473684210525
29998019-40f5-4757-a30d-059fa8782236,specialized,ai_coding_and_infrastructure,89,218,2.449438202247191,11,33,3.0,11,33,False,0.15789473684210525
17ea1326-b8c3-4859-ae9a-c6412f38f1e0,original_free,general,89,89,1.0,11,11,1.0,11,11,True,1.0
17ea1326-b8c3-4859-ae9a-c6412f38f1e0,paid_brave,general,89,212,2.3820224719101124,11,17,1.5454545454545454,11,16,False,0.6875
17ea1326-b8c3-4859-ae9a-c6412f38f1e0,paid_google,general,89,212,2.3820224719101124,11,17,1.5454545454545454,11,16,False,0.6875
17ea1326-b8c3-4859-ae9a-c6412f38f1e0,paid_other,general,89,212,2.3820224719101124,11,17,1.5454545454545454,11,16,False,0.6875
17ea1326-b8c3-4859-ae9a-c6412f38f1e0,neural,general,89,89,1.0,11,11,1.0,11,11,True,1.0
17ea1326-b8c3-4859-ae9a-c6412f38f1e0,specialized,general,89,89,1.0,11,11,1.0,11,11,True,1.0
e6e1e46f-a31d-4b20-a296-f5a75995f2c9,original_free,ai_coding_and_infrastructure,79,79,1.0,11,11,1.0,10,10,True,1.0
e6e1e46f-a31d-4b20-a296-f5a75995f2c9,paid_brave,ai_coding_and_infrastructure,79,209,2.6455696202531644,11,18,1.6363636363636365,10,16,False,0.625
e6e1e46f-a31d-4b20-a296-f5a75995f2c9,paid_google,ai_coding_and_infrastructure,79,209,2.6455696202531644,11,18,1.6363636363636365,10,16,False,0.625
e6e1e46f-a31d-4b20-a296-f5a75995f2c9,paid_other,ai_coding_and_infrastructure,79,209,2.6455696202531644,11,18,1.6363636363636365,10,16,False,0.625
e6e1e46f-a31d-4b20-a296-f5a75995f2c9,neural,ai_coding_and_infrastructure,79,79,1.0,11,11,1.0,10,10,True,1.0
e6e1e46f-a31d-4b20-a296-f5a75995f2c9,specialized,ai_coding_and_infrastructure,79,79,1.0,11,11,1.0,10,10,True,1.0
a3333df6-55b4-46e3-ab29-aca3a63dd05b,original_free,ai_coding_and_infrastructure,82,82,1.0,10,10,1.0,10,10,True,1.0
a3333df6-55b4-46e3-ab29-aca3a63dd05b,paid_brave,ai_coding_and_infrastructure,82,80,0.975609756097561,10,11,1.1,10,9,False,0.35714285714285715
a3333df6-55b4-46e3-ab29-aca3a63dd05b,paid_google,ai_coding_and_infrastructure,82,58,0.7073170731707317,10,7,0.7,10,7,False,0.21428571428571427
a3333df6-55b4-46e3-ab29-aca3a63dd05b,paid_other,ai_coding_and_infrastructure,82,67,0.8170731707317073,10,7,0.7,10,7,False,0.4166666666666667
a3333df6-55b4-46e3-ab29-aca3a63dd05b,neural,ai_coding_and_infrastructure,82,280,3.4146341463414633,10,35,3.5,10,35,False,0.15384615384615385
a3333df6-55b4-46e3-ab29-aca3a63dd05b,specialized,ai_coding_and_infrastructure,82,280,3.4146341463414633,10,35,3.5,10,35,False,0.15384615384615385
e43cd97d-2689-4ec1-b010-25771fd1525a,original_free,ai_coding_and_infrastructure,63,63,1.0,10,10,1.0,10,10,True,1.0
e43cd97d-2689-4ec1-b010-25771fd1525a,paid_brave,ai_coding_and_infrastructure,63,62,0.9841269841269841,10,10,1.0,10,9,False,0.5833333333333334
e43cd97d-2689-4ec1-b010-25771fd1525a,paid_google,ai_coding_and_infrastructure,63,60,0.9523809523809523,10,8,0.8,10,8,False,0.5
e43cd97d-2689-4ec1-b010-25771fd1525a,paid_other,ai_coding_and_infrastructure,63,52,0.8253968253968254,10,8,0.8,10,8,False,0.2857142857142857
e43cd97d-2689-4ec1-b010-25771fd1525a,neural,ai_coding_and_infrastructure,63,227,3.6031746031746033,10,31,3.1,10,31,False,0.24242424242424243
e43cd97d-2689-4ec1-b010-25771fd1525a,specialized,ai_coding_and_infrastructure,63,227,3.6031746031746033,10,31,3.1,10,31,False,0.24242424242424243
3d9272d7-c886-4fb7-9905-48dba8fef9b9,original_free,ai_coding_and_infrastructure,78,78,1.0,9,9,1.0,8,8,True,1.0
3d9272d7-c886-4fb7-9905-48dba8fef9b9,paid_brave,ai_coding_and_infrastructure,78,205,2.628205128205128,9,19,2.111111111111111,8,18,False,0.4444444444444444
3d9272d7-c886-4fb7-9905-48dba8fef9b9,paid_google,ai_coding_and_infrastructure,78,205,2.628205128205128,9,19,2.111111111111111,8,18,False,0.4444444444444444
3d9272d7-c886-4fb7-9905-48dba8fef9b9,paid_other,ai_coding_and_infrastructure,78,205,2.628205128205128,9,19,2.111111111111111,8,18,False,0.4444444444444444
3d9272d7-c886-4fb7-9905-48dba8fef9b9,neural,ai_coding_and_infrastructure,78,78,1.0,9,9,1.0,8,8,True,1.0
3d9272d7-c886-4fb7-9905-48dba8fef9b9,specialized,ai_coding_and_infrastructure,78,78,1.0,9,9,1.0,8,8,True,1.0
ba915f64-fe99-44e5-b19f-a63c51035e83,original_free,ai_coding_and_infrastructure,77,77,1.0,10,10,1.0,10,10,True,1.0
ba915f64-fe99-44e5-b19f-a63c51035e83,paid_brave,ai_coding_and_infrastructure,77,82,1.0649350649350648,10,11,1.1,10,10,False,0.5384615384615384
ba915f64-fe99-44e5-b19f-a63c51035e83,paid_google,ai_coding_and_infrastructure,77,69,0.8961038961038961,10,9,0.9,10,9,False,0.7272727272727273
ba915f64-fe99-44e5-b19f-a63c51035e83,paid_other,ai_coding_and_infrastructure,77,62,0.8051948051948052,10,8,0.8,10,8,False,0.2857142857142857
ba915f64-fe99-44e5-b19f-a63c51035e83,neural,ai_coding_and_infrastructure,77,273,3.5454545454545454,10,36,3.6,10,36,False,0.12195121951219512
ba915f64-fe99-44e5-b19f-a63c51035e83,specialized,ai_coding_and_infrastructure,77,273,3.5454545454545454,10,36,3.6,10,36,False,0.12195121951219512
7cc0100d-8f47-4eac-9df2-907791e3eb64,original_free,ai_coding_and_infrastructure,71,71,1.0,9,9,1.0,9,9,True,1.0
7cc0100d-8f47-4eac-9df2-907791e3eb64,paid_brave,ai_coding_and_infrastructure,71,58,0.8169014084507042,9,8,0.8888888888888888,9,7,False,0.45454545454545453
7cc0100d-8f47-4eac-9df2-907791e3eb64,paid_google,ai_coding_and_infrastructure,71,47,0.6619718309859155,9,6,0.6666666666666666,9,6,False,0.36363636363636365
7cc0100d-8f47-4eac-9df2-907791e3eb64,paid_other,ai_coding_and_infrastructure,71,62,0.8732394366197183,9,8,0.8888888888888888,9,8,False,0.4166666666666667
7cc0100d-8f47-4eac-9df2-907791e3eb64,neural,ai_coding_and_infrastructure,71,245,3.4507042253521125,9,32,3.5555555555555554,9,31,False,0.08108108108108109
7cc0100d-8f47-4eac-9df2-907791e3eb64,specialized,ai_coding_and_infrastructure,71,245,3.4507042253521125,9,32,3.5555555555555554,9,31,False,0.08108108108108109
f58b0287-c317-49b2-a579-1d4572bd20b7,original_free,ai_coding_and_infrastructure,82,82,1.0,13,13,1.0,11,11,True,1.0
f58b0287-c317-49b2-a579-1d4572bd20b7,paid_brave,ai_coding_and_infrastructure,82,205,2.5,13,20,1.5384615384615385,11,18,False,0.6111111111111112
f58b0287-c317-49b2-a579-1d4572bd20b7,paid_google,ai_coding_and_infrastructure,82,205,2.5,13,20,1.5384615384615385,11,18,False,0.6111111111111112
f58b0287-c317-49b2-a579-1d4572bd20b7,paid_other,ai_coding_and_infrastructure,82,205,2.5,13,20,1.5384615384615385,11,18,False,0.6111111111111112
f58b0287-c317-49b2-a579-1d4572bd20b7,neural,ai_coding_and_infrastructure,82,82,1.0,13,13,1.0,11,11,True,1.0
f58b0287-c317-49b2-a579-1d4572bd20b7,specialized,ai_coding_and_infrastructure,82,82,1.0,13,13,1.0,11,11,True,1.0
15b42d8a-31f9-47e0-88f1-8919c53fefba,original_free,comparison,83,83,1.0,11,11,1.0,11,11,True,1.0
15b42d8a-31f9-47e0-88f1-8919c53fefba,paid_brave,comparison,83,206,2.4819277108433737,11,15,1.3636363636363635,11,15,False,0.7333333333333333
15b42d8a-31f9-47e0-88f1-8919c53fefba,paid_google,comparison,83,206,2.4819277108433737,11,15,1.3636363636363635,11,15,False,0.7333333333333333
15b42d8a-31f9-47e0-88f1-8919c53fefba,paid_other,comparison,83,206,2.4819277108433737,11,15,1.3636363636363635,11,15,False,0.7333333333333333
15b42d8a-31f9-47e0-88f1-8919c53fefba,neural,comparison,83,83,1.0,11,11,1.0,11,11,True,1.0
15b42d8a-31f9-47e0-88f1-8919c53fefba,specialized,comparison,83,83,1.0,11,11,1.0,11,11,True,1.0
a101f6c8-b287-4ffa-9d04-be397c238321,original_free,ai_coding_and_infrastructure,63,63,1.0,8,8,1.0,8,8,True,1.0
a101f6c8-b287-4ffa-9d04-be397c238321,paid_brave,ai_coding_and_infrastructure,63,46,0.7301587301587301,8,7,0.875,8,6,False,0.4
a101f6c8-b287-4ffa-9d04-be397c238321,paid_google,ai_coding_and_infrastructure,63,59,0.9365079365079365,8,8,1.0,8,8,False,0.6
a101f6c8-b287-4ffa-9d04-be397c238321,paid_other,ai_coding_and_infrastructure,63,56,0.8888888888888888,8,8,1.0,8,8,False,0.45454545454545453
a101f6c8-b287-4ffa-9d04-be397c238321,neural,ai_coding_and_infrastructure,63,232,3.6825396825396823,8,33,4.125,8,33,False,0.10810810810810811
a101f6c8-b287-4ffa-9d04-be397c238321,specialized,ai_coding_and_infrastructure,63,232,3.6825396825396823,8,33,4.125,8,33,False,0.10810810810810811
fed7457b-4468-403c-bae4-893d1836ab3c,original_free,ai_coding_and_infrastructure,66,66,1.0,9,9,1.0,9,9,True,1.0
fed7457b-4468-403c-bae4-893d1836ab3c,paid_brave,ai_coding_and_infrastructure,66,33,0.5,9,5,0.5555555555555556,9,5,False,0.5555555555555556
fed7457b-4468-403c-bae4-893d1836ab3c,paid_google,ai_coding_and_infrastructure,66,66,1.0,9,9,1.0,9,8,False,0.4166666666666667
fed7457b-4468-403c-bae4-893d1836ab3c,paid_other,ai_coding_and_infrastructure,66,61,0.9242424242424242,9,8,0.8888888888888888,9,8,False,0.5454545454545454
fed7457b-4468-403c-bae4-893d1836ab3c,neural,ai_coding_and_infrastructure,66,245,3.712121212121212,9,36,4.0,9,34,False,0.16216216216216217
fed7457b-4468-403c-bae4-893d1836ab3c,specialized,ai_coding_and_infrastructure,66,245,3.712121212121212,9,36,4.0,9,34,False,0.16216216216216217
0cecc4ef-f05b-4253-8240-6f3d49501026,original_free,ai_coding_and_infrastructure,74,74,1.0,11,11,1.0,10,10,True,1.0
0cecc4ef-f05b-4253-8240-6f3d49501026,paid_brave,ai_coding_and_infrastructure,74,197,2.6621621621621623,11,15,1.3636363636363635,10,14,False,0.7142857142857143
0cecc4ef-f05b-4253-8240-6f3d49501026,paid_google,ai_coding_and_infrastructure,74,197,2.6621621621621623,11,15,1.3636363636363635,10,14,False,0.7142857142857143
0cecc4ef-f05b-4253-8240-6f3d49501026,paid_other,ai_coding_and_infrastructure,74,197,2.6621621621621623,11,15,1.3636363636363635,10,14,False,0.7142857142857143
0cecc4ef-f05b-4253-8240-6f3d49501026,neural,ai_coding_and_infrastructure,74,74,1.0,11,11,1.0,10,10,True,1.0
0cecc4ef-f05b-4253-8240-6f3d49501026,specialized,ai_coding_and_infrastructure,74,74,1.0,11,11,1.0,10,10,True,1.0
20157b1a-a4a2-42d5-94fb-b25b1d6faebc,original_free,ai_coding_and_infrastructure,88,88,1.0,14,14,1.0,13,13,True,1.0
20157b1a-a4a2-42d5-94fb-b25b1d6faebc,paid_brave,ai_coding_and_infrastructure,88,71,0.8068181818181818,14,11,0.7857142857142857,13,10,False,0.35294117647058826
20157b1a-a4a2-42d5-94fb-b25b1d6faebc,paid_google,ai_coding_and_infrastructure,88,87,0.9886363636363636,14,10,0.7142857142857143,13,9,False,0.15789473684210525
20157b1a-a4a2-42d5-94fb-b25b1d6faebc,paid_other,ai_coding_and_infrastructure,88,60,0.6818181818181818,14,8,0.5714285714285714,13,7,False,0.17647058823529413
20157b1a-a4a2-42d5-94fb-b25b1d6faebc,neural,ai_coding_and_infrastructure,88,270,3.0681818181818183,14,36,2.5714285714285716,13,35,False,0.17073170731707318
20157b1a-a4a2-42d5-94fb-b25b1d6faebc,specialized,ai_coding_and_infrastructure,88,270,3.0681818181818183,14,36,2.5714285714285716,13,35,False,0.17073170731707318
ebcc4130-770d-426b-9939-caf97419af9d,original_free,ai_coding_and_infrastructure,74,74,1.0,10,10,1.0,9,9,True,1.0
ebcc4130-770d-426b-9939-caf97419af9d,paid_brave,ai_coding_and_infrastructure,74,58,0.7837837837837838,10,9,0.9,9,7,False,0.45454545454545453
ebcc4130-770d-426b-9939-caf97419af9d,paid_google,ai_coding_and_infrastructure,74,67,0.9054054054054054,10,8,0.8,9,7,False,0.6
ebcc4130-770d-426b-9939-caf97419af9d,paid_other,ai_coding_and_infrastructure,74,60,0.8108108108108109,10,8,0.8,9,7,False,0.6
ebcc4130-770d-426b-9939-caf97419af9d,neural,ai_coding_and_infrastructure,74,239,3.22972972972973,10,35,3.5,9,35,False,0.1282051282051282
ebcc4130-770d-426b-9939-caf97419af9d,specialized,ai_coding_and_infrastructure,74,239,3.22972972972973,10,35,3.5,9,35,False,0.1282051282051282
efe7b586-4d3e-46d5-85fc-48f9ba213c27,original_free,ai_coding_and_infrastructure,82,82,1.0,10,10,1.0,10,10,True,1.0
efe7b586-4d3e-46d5-85fc-48f9ba213c27,paid_brave,ai_coding_and_infrastructure,82,209,2.548780487804878,10,16,1.6,10,16,False,0.625
efe7b586-4d3e-46d5-85fc-48f9ba213c27,paid_google,ai_coding_and_infrastructure,82,209,2.548780487804878,10,16,1.6,10,16,False,0.625
efe7b586-4d3e-46d5-85fc-48f9ba213c27,paid_other,ai_coding_and_infrastructure,82,209,2.548780487804878,10,16,1.6,10,16,False,0.625
efe7b586-4d3e-46d5-85fc-48f9ba213c27,neural,ai_coding_and_infrastructure,82,82,1.0,10,10,1.0,10,10,True,1.0
efe7b586-4d3e-46d5-85fc-48f9ba213c27,specialized,ai_coding_and_infrastructure,82,82,1.0,10,10,1.0,10,10,True,1.0
09e08bde-9670-4f6f-98b1-0f80b2106b05,original_free,ai_coding_and_infrastructure,66,66,1.0,9,9,1.0,9,9,True,1.0
09e08bde-9670-4f6f-98b1-0f80b2106b05,paid_brave,ai_coding_and_infrastructure,66,53,0.803030303030303,9,9,1.0,9,8,False,0.5454545454545454
09e08bde-9670-4f6f-98b1-0f80b2106b05,paid_google,ai_coding_and_infrastructure,66,61,0.9242424242424242,9,8,0.8888888888888888,9,8,False,0.5454545454545454
09e08bde-9670-4f6f-98b1-0f80b2106b05,paid_other,ai_coding_and_infrastructure,66,56,0.8484848484848485,9,8,0.8888888888888888,9,8,False,0.3076923076923077
09e08bde-9670-4f6f-98b1-0f80b2106b05,neural,ai_coding_and_infrastructure,66,304,4.606060606060606,9,41,4.555555555555555,9,38,False,0.11904761904761904
09e08bde-9670-4f6f-98b1-0f80b2106b05,specialized,ai_coding_and_infrastructure,66,304,4.606060606060606,9,41,4.555555555555555,9,38,False,0.11904761904761904
c0e4463b-1ce2-4e69-8592-42b5ffa61f50,original_free,ai_coding_and_infrastructure,70,70,1.0,10,10,1.0,10,10,True,1.0
c0e4463b-1ce2-4e69-8592-42b5ffa61f50,paid_brave,ai_coding_and_infrastructure,70,75,1.0714285714285714,10,11,1.1,10,10,False,0.6666666666666666
c0e4463b-1ce2-4e69-8592-42b5ffa61f50,paid_google,ai_coding_and_infrastructure,70,80,1.1428571428571428,10,9,0.9,10,8,False,0.2
c0e4463b-1ce2-4e69-8592-42b5ffa61f50,paid_other,ai_coding_and_infrastructure,70,76,1.0857142857142856,10,10,1.0,10,9,False,0.35714285714285715
c0e4463b-1ce2-4e69-8592-42b5ffa61f50,neural,ai_coding_and_infrastructure,70,251,3.585714285714286,10,40,4.0,10,39,False,0.16666666666666666
c0e4463b-1ce2-4e69-8592-42b5ffa61f50,specialized,ai_coding_and_infrastructure,70,251,3.585714285714286,10,40,4.0,10,39,False,0.16666666666666666
887d7b7e-3572-47e4-b2ac-d06b8dcbea78,original_free,ai_coding_and_infrastructure,77,77,1.0,10,10,1.0,10,10,True,1.0
887d7b7e-3572-47e4-b2ac-d06b8dcbea78,paid_brave,ai_coding_and_infrastructure,77,197,2.5584415584415585,10,16,1.6,10,16,False,0.625
887d7b7e-3572-47e4-b2ac-d06b8dcbea78,paid_google,ai_coding_and_infrastructure,77,197,2.5584415584415585,10,16,1.6,10,16,False,0.625
887d7b7e-3572-47e4-b2ac-d06b8dcbea78,paid_other,ai_coding_and_infrastructure,77,197,2.5584415584415585,10,16,1.6,10,16,False,0.625
887d7b7e-3572-47e4-b2ac-d06b8dcbea78,neural,ai_coding_and_infrastructure,77,77,1.0,10,10,1.0,10,10,True,1.0
887d7b7e-3572-47e4-b2ac-d06b8dcbea78,specialized,ai_coding_and_infrastructure,77,77,1.0,10,10,1.0,10,10,True,1.0
121471e2-68bc-4724-9c88-ae5d8b7cb005,original_free,ai_coding_and_infrastructure,64,64,1.0,10,10,1.0,10,10,True,1.0
121471e2-68bc-4724-9c88-ae5d8b7cb005,paid_brave,ai_coding_and_infrastructure,64,189,2.953125,10,18,1.8,10,18,False,0.5555555555555556
121471e2-68bc-4724-9c88-ae5d8b7cb005,paid_google,ai_coding_and_infrastructure,64,189,2.953125,10,18,1.8,10,18,False,0.5555555555555556
121471e2-68bc-4724-9c88-ae5d8b7cb005,paid_other,ai_coding_and_infrastructure,64,189,2.953125,10,18,1.8,10,18,False,0.5555555555555556
121471e2-68bc-4724-9c88-ae5d8b7cb005,neural,ai_coding_and_infrastructure,64,64,1.0,10,10,1.0,10,10,True,1.0
121471e2-68bc-4724-9c88-ae5d8b7cb005,specialized,ai_coding_and_infrastructure,64,64,1.0,10,10,1.0,10,10,True,1.0
9d2375b8-5734-4b60-a8b8-fb15ad5fe2b7,original_free,ai_coding_and_infrastructure,63,63,1.0,8,8,1.0,8,8,True,1.0
9d2375b8-5734-4b60-a8b8-fb15ad5fe2b7,paid_brave,ai_coding_and_infrastructure,63,55,0.873015873015873,8,8,1.0,8,7,False,0.5
9d2375b8-5734-4b60-a8b8-fb15ad5fe2b7,paid_google,ai_coding_and_infrastructure,63,48,0.7619047619047619,8,6,0.75,8,5,False,0.18181818181818182
9d2375b8-5734-4b60-a8b8-fb15ad5fe2b7,paid_other,ai_coding_and_infrastructure,63,52,0.8253968253968254,8,7,0.875,8,7,False,0.36363636363636365
9d2375b8-5734-4b60-a8b8-fb15ad5fe2b7,neural,ai_coding_and_infrastructure,63,267,4.238095238095238,8,34,4.25,8,34,False,0.16666666666666666
9d2375b8-5734-4b60-a8b8-fb15ad5fe2b7,specialized,ai_coding_and_infrastructure,63,267,4.238095238095238,8,34,4.25,8,34,False,0.16666666666666666
26c97e89-5440-43ef-9cca-3088c179a843,original_free,ai_coding_and_infrastructure,63,63,1.0,9,9,1.0,9,9,True,1.0
26c97e89-5440-43ef-9cca-3088c179a843,paid_brave,ai_coding_and_infrastructure,63,43,0.6825396825396826,9,7,0.7777777777777778,9,6,False,0.36363636363636365
26c97e89-5440-43ef-9cca-3088c179a843,paid_google,ai_coding_and_infrastructure,63,88,1.3968253968253967,9,11,1.2222222222222223,9,10,False,0.46153846153846156
26c97e89-5440-43ef-9cca-3088c179a843,paid_other,ai_coding_and_infrastructure,63,69,1.0952380952380953,9,11,1.2222222222222223,9,10,False,0.11764705882352941
26c97e89-5440-43ef-9cca-3088c179a843,neural,ai_coding_and_infrastructure,63,262,4.158730158730159,9,32,3.5555555555555554,9,32,False,0.17142857142857143
26c97e89-5440-43ef-9cca-3088c179a843,specialized,ai_coding_and_infrastructure,63,262,4.158730158730159,9,32,3.5555555555555554,9,32,False,0.17142857142857143
fcde020f-afc2-4318-8d2a-5065907f020e,original_free,ai_coding_and_infrastructure,54,54,1.0,8,8,1.0,8,8,True,1.0
fcde020f-afc2-4318-8d2a-5065907f020e,paid_brave,ai_coding_and_infrastructure,54,200,3.7037037037037037,8,17,2.125,8,17,False,0.47058823529411764
fcde020f-afc2-4318-8d2a-5065907f020e,paid_google,ai_coding_and_infrastructure,54,200,3.7037037037037037,8,17,2.125,8,17,False,0.47058823529411764
fcde020f-afc2-4318-8d2a-5065907f020e,paid_other,ai_coding_and_infrastructure,54,200,3.7037037037037037,8,17,2.125,8,17,False,0.47058823529411764
fcde020f-afc2-4318-8d2a-5065907f020e,neural,ai_coding_and_infrastructure,54,54,1.0,8,8,1.0,8,8,True,1.0
fcde020f-afc2-4318-8d2a-5065907f020e,specialized,ai_coding_and_infrastructure,54,54,1.0,8,8,1.0,8,8,True,1.0
fd6b676e-8705-4e3e-8ecf-ca6eac2d058e,original_free,ai_coding_and_infrastructure,91,91,1.0,10,10,1.0,10,10,True,1.0
fd6b676e-8705-4e3e-8ecf-ca6eac2d058e,paid_brave,ai_coding_and_infrastructure,91,217,2.3846153846153846,10,19,1.9,10,19,False,0.5263157894736842
fd6b676e-8705-4e3e-8ecf-ca6eac2d058e,paid_google,ai_coding_and_infrastructure,91,217,2.3846153846153846,10,19,1.9,10,19,False,0.5263157894736842
fd6b676e-8705-4e3e-8ecf-ca6eac2d058e,paid_other,ai_coding_and_infrastructure,91,217,2.3846153846153846,10,19,1.9,10,19,False,0.5263157894736842
fd6b676e-8705-4e3e-8ecf-ca6eac2d058e,neural,ai_coding_and_infrastructure,91,91,1.0,10,10,1.0,10,10,True,1.0
fd6b676e-8705-4e3e-8ecf-ca6eac2d058e,specialized,ai_coding_and_infrastructure,91,91,1.0,10,10,1.0,10,10,True,1.0
ba6dc6b6-dbf7-4588-b83c-1c1becc97eae,original_free,ai_coding_and_infrastructure,78,78,1.0,11,11,1.0,10,10,True,1.0
ba6dc6b6-dbf7-4588-b83c-1c1becc97eae,paid_brave,ai_coding_and_infrastructure,78,96,1.2307692307692308,11,14,1.2727272727272727,10,12,False,0.8333333333333334
ba6dc6b6-dbf7-4588-b83c-1c1becc97eae,paid_google,ai_coding_and_infrastructure,78,86,1.1025641025641026,11,11,1.0,10,10,False,0.42857142857142855
ba6dc6b6-dbf7-4588-b83c-1c1becc97eae,paid_other,ai_coding_and_infrastructure,78,60,0.7692307692307693,11,8,0.7272727272727273,10,8,False,0.2857142857142857
ba6dc6b6-dbf7-4588-b83c-1c1becc97eae,neural,ai_coding_and_infrastructure,78,255,3.269230769230769,11,36,3.272727272727273,10,36,False,0.1794871794871795
ba6dc6b6-dbf7-4588-b83c-1c1becc97eae,specialized,ai_coding_and_infrastructure,78,255,3.269230769230769,11,36,3.272727272727273,10,36,False,0.1794871794871795
b1329783-79c7-4de3-9be8-73be853a7a41,original_free,ai_coding_and_infrastructure,73,73,1.0,13,13,1.0,10,10,True,1.0
b1329783-79c7-4de3-9be8-73be853a7a41,paid_brave,ai_coding_and_infrastructure,73,65,0.8904109589041096,13,11,0.8461538461538461,10,9,False,0.7272727272727273
b1329783-79c7-4de3-9be8-73be853a7a41,paid_google,ai_coding_and_infrastructure,73,72,0.9863013698630136,13,12,0.9230769230769231,10,10,False,0.42857142857142855
b1329783-79c7-4de3-9be8-73be853a7a41,paid_other,ai_coding_and_infrastructure,73,58,0.7945205479452054,13,9,0.6923076923076923,10,8,False,0.2
b1329783-79c7-4de3-9be8-73be853a7a41,neural,ai_coding_and_infrastructure,73,285,3.904109589041096,13,38,2.923076923076923,10,34,False,0.07317073170731707
b1329783-79c7-4de3-9be8-73be853a7a41,specialized,ai_coding_and_infrastructure,73,285,3.904109589041096,13,38,2.923076923076923,10,34,False,0.07317073170731707
a632cedb-a780-4d50-bf67-543d3c2fd5b0,original_free,ai_coding_and_infrastructure,67,67,1.0,8,8,1.0,8,8,True,1.0
a632cedb-a780-4d50-bf67-543d3c2fd5b0,paid_brave,ai_coding_and_infrastructure,67,47,0.7014925373134329,8,5,0.625,8,5,False,0.625
a632cedb-a780-4d50-bf67-543d3c2fd5b0,paid_google,ai_coding_and_infrastructure,67,76,1.1343283582089552,8,8,1.0,8,7,False,0.25
a632cedb-a780-4d50-bf67-543d3c2fd5b0,paid_other,ai_coding_and_infrastructure,67,73,1.0895522388059702,8,10,1.25,8,9,False,0.21428571428571427
a632cedb-a780-4d50-bf67-543d3c2fd5b0,neural,ai_coding_and_infrastructure,67,245,3.656716417910448,8,29,3.625,8,29,False,0.15625
a632cedb-a780-4d50-bf67-543d3c2fd5b0,specialized,ai_coding_and_infrastructure,67,245,3.656716417910448,8,29,3.625,8,29,False,0.15625
636dd0bb-0367-47fc-aec9-5f54ee89134a,original_free,ai_coding_and_infrastructure,72,72,1.0,9,9,1.0,9,9,True,1.0
636dd0bb-0367-47fc-aec9-5f54ee89134a,paid_brave,ai_coding_and_infrastructure,72,204,2.8333333333333335,9,19,2.111111111111111,9,19,False,0.47368421052631576
636dd0bb-0367-47fc-aec9-5f54ee89134a,paid_google,ai_coding_and_infrastructure,72,204,2.8333333333333335,9,19,2.111111111111111,9,19,False,0.47368421052631576
636dd0bb-0367-47fc-aec9-5f54ee89134a,paid_other,ai_coding_and_infrastructure,72,204,2.8333333333333335,9,19,2.111111111111111,9,19,False,0.47368421052631576
636dd0bb-0367-47fc-aec9-5f54ee89134a,neural,ai_coding_and_infrastructure,72,72,1.0,9,9,1.0,9,9,True,1.0
636dd0bb-0367-47fc-aec9-5f54ee89134a,specialized,ai_coding_and_infrastructure,72,72,1.0,9,9,1.0,9,9,True,1.0
fb59a507-2cf0-4008-8997-46dac60d88a7,original_free,ai_coding_and_infrastructure,81,81,1.0,12,12,1.0,12,12,True,1.0
fb59a507-2cf0-4008-8997-46dac60d88a7,paid_brave,ai_coding_and_infrastructure,81,73,0.9012345679012346,12,11,0.9166666666666666,12,10,False,0.5714285714285714
fb59a507-2cf0-4008-8997-46dac60d88a7,paid_google,ai_coding_and_infrastructure,81,46,0.5679012345679012,12,7,0.5833333333333334,12,7,False,0.35714285714285715
fb59a507-2cf0-4008-8997-46dac60d88a7,paid_other,ai_coding_and_infrastructure,81,77,0.9506172839506173,12,10,0.8333333333333334,12,9,False,0.23529411764705882
fb59a507-2cf0-4008-8997-46dac60d88a7,neural,ai_coding_and_infrastructure,81,237,2.925925925925926,12,33,2.75,12,33,False,0.18421052631578946
fb59a507-2cf0-4008-8997-46dac60d88a7,specialized,ai_coding_and_infrastructure,81,237,2.925925925925926,12,33,2.75,12,33,False,0.18421052631578946
d7d80579-fe4b-4e1a-8509-16712ae4e5b7,original_free,ai_coding_and_infrastructure,70,70,1.0,9,9,1.0,9,9,True,1.0
d7d80579-fe4b-4e1a-8509-16712ae4e5b7,paid_brave,ai_coding_and_infrastructure,70,46,0.6571428571428571,9,7,0.7777777777777778,9,6,False,0.36363636363636365
d7d80579-fe4b-4e1a-8509-16712ae4e5b7,paid_google,ai_coding_and_infrastructure,70,77,1.1,9,8,0.8888888888888888,9,8,False,0.3076923076923077
d7d80579-fe4b-4e1a-8509-16712ae4e5b7,paid_other,ai_coding_and_infrastructure,70,50,0.7142857142857143,9,6,0.6666666666666666,9,6,False,0.5
d7d80579-fe4b-4e1a-8509-16712ae4e5b7,neural,ai_coding_and_infrastructure,70,214,3.057142857142857,9,28,3.111111111111111,9,28,False,0.23333333333333334
d7d80579-fe4b-4e1a-8509-16712ae4e5b7,specialized,ai_coding_and_infrastructure,70,214,3.057142857142857,9,28,3.111111111111111,9,28,False,0.23333333333333334
de6ebd6a-d71a-46c9-920f-fe17558e158e,original_free,ai_coding_and_infrastructure,81,81,1.0,10,10,1.0,10,10,True,1.0
de6ebd6a-d71a-46c9-920f-fe17558e158e,paid_brave,ai_coding_and_infrastructure,81,214,2.6419753086419755,10,21,2.1,10,19,False,0.5263157894736842
de6ebd6a-d71a-46c9-920f-fe17558e158e,paid_google,ai_coding_and_infrastructure,81,214,2.6419753086419755,10,21,2.1,10,19,False,0.5263157894736842
de6ebd6a-d71a-46c9-920f-fe17558e158e,paid_other,ai_coding_and_infrastructure,81,214,2.6419753086419755,10,21,2.1,10,19,False,0.5263157894736842
de6ebd6a-d71a-46c9-920f-fe17558e158e,neural,ai_coding_and_infrastructure,81,81,1.0,10,10,1.0,10,10,True,1.0
de6ebd6a-d71a-46c9-920f-fe17558e158e,specialized,ai_coding_and_infrastructure,81,81,1.0,10,10,1.0,10,10,True,1.0
d5fb4f99-04b9-47ba-b146-d170da7f23ea,original_free,ai_coding_and_infrastructure,78,78,1.0,10,10,1.0,9,9,True,1.0
d5fb4f99-04b9-47ba-b146-d170da7f23ea,paid_brave,ai_coding_and_infrastructure,78,210,2.6923076923076925,10,21,2.1,9,20,False,0.45
a7ac9a6c-bc6b-40bc-9ecf-41e74d2fefc0,original_free,ai_coding_and_infrastructure,71,71,1.0,9,9,1.0,8,8,True,1.0
a7ac9a6c-bc6b-40bc-9ecf-41e74d2fefc0,paid_brave,ai_coding_and_infrastructure,71,62,0.8732394366197183,9,9,1.0,8,7,False,0.36363636363636365
a7ac9a6c-bc6b-40bc-9ecf-41e74d2fefc0,paid_google,ai_coding_and_infrastructure,71,111,1.5633802816901408,9,14,1.5555555555555556,8,14,False,0.15789473684210525
a7ac9a6c-bc6b-40bc-9ecf-41e74d2fefc0,paid_other,ai_coding_and_infrastructure,71,78,1.0985915492957747,9,10,1.1111111111111112,8,8,False,0.3333333333333333
a7ac9a6c-bc6b-40bc-9ecf-41e74d2fefc0,neural,ai_coding_and_infrastructure,71,270,3.8028169014084505,9,35,3.888888888888889,8,35,False,0.16216216216216217
a7ac9a6c-bc6b-40bc-9ecf-41e74d2fefc0,specialized,ai_coding_and_infrastructure,71,270,3.8028169014084505,9,35,3.888888888888889,8,35,False,0.16216216216216217
f068e3b1-bdc4-44f2-8aa8-05da1ab7e2f1,original_free,ai_coding_and_infrastructure,65,65,1.0,9,9,1.0,8,8,True,1.0
f068e3b1-bdc4-44f2-8aa8-05da1ab7e2f1,paid_brave,ai_coding_and_infrastructure,65,81,1.2461538461538462,9,11,1.2222222222222223,8,9,False,0.7
f068e3b1-bdc4-44f2-8aa8-05da1ab7e2f1,paid_google,ai_coding_and_infrastructure,65,81,1.2461538461538462,9,10,1.1111111111111112,8,9,False,0.5454545454545454
f068e3b1-bdc4-44f2-8aa8-05da1ab7e2f1,paid_other,ai_coding_and_infrastructure,65,74,1.1384615384615384,9,10,1.1111111111111112,8,9,False,0.7
f068e3b1-bdc4-44f2-8aa8-05da1ab7e2f1,neural,ai_coding_and_infrastructure,65,230,3.5384615384615383,9,30,3.3333333333333335,8,29,False,0.1935483870967742
f068e3b1-bdc4-44f2-8aa8-05da1ab7e2f1,specialized,ai_coding_and_infrastructure,65,230,3.5384615384615383,9,30,3.3333333333333335,8,29,False,0.1935483870967742
212bed68-e98a-403f-bc52-3169caf47dbc,original_free,ai_coding_and_infrastructure,67,67,1.0,9,9,1.0,8,8,True,1.0
212bed68-e98a-403f-bc52-3169caf47dbc,paid_brave,ai_coding_and_infrastructure,67,83,1.2388059701492538,9,12,1.3333333333333333,8,10,False,0.8
212bed68-e98a-403f-bc52-3169caf47dbc,paid_google,ai_coding_and_infrastructure,67,73,1.0895522388059702,9,10,1.1111111111111112,8,9,False,0.4166666666666667
212bed68-e98a-403f-bc52-3169caf47dbc,paid_other,ai_coding_and_infrastructure,67,83,1.2388059701492538,9,10,1.1111111111111112,8,9,False,0.4166666666666667
212bed68-e98a-403f-bc52-3169caf47dbc,neural,ai_coding_and_infrastructure,67,256,3.8208955223880596,9,35,3.888888888888889,8,33,False,0.24242424242424243
212bed68-e98a-403f-bc52-3169caf47dbc,specialized,ai_coding_and_infrastructure,67,256,3.8208955223880596,9,35,3.888888888888889,8,33,False,0.24242424242424243
8c31067a-e06f-45c5-8005-d006cc8adc6d,original_free,ai_coding_and_infrastructure,66,66,1.0,9,9,1.0,8,8,True,1.0
8c31067a-e06f-45c5-8005-d006cc8adc6d,paid_brave,ai_coding_and_infrastructure,66,59,0.8939393939393939,9,8,0.8888888888888888,8,7,False,0.36363636363636365
8c31067a-e06f-45c5-8005-d006cc8adc6d,paid_google,ai_coding_and_infrastructure,66,89,1.3484848484848484,9,12,1.3333333333333333,8,11,False,0.26666666666666666
8c31067a-e06f-45c5-8005-d006cc8adc6d,paid_other,ai_coding_and_infrastructure,66,90,1.3636363636363635,9,15,1.6666666666666667,8,14,False,0.375
8c31067a-e06f-45c5-8005-d006cc8adc6d,neural,ai_coding_and_infrastructure,66,168,2.5454545454545454,9,26,2.888888888888889,8,26,False,0.1724137931034483
8c31067a-e06f-45c5-8005-d006cc8adc6d,specialized,ai_coding_and_infrastructure,66,168,2.5454545454545454,9,26,2.888888888888889,8,26,False,0.1724137931034483
14cd39de-3fd3-400e-8ded-4ac62a4449c4,original_free,ai_coding_and_infrastructure,63,63,1.0,10,10,1.0,9,9,True,1.0
14cd39de-3fd3-400e-8ded-4ac62a4449c4,paid_brave,ai_coding_and_infrastructure,63,52,0.8253968253968254,10,8,0.8,9,7,False,0.45454545454545453
14cd39de-3fd3-400e-8ded-4ac62a4449c4,paid_google,ai_coding_and_infrastructure,63,83,1.3174603174603174,10,12,1.2,9,11,False,0.8181818181818182
14cd39de-3fd3-400e-8ded-4ac62a4449c4,paid_other,ai_coding_and_infrastructure,63,69,1.0952380952380953,10,10,1.0,9,9,False,0.38461538461538464
14cd39de-3fd3-400e-8ded-4ac62a4449c4,neural,ai_coding_and_infrastructure,63,225,3.5714285714285716,10,32,3.2,9,32,False,0.24242424242424243
14cd39de-3fd3-400e-8ded-4ac62a4449c4,specialized,ai_coding_and_infrastructure,63,225,3.5714285714285716,10,32,3.2,9,32,False,0.24242424242424243
c2e0d4c7-e1ea-4d69-a000-20a326f023a5,original_free,ai_coding_and_infrastructure,66,66,1.0,9,9,1.0,9,9,True,1.0
c2e0d4c7-e1ea-4d69-a000-20a326f023a5,paid_brave,ai_coding_and_infrastructure,66,52,0.7878787878787878,9,8,0.8888888888888888,9,7,False,0.45454545454545453
c2e0d4c7-e1ea-4d69-a000-20a326f023a5,paid_google,ai_coding_and_infrastructure,66,60,0.9090909090909091,9,8,0.8888888888888888,9,8,False,0.7
c2e0d4c7-e1ea-4d69-a000-20a326f023a5,paid_other,ai_coding_and_infrastructure,66,65,0.9848484848484849,9,9,1.0,9,9,False,0.5
c2e0d4c7-e1ea-4d69-a000-20a326f023a5,neural,ai_coding_and_infrastructure,66,238,3.606060606060606,9,30,3.3333333333333335,9,30,False,0.3
c2e0d4c7-e1ea-4d69-a000-20a326f023a5,specialized,ai_coding_and_infrastructure,66,238,3.606060606060606,9,30,3.3333333333333335,9,30,False,0.3
b26a2c1c-c944-44d7-aa7e-9d857de7e03e,original_free,ai_coding_and_infrastructure,74,74,1.0,10,10,1.0,9,9,True,1.0
b26a2c1c-c944-44d7-aa7e-9d857de7e03e,paid_brave,ai_coding_and_infrastructure,74,212,2.864864864864865,10,16,1.6,9,16,False,0.5625
b26a2c1c-c944-44d7-aa7e-9d857de7e03e,paid_google,ai_coding_and_infrastructure,74,212,2.864864864864865,10,16,1.6,9,16,False,0.5625
b26a2c1c-c944-44d7-aa7e-9d857de7e03e,paid_other,ai_coding_and_infrastructure,74,212,2.864864864864865,10,16,1.6,9,16,False,0.5625
b26a2c1c-c944-44d7-aa7e-9d857de7e03e,neural,ai_coding_and_infrastructure,74,74,1.0,10,10,1.0,9,9,True,1.0
b26a2c1c-c944-44d7-aa7e-9d857de7e03e,specialized,ai_coding_and_infrastructure,74,74,1.0,10,10,1.0,9,9,True,1.0
1dbe046d-6c33-410a-99be-f49e684883ec,original_free,general,65,65,1.0,9,9,1.0,9,9,True,1.0
1dbe046d-6c33-410a-99be-f49e684883ec,paid_brave,general,65,57,0.8769230769230769,9,9,1.0,9,8,False,0.5454545454545454
1dbe046d-6c33-410a-99be-f49e684883ec,paid_google,general,65,63,0.9692307692307692,9,8,0.8888888888888888,9,8,False,0.3076923076923077
1dbe046d-6c33-410a-99be-f49e684883ec,paid_other,general,65,60,0.9230769230769231,9,10,1.1111111111111112,9,10,False,0.35714285714285715
1dbe046d-6c33-410a-99be-f49e684883ec,neural,general,65,161,2.476923076923077,9,23,2.5555555555555554,9,23,False,0.28
1dbe046d-6c33-410a-99be-f49e684883ec,specialized,general,65,161,2.476923076923077,9,23,2.5555555555555554,9,23,False,0.28
c6912b31-0f91-46d4-8cc0-670839d9148b,original_free,general,74,74,1.0,10,10,1.0,10,10,True,1.0
c6912b31-0f91-46d4-8cc0-670839d9148b,paid_brave,general,74,58,0.7837837837837838,10,7,0.7,10,7,False,0.5454545454545454
c6912b31-0f91-46d4-8cc0-670839d9148b,paid_google,general,74,71,0.9594594594594594,10,9,0.9,10,8,False,0.2857142857142857
c6912b31-0f91-46d4-8cc0-670839d9148b,paid_other,general,74,71,0.9594594594594594,10,9,0.9,10,9,False,0.11764705882352941
c6912b31-0f91-46d4-8cc0-670839d9148b,neural,general,74,169,2.2837837837837838,10,25,2.5,10,25,False,0.16666666666666666
c6912b31-0f91-46d4-8cc0-670839d9148b,specialized,general,74,169,2.2837837837837838,10,25,2.5,10,25,False,0.16666666666666666
36396b20-73da-4314-9a85-2adb60bd12bd,original_free,general,66,66,1.0,8,8,1.0,8,8,True,1.0
36396b20-73da-4314-9a85-2adb60bd12bd,paid_brave,general,66,181,2.742424242424242,8,19,2.375,8,19,False,0.42105263157894735
36396b20-73da-4314-9a85-2adb60bd12bd,paid_google,general,66,181,2.742424242424242,8,19,2.375,8,19,False,0.42105263157894735
36396b20-73da-4314-9a85-2adb60bd12bd,paid_other,general,66,181,2.742424242424242,8,19,2.375,8,19,False,0.42105263157894735
36396b20-73da-4314-9a85-2adb60bd12bd,neural,general,66,66,1.0,8,8,1.0,8,8,True,1.0
36396b20-73da-4314-9a85-2adb60bd12bd,specialized,general,66,66,1.0,8,8,1.0,8,8,True,1.0
0b9624d1-741d-4c53-9cae-a0216a0b80d3,original_free,ai_coding_and_infrastructure,105,105,1.0,13,13,1.0,13,13,True,1.0
0b9624d1-741d-4c53-9cae-a0216a0b80d3,paid_brave,ai_coding_and_infrastructure,105,78,0.7428571428571429,13,9,0.6923076923076923,13,8,False,0.3125
0b9624d1-741d-4c53-9cae-a0216a0b80d3,paid_google,ai_coding_and_infrastructure,105,76,0.7238095238095238,13,9,0.6923076923076923,13,9,False,0.2222222222222222
0b9624d1-741d-4c53-9cae-a0216a0b80d3,paid_other,ai_coding_and_infrastructure,105,61,0.580952380952381,13,8,0.6153846153846154,13,8,False,0.16666666666666666
0b9624d1-741d-4c53-9cae-a0216a0b80d3,neural,ai_coding_and_infrastructure,105,244,2.323809523809524,13,31,2.3846153846153846,13,31,False,0.2571428571428571
0b9624d1-741d-4c53-9cae-a0216a0b80d3,specialized,ai_coding_and_infrastructure,105,244,2.323809523809524,13,31,2.3846153846153846,13,31,False,0.2571428571428571
e3c7095c-79d4-4bd2-b2ec-2b0c0badbf5d,original_free,general,86,86,1.0,12,12,1.0,12,12,True,1.0
e3c7095c-79d4-4bd2-b2ec-2b0c0badbf5d,paid_brave,general,86,57,0.6627906976744186,12,9,0.75,12,8,False,0.3333333333333333
e3c7095c-79d4-4bd2-b2ec-2b0c0badbf5d,paid_google,general,86,78,0.9069767441860465,12,11,0.9166666666666666,12,11,False,0.5333333333333333
e3c7095c-79d4-4bd2-b2ec-2b0c0badbf5d,paid_other,general,86,59,0.686046511627907,12,9,0.75,12,9,False,0.23529411764705882
e3c7095c-79d4-4bd2-b2ec-2b0c0badbf5d,neural,general,86,248,2.883720930232558,12,32,2.6666666666666665,12,32,False,0.2571428571428571
e3c7095c-79d4-4bd2-b2ec-2b0c0badbf5d,specialized,general,86,248,2.883720930232558,12,32,2.6666666666666665,12,32,False,0.2571428571428571
9c894a00-08e6-49a8-bbc2-d696fb090186,original_free,ai_coding_and_infrastructure,86,86,1.0,10,10,1.0,10,10,True,1.0
9c894a00-08e6-49a8-bbc2-d696fb090186,paid_brave,ai_coding_and_infrastructure,86,82,0.9534883720930233,10,9,0.9,10,8,False,0.38461538461538464
9c894a00-08e6-49a8-bbc2-d696fb090186,paid_google,ai_coding_and_infrastructure,86,61,0.7093023255813954,10,7,0.7,10,7,False,0.13333333333333333
9c894a00-08e6-49a8-bbc2-d696fb090186,paid_other,ai_coding_and_infrastructure,86,71,0.8255813953488372,10,9,0.9,10,9,False,0.5833333333333334
9c894a00-08e6-49a8-bbc2-d696fb090186,neural,ai_coding_and_infrastructure,86,221,2.5697674418604652,10,33,3.3,10,33,False,0.19444444444444445
9c894a00-08e6-49a8-bbc2-d696fb090186,specialized,ai_coding_and_infrastructure,86,221,2.5697674418604652,10,33,3.3,10,33,False,0.19444444444444445
80cee934-4364-4365-86e0-b0f63ea26f17,original_free,ai_coding_and_infrastructure,81,81,1.0,9,9,1.0,9,9,True,1.0
80cee934-4364-4365-86e0-b0f63ea26f17,paid_brave,ai_coding_and_infrastructure,81,223,2.753086419753086,9,16,1.7777777777777777,9,16,False,0.5625
80cee934-4364-4365-86e0-b0f63ea26f17,paid_google,ai_coding_and_infrastructure,81,223,2.753086419753086,9,16,1.7777777777777777,9,16,False,0.5625
80cee934-4364-4365-86e0-b0f63ea26f17,paid_other,ai_coding_and_infrastructure,81,223,2.753086419753086,9,16,1.7777777777777777,9,16,False,0.5625
80cee934-4364-4365-86e0-b0f63ea26f17,neural,ai_coding_and_infrastructure,81,81,1.0,9,9,1.0,9,9,True,1.0
80cee934-4364-4365-86e0-b0f63ea26f17,specialized,ai_coding_and_infrastructure,81,81,1.0,9,9,1.0,9,9,True,1.0
a13c8361-ab20-4f0d-bc31-828e58ce57ec,original_free,ai_coding_and_infrastructure,73,73,1.0,10,10,1.0,10,10,True,1.0
a13c8361-ab20-4f0d-bc31-828e58ce57ec,paid_brave,ai_coding_and_infrastructure,73,73,1.0,10,10,1.0,10,9,False,0.46153846153846156
a13c8361-ab20-4f0d-bc31-828e58ce57ec,paid_google,ai_coding_and_infrastructure,73,71,0.9726027397260274,10,8,0.8,10,8,False,0.38461538461538464
a13c8361-ab20-4f0d-bc31-828e58ce57ec,paid_other,ai_coding_and_infrastructure,73,103,1.4109589041095891,10,15,1.5,10,15,False,0.13636363636363635
a13c8361-ab20-4f0d-bc31-828e58ce57ec,neural,ai_coding_and_infrastructure,73,232,3.1780821917808217,10,33,3.3,10,33,False,0.16216216216216217
a13c8361-ab20-4f0d-bc31-828e58ce57ec,specialized,ai_coding_and_infrastructure,73,232,3.1780821917808217,10,33,3.3,10,33,False,0.16216216216216217
ee0a3e6e-638a-4bf2-8d94-ca93704049ba,original_free,ai_coding_and_infrastructure,102,102,1.0,13,13,1.0,13,13,True,1.0
ee0a3e6e-638a-4bf2-8d94-ca93704049ba,paid_brave,ai_coding_and_infrastructure,102,130,1.2745098039215685,13,17,1.3076923076923077,13,16,False,0.8125
ee0a3e6e-638a-4bf2-8d94-ca93704049ba,paid_google,ai_coding_and_infrastructure,102,94,0.9215686274509803,13,10,0.7692307692307693,13,10,False,0.4375
ee0a3e6e-638a-4bf2-8d94-ca93704049ba,paid_other,ai_coding_and_infrastructure,102,65,0.6372549019607843,13,8,0.6153846153846154,13,8,False,0.4
ee0a3e6e-638a-4bf2-8d94-ca93704049ba,neural,ai_coding_and_infrastructure,102,194,1.9019607843137254,13,26,2.0,13,25,False,0.3103448275862069
ee0a3e6e-638a-4bf2-8d94-ca93704049ba,specialized,ai_coding_and_infrastructure,102,194,1.9019607843137254,13,26,2.0,13,25,False,0.3103448275862069
a6e89d57-fd2c-4fe5-9e57-bd449969c4c8,original_free,ai_coding_and_infrastructure,88,88,1.0,10,10,1.0,10,10,True,1.0
a6e89d57-fd2c-4fe5-9e57-bd449969c4c8,paid_brave,ai_coding_and_infrastructure,88,159,1.8068181818181819,10,13,1.3,10,13,False,0.7692307692307693
a6e89d57-fd2c-4fe5-9e57-bd449969c4c8,paid_google,ai_coding_and_infrastructure,88,159,1.8068181818181819,10,13,1.3,10,13,False,0.7692307692307693
a6e89d57-fd2c-4fe5-9e57-bd449969c4c8,paid_other,ai_coding_and_infrastructure,88,159,1.8068181818181819,10,13,1.3,10,13,False,0.7692307692307693
a6e89d57-fd2c-4fe5-9e57-bd449969c4c8,neural,ai_coding_and_infrastructure,88,88,1.0,10,10,1.0,10,10,True,1.0
a6e89d57-fd2c-4fe5-9e57-bd449969c4c8,specialized,ai_coding_and_infrastructure,88,88,1.0,10,10,1.0,10,10,True,1.0
bc761ef7-79ce-46ba-805f-86c0d756d88c,original_free,ai_coding_and_infrastructure,120,120,1.0,16,16,1.0,12,12,True,1.0
bc761ef7-79ce-46ba-805f-86c0d756d88c,paid_brave,ai_coding_and_infrastructure,120,49,0.4083333333333333,16,7,0.4375,12,7,False,0.26666666666666666
bc761ef7-79ce-46ba-805f-86c0d756d88c,paid_google,ai_coding_and_infrastructure,120,102,0.85,16,12,0.75,12,8,False,0.3333333333333333
bc761ef7-79ce-46ba-805f-86c0d756d88c,paid_other,ai_coding_and_infrastructure,120,55,0.4583333333333333,16,8,0.5,12,8,False,0.42857142857142855
bc761ef7-79ce-46ba-805f-86c0d756d88c,neural,ai_coding_and_infrastructure,120,235,1.9583333333333333,16,32,2.0,12,28,False,0.3793103448275862
bc761ef7-79ce-46ba-805f-86c0d756d88c,specialized,ai_coding_and_infrastructure,120,235,1.9583333333333333,16,32,2.0,12,28,False,0.3793103448275862
f0b16052-c178-494b-b994-a57f47ad8224,original_free,ai_coding_and_infrastructure,110,110,1.0,14,14,1.0,14,14,True,1.0
f0b16052-c178-494b-b994-a57f47ad8224,paid_brave,ai_coding_and_infrastructure,110,46,0.41818181818181815,14,6,0.42857142857142855,14,6,False,0.17647058823529413
f0b16052-c178-494b-b994-a57f47ad8224,paid_google,ai_coding_and_infrastructure,110,81,0.7363636363636363,14,9,0.6428571428571429,14,9,False,0.4375
f0b16052-c178-494b-b994-a57f47ad8224,paid_other,ai_coding_and_infrastructure,110,45,0.4090909090909091,14,6,0.42857142857142855,14,6,False,0.1111111111111111
f0b16052-c178-494b-b994-a57f47ad8224,neural,ai_coding_and_infrastructure,110,173,1.5727272727272728,14,21,1.5,14,21,False,0.34615384615384615
f0b16052-c178-494b-b994-a57f47ad8224,specialized,ai_coding_and_infrastructure,110,173,1.5727272727272728,14,21,1.5,14,21,False,0.34615384615384615
c40c5cb3-a2cd-4ade-9f87-019f924e1ada,original_free,ai_coding_and_infrastructure,93,93,1.0,9,9,1.0,9,9,True,1.0
c40c5cb3-a2cd-4ade-9f87-019f924e1ada,paid_brave,ai_coding_and_infrastructure,93,176,1.89247311827957,9,15,1.6666666666666667,9,15,False,0.6
c40c5cb3-a2cd-4ade-9f87-019f924e1ada,paid_google,ai_coding_and_infrastructure,93,176,1.89247311827957,9,15,1.6666666666666667,9,15,False,0.6
c40c5cb3-a2cd-4ade-9f87-019f924e1ada,paid_other,ai_coding_and_infrastructure,93,176,1.89247311827957,9,15,1.6666666666666667,9,15,False,0.6
c40c5cb3-a2cd-4ade-9f87-019f924e1ada,neural,ai_coding_and_infrastructure,93,93,1.0,9,9,1.0,9,9,True,1.0
c40c5cb3-a2cd-4ade-9f87-019f924e1ada,specialized,ai_coding_and_infrastructure,93,93,1.0,9,9,1.0,9,9,True,1.0
00c5f463-637d-45b7-b678-f4e73f626be4,original_free,ai_coding_and_infrastructure,100,100,1.0,12,12,1.0,12,12,True,1.0
00c5f463-637d-45b7-b678-f4e73f626be4,paid_brave,ai_coding_and_infrastructure,100,54,0.54,12,6,0.5,12,6,False,0.2
00c5f463-637d-45b7-b678-f4e73f626be4,paid_google,ai_coding_and_infrastructure,100,78,0.78,12,10,0.8333333333333334,12,10,False,0.29411764705882354
00c5f463-637d-45b7-b678-f4e73f626be4,paid_other,ai_coding_and_infrastructure,100,74,0.74,12,10,0.8333333333333334,12,10,False,0.2222222222222222
00c5f463-637d-45b7-b678-f4e73f626be4,neural,ai_coding_and_infrastructure,100,179,1.79,12,26,2.1666666666666665,12,26,False,0.26666666666666666
00c5f463-637d-45b7-b678-f4e73f626be4,specialized,ai_coding_and_infrastructure,100,179,1.79,12,26,2.1666666666666665,12,26,False,0.26666666666666666
e8d0ffcb-c7a0-498b-99ce-f013de3473f6,original_free,ai_coding_and_infrastructure,80,80,1.0,12,12,1.0,12,12,True,1.0
e8d0ffcb-c7a0-498b-99ce-f013de3473f6,paid_brave,ai_coding_and_infrastructure,80,44,0.55,12,7,0.5833333333333334,12,7,False,0.26666666666666666
e8d0ffcb-c7a0-498b-99ce-f013de3473f6,paid_google,ai_coding_and_infrastructure,80,68,0.85,12,10,0.8333333333333334,12,9,False,0.3125
e8d0ffcb-c7a0-498b-99ce-f013de3473f6,paid_other,ai_coding_and_infrastructure,80,54,0.675,12,9,0.75,12,9,False,0.4
e8d0ffcb-c7a0-498b-99ce-f013de3473f6,neural,ai_coding_and_infrastructure,80,149,1.8625,12,24,2.0,12,24,False,0.2857142857142857
e8d0ffcb-c7a0-498b-99ce-f013de3473f6,specialized,ai_coding_and_infrastructure,80,149,1.8625,12,24,2.0,12,24,False,0.2857142857142857
07fe6bfb-db63-4635-8d6c-7aae4c1dfc06,original_free,ai_coding_and_infrastructure,97,97,1.0,13,13,1.0,13,13,True,1.0
07fe6bfb-db63-4635-8d6c-7aae4c1dfc06,paid_brave,ai_coding_and_infrastructure,97,74,0.7628865979381443,13,10,0.7692307692307693,13,9,False,0.375
07fe6bfb-db63-4635-8d6c-7aae4c1dfc06,paid_google,ai_coding_and_infrastructure,97,77,0.7938144329896907,13,10,0.7692307692307693,13,10,False,0.35294117647058826
07fe6bfb-db63-4635-8d6c-7aae4c1dfc06,paid_other,ai_coding_and_infrastructure,97,72,0.7422680412371134,13,10,0.7692307692307693,13,10,False,0.15
07fe6bfb-db63-4635-8d6c-7aae4c1dfc06,neural,ai_coding_and_infrastructure,97,163,1.6804123711340206,13,23,1.7692307692307692,13,23,False,0.2857142857142857
07fe6bfb-db63-4635-8d6c-7aae4c1dfc06,specialized,ai_coding_and_infrastructure,97,163,1.6804123711340206,13,23,1.7692307692307692,13,23,False,0.2857142857142857
f7777528-3226-4fd2-b0f2-d31bb8e9a145,original_free,general,62,62,1.0,11,11,1.0,9,9,True,1.0
f7777528-3226-4fd2-b0f2-d31bb8e9a145,paid_brave,general,62,55,0.8870967741935484,11,9,0.8181818181818182,9,7,False,0.45454545454545453
f7777528-3226-4fd2-b0f2-d31bb8e9a145,paid_google,general,62,43,0.6935483870967742,11,7,0.6363636363636364,9,6,False,0.36363636363636365
f7777528-3226-4fd2-b0f2-d31bb8e9a145,paid_other,general,62,53,0.8548387096774194,11,10,0.9090909090909091,9,9,False,0.5
f7777528-3226-4fd2-b0f2-d31bb8e9a145,neural,general,62,104,1.6774193548387097,11,18,1.6363636363636365,9,18,False,0.17391304347826086
f7777528-3226-4fd2-b0f2-d31bb8e9a145,specialized,general,62,104,1.6774193548387097,11,18,1.6363636363636365,9,18,False,0.17391304347826086
13178e4d-506f-45d4-a984-5fa3c84f205a,original_free,ai_coding_and_infrastructure,85,85,1.0,11,11,1.0,11,11,True,1.0
13178e4d-506f-45d4-a984-5fa3c84f205a,paid_brave,ai_coding_and_infrastructure,85,60,0.7058823529411765,11,7,0.6363636363636364,11,7,False,0.5
13178e4d-506f-45d4-a984-5fa3c84f205a,paid_google,ai_coding_and_infrastructure,85,82,0.9647058823529412,11,11,1.0,11,10,False,0.4
13178e4d-506f-45d4-a984-5fa3c84f205a,paid_other,ai_coding_and_infrastructure,85,79,0.9294117647058824,11,10,0.9090909090909091,11,10,False,0.4
13178e4d-506f-45d4-a984-5fa3c84f205a,neural,ai_coding_and_infrastructure,85,160,1.8823529411764706,11,22,2.0,11,22,False,0.2692307692307692
13178e4d-506f-45d4-a984-5fa3c84f205a,specialized,ai_coding_and_infrastructure,85,160,1.8823529411764706,11,22,2.0,11,22,False,0.2692307692307692
d26480b6-a396-44a8-97f6-15e2cca8c216,original_free,ai_coding_and_infrastructure,43,43,1.0,8,8,1.0,4,4,True,1.0
d26480b6-a396-44a8-97f6-15e2cca8c216,paid_brave,ai_coding_and_infrastructure,43,59,1.372093023255814,8,9,1.125,4,6,False,0.42857142857142855
d26480b6-a396-44a8-97f6-15e2cca8c216,paid_google,ai_coding_and_infrastructure,43,56,1.302325581395349,8,9,1.125,4,7,False,0.1
d26480b6-a396-44a8-97f6-15e2cca8c216,paid_other,ai_coding_and_infrastructure,43,47,1.0930232558139534,8,7,0.875,4,6,False,0.25
d26480b6-a396-44a8-97f6-15e2cca8c216,neural,ai_coding_and_infrastructure,43,104,2.4186046511627906,8,15,1.875,4,14,False,0.125
d26480b6-a396-44a8-97f6-15e2cca8c216,specialized,ai_coding_and_infrastructure,43,104,2.4186046511627906,8,15,1.875,4,14,False,0.125
25383109-3d4d-4a61-9183-20af84162fb9,original_free,general,50,50,1.0,7,7,1.0,4,4,True,1.0
25383109-3d4d-4a61-9183-20af84162fb9,paid_brave,general,50,57,1.14,7,8,1.1428571428571428,4,5,False,0.8
25383109-3d4d-4a61-9183-20af84162fb9,paid_google,general,50,75,1.5,7,10,1.4285714285714286,4,7,False,0.5714285714285714
25383109-3d4d-4a61-9183-20af84162fb9,paid_other,general,50,67,1.34,7,10,1.4285714285714286,4,7,False,0.5714285714285714
25383109-3d4d-4a61-9183-20af84162fb9,neural,general,50,114,2.28,7,18,2.5714285714285716,4,18,False,0.047619047619047616
25383109-3d4d-4a61-9183-20af84162fb9,specialized,general,50,114,2.28,7,18,2.5714285714285716,4,18,False,0.047619047619047616
be68cc93-8fbe-4d8e-99f7-0fff0ad9acaa,original_free,ai_coding_and_infrastructure,53,53,1.0,7,7,1.0,6,6,True,1.0
be68cc93-8fbe-4d8e-99f7-0fff0ad9acaa,paid_brave,ai_coding_and_infrastructure,53,56,1.0566037735849056,7,8,1.1428571428571428,6,7,False,0.3
be68cc93-8fbe-4d8e-99f7-0fff0ad9acaa,paid_google,ai_coding_and_infrastructure,53,54,1.0188679245283019,7,8,1.1428571428571428,6,8,False,0.16666666666666666
be68cc93-8fbe-4d8e-99f7-0fff0ad9acaa,paid_other,ai_coding_and_infrastructure,53,74,1.3962264150943395,7,11,1.5714285714285714,6,10,False,0.3333333333333333
be68cc93-8fbe-4d8e-99f7-0fff0ad9acaa,neural,ai_coding_and_infrastructure,53,127,2.3962264150943398,7,16,2.2857142857142856,6,16,False,0.29411764705882354
be68cc93-8fbe-4d8e-99f7-0fff0ad9acaa,specialized,ai_coding_and_infrastructure,53,127,2.3962264150943398,7,16,2.2857142857142856,6,16,False,0.29411764705882354
0a032d91-13a3-4c3b-8b72-f2c0e7a9b813,original_free,ai_coding_and_infrastructure,73,73,1.0,12,12,1.0,10,10,True,1.0
0a032d91-13a3-4c3b-8b72-f2c0e7a9b813,paid_brave,ai_coding_and_infrastructure,73,62,0.8493150684931506,12,11,0.9166666666666666,10,8,False,0.5
0a032d91-13a3-4c3b-8b72-f2c0e7a9b813,paid_google,ai_coding_and_infrastructure,73,52,0.7123287671232876,12,9,0.75,10,7,False,0.4166666666666667
0a032d91-13a3-4c3b-8b72-f2c0e7a9b813,paid_other,ai_coding_and_infrastructure,73,63,0.863013698630137,12,11,0.9166666666666666,10,9,False,0.46153846153846156
0a032d91-13a3-4c3b-8b72-f2c0e7a9b813,neural,ai_coding_and_infrastructure,73,121,1.6575342465753424,12,19,1.5833333333333333,10,17,False,0.42105263157894735
0a032d91-13a3-4c3b-8b72-f2c0e7a9b813,specialized,ai_coding_and_infrastructure,73,121,1.6575342465753424,12,19,1.5833333333333333,10,17,False,0.42105263157894735
8ba57d13-2b79-45f5-a3e5-65053536439c,original_free,general,117,117,1.0,15,15,1.0,15,15,True,1.0
8ba57d13-2b79-45f5-a3e5-65053536439c,paid_brave,general,117,133,1.1367521367521367,15,18,1.2,15,16,False,0.631578947368421
8ba57d13-2b79-45f5-a3e5-65053536439c,paid_google,general,117,143,1.2222222222222223,15,17,1.1333333333333333,15,17,False,0.6
8ba57d13-2b79-45f5-a3e5-65053536439c,paid_other,general,117,72,0.6153846153846154,15,11,0.7333333333333333,15,10,False,0.19047619047619047
8ba57d13-2b79-45f5-a3e5-65053536439c,neural,general,117,190,1.623931623931624,15,29,1.9333333333333333,15,29,False,0.4666666666666667
8ba57d13-2b79-45f5-a3e5-65053536439c,specialized,general,117,190,1.623931623931624,15,29,1.9333333333333333,15,29,False,0.4666666666666667
16985833-c733-4e74-ae40-bd38b150ec53,original_free,ai_coding_and_infrastructure,71,71,1.0,10,10,1.0,9,9,True,1.0
16985833-c733-4e74-ae40-bd38b150ec53,paid_brave,ai_coding_and_infrastructure,71,76,1.0704225352112675,10,10,1.0,9,9,False,0.5
16985833-c733-4e74-ae40-bd38b150ec53,paid_google,ai_coding_and_infrastructure,71,61,0.8591549295774648,10,9,0.9,9,8,False,0.5454545454545454
16985833-c733-4e74-ae40-bd38b150ec53,paid_other,ai_coding_and_infrastructure,71,65,0.9154929577464789,10,9,0.9,9,9,False,0.5
16985833-c733-4e74-ae40-bd38b150ec53,neural,ai_coding_and_infrastructure,71,184,2.591549295774648,10,22,2.2,9,22,False,0.2916666666666667
16985833-c733-4e74-ae40-bd38b150ec53,specialized,ai_coding_and_infrastructure,71,184,2.591549295774648,10,22,2.2,9,22,False,0.2916666666666667
d1dd16dd-d3cc-4c41-923e-f2f5836a2503,original_free,ai_coding_and_infrastructure,99,99,1.0,11,11,1.0,9,9,True,1.0
d1dd16dd-d3cc-4c41-923e-f2f5836a2503,paid_brave,ai_coding_and_infrastructure,99,97,0.9797979797979798,11,13,1.1818181818181819,9,10,False,0.5833333333333334
d1dd16dd-d3cc-4c41-923e-f2f5836a2503,paid_google,ai_coding_and_infrastructure,99,88,0.8888888888888888,11,10,0.9090909090909091,9,8,False,0.5454545454545454
d1dd16dd-d3cc-4c41-923e-f2f5836a2503,paid_other,ai_coding_and_infrastructure,99,50,0.5050505050505051,11,7,0.6363636363636364,9,6,False,0.15384615384615385
d1dd16dd-d3cc-4c41-923e-f2f5836a2503,neural,ai_coding_and_infrastructure,99,183,1.8484848484848484,11,26,2.3636363636363638,9,25,False,0.21428571428571427
d1dd16dd-d3cc-4c41-923e-f2f5836a2503,specialized,ai_coding_and_infrastructure,99,183,1.8484848484848484,11,26,2.3636363636363638,9,25,False,0.21428571428571427
7b4a06d4-1564-409a-96b8-a0fe29da3d88,original_free,ai_coding_and_infrastructure,71,71,1.0,10,10,1.0,9,9,True,1.0
7b4a06d4-1564-409a-96b8-a0fe29da3d88,paid_brave,ai_coding_and_infrastructure,71,197,2.7746478873239435,10,16,1.6,9,14,False,0.6428571428571429
7b4a06d4-1564-409a-96b8-a0fe29da3d88,paid_google,ai_coding_and_infrastructure,71,197,2.7746478873239435,10,16,1.6,9,14,False,0.6428571428571429
7b4a06d4-1564-409a-96b8-a0fe29da3d88,paid_other,ai_coding_and_infrastructure,71,197,2.7746478873239435,10,16,1.6,9,14,False,0.6428571428571429
7b4a06d4-1564-409a-96b8-a0fe29da3d88,neural,ai_coding_and_infrastructure,71,71,1.0,10,10,1.0,9,9,True,1.0
7b4a06d4-1564-409a-96b8-a0fe29da3d88,specialized,ai_coding_and_infrastructure,71,71,1.0,10,10,1.0,9,9,True,1.0
dab0a67d-0380-4131-b901-2b6ae66e06d1,original_free,ai_coding_and_infrastructure,61,61,1.0,9,9,1.0,8,8,True,1.0
dab0a67d-0380-4131-b901-2b6ae66e06d1,paid_brave,ai_coding_and_infrastructure,61,80,1.3114754098360655,9,11,1.2222222222222223,8,9,False,0.5454545454545454
dab0a67d-0380-4131-b901-2b6ae66e06d1,paid_google,ai_coding_and_infrastructure,61,85,1.3934426229508197,9,12,1.3333333333333333,8,11,False,0.35714285714285715
dab0a67d-0380-4131-b901-2b6ae66e06d1,paid_other,ai_coding_and_infrastructure,61,61,1.0,9,9,1.0,8,8,False,0.6
dab0a67d-0380-4131-b901-2b6ae66e06d1,neural,ai_coding_and_infrastructure,61,127,2.081967213114754,9,19,2.111111111111111,8,18,False,0.3684210526315789
dab0a67d-0380-4131-b901-2b6ae66e06d1,specialized,ai_coding_and_infrastructure,61,127,2.081967213114754,9,19,2.111111111111111,8,18,False,0.3684210526315789
ee0c9eff-aa2c-4d83-89f9-394e5c65f793,original_free,general,72,72,1.0,11,11,1.0,11,11,True,1.0
ee0c9eff-aa2c-4d83-89f9-394e5c65f793,paid_brave,general,72,208,2.888888888888889,11,15,1.3636363636363635,11,15,False,0.7333333333333333
ee0c9eff-aa2c-4d83-89f9-394e5c65f793,paid_google,general,72,208,2.888888888888889,11,15,1.3636363636363635,11,15,False,0.7333333333333333
ee0c9eff-aa2c-4d83-89f9-394e5c65f793,paid_other,general,72,208,2.888888888888889,11,15,1.3636363636363635,11,15,False,0.7333333333333333
ee0c9eff-aa2c-4d83-89f9-394e5c65f793,neural,general,72,72,1.0,11,11,1.0,11,11,True,1.0
ee0c9eff-aa2c-4d83-89f9-394e5c65f793,specialized,general,72,72,1.0,11,11,1.0,11,11,True,1.0
f79a2bbf-5739-4b2e-8741-c2592d2bcc8e,original_free,ai_coding_and_infrastructure,48,48,1.0,7,7,1.0,7,7,True,1.0
f79a2bbf-5739-4b2e-8741-c2592d2bcc8e,paid_brave,ai_coding_and_infrastructure,48,137,2.8541666666666665,7,9,1.2857142857142858,7,9,False,0.7777777777777778
f79a2bbf-5739-4b2e-8741-c2592d2bcc8e,paid_google,ai_coding_and_infrastructure,48,137,2.8541666666666665,7,9,1.2857142857142858,7,9,False,0.7777777777777778
f79a2bbf-5739-4b2e-8741-c2592d2bcc8e,paid_other,ai_coding_and_infrastructure,48,137,2.8541666666666665,7,9,1.2857142857142858,7,9,False,0.7777777777777778
f79a2bbf-5739-4b2e-8741-c2592d2bcc8e,neural,ai_coding_and_infrastructure,48,48,1.0,7,7,1.0,7,7,True,1.0
f79a2bbf-5739-4b2e-8741-c2592d2bcc8e,specialized,ai_coding_and_infrastructure,48,48,1.0,7,7,1.0,7,7,True,1.0
16609785-36c3-42a2-b315-ac8958f59d30,original_free,ai_coding_and_infrastructure,64,64,1.0,8,8,1.0,8,8,True,1.0
16609785-36c3-42a2-b315-ac8958f59d30,paid_brave,ai_coding_and_infrastructure,64,149,2.328125,8,14,1.75,8,14,False,0.5714285714285714
16609785-36c3-42a2-b315-ac8958f59d30,paid_google,ai_coding_and_infrastructure,64,149,2.328125,8,14,1.75,8,14,False,0.5714285714285714
16609785-36c3-42a2-b315-ac8958f59d30,paid_other,ai_coding_and_infrastructure,64,149,2.328125,8,14,1.75,8,14,False,0.5714285714285714
16609785-36c3-42a2-b315-ac8958f59d30,neural,ai_coding_and_infrastructure,64,64,1.0,8,8,1.0,8,8,True,1.0
16609785-36c3-42a2-b315-ac8958f59d30,specialized,ai_coding_and_infrastructure,64,64,1.0,8,8,1.0,8,8,True,1.0
8d062b0f-215e-41a2-811f-81118c89d5fc,original_free,general,113,113,1.0,14,14,1.0,13,13,True,1.0
8d062b0f-215e-41a2-811f-81118c89d5fc,paid_brave,general,113,62,0.5486725663716814,14,9,0.6428571428571429,13,8,False,0.5
8d062b0f-215e-41a2-811f-81118c89d5fc,paid_google,general,113,73,0.6460176991150443,14,10,0.7142857142857143,13,9,False,0.4666666666666667
8d062b0f-215e-41a2-811f-81118c89d5fc,paid_other,general,113,56,0.49557522123893805,14,8,0.5714285714285714,13,8,False,0.3125
8d062b0f-215e-41a2-811f-81118c89d5fc,neural,general,113,137,1.2123893805309736,14,21,1.5,13,21,False,0.3076923076923077
8d062b0f-215e-41a2-811f-81118c89d5fc,specialized,general,113,137,1.2123893805309736,14,21,1.5,13,21,False,0.3076923076923077
86122e62-49f9-462f-ad15-5cc48e1fe7b2,original_free,general,94,94,1.0,15,15,1.0,11,11,True,1.0
86122e62-49f9-462f-ad15-5cc48e1fe7b2,paid_brave,general,94,125,1.3297872340425532,15,18,1.2,11,13,False,0.6
86122e62-49f9-462f-ad15-5cc48e1fe7b2,paid_google,general,94,88,0.9361702127659575,15,13,0.8666666666666667,11,9,False,0.42857142857142855
86122e62-49f9-462f-ad15-5cc48e1fe7b2,paid_other,general,94,83,0.8829787234042553,15,12,0.8,11,8,False,0.11764705882352941
86122e62-49f9-462f-ad15-5cc48e1fe7b2,neural,general,94,289,3.074468085106383,15,36,2.4,11,35,False,0.09523809523809523
86122e62-49f9-462f-ad15-5cc48e1fe7b2,specialized,general,94,289,3.074468085106383,15,36,2.4,11,35,False,0.09523809523809523
c5c926ec-a148-40d9-8d35-7d0968f4cc62,original_free,general,84,84,1.0,11,11,1.0,9,9,True,1.0
c5c926ec-a148-40d9-8d35-7d0968f4cc62,paid_brave,general,84,75,0.8928571428571429,11,10,0.9090909090909091,9,7,False,0.3333333333333333
c5c926ec-a148-40d9-8d35-7d0968f4cc62,paid_google,general,84,62,0.7380952380952381,11,9,0.8181818181818182,9,8,False,0.3076923076923077
c5c926ec-a148-40d9-8d35-7d0968f4cc62,paid_other,general,84,67,0.7976190476190477,11,10,0.9090909090909091,9,6,False,0.25
c5c926ec-a148-40d9-8d35-7d0968f4cc62,neural,general,84,129,1.5357142857142858,11,22,2.0,9,21,False,0.2
c5c926ec-a148-40d9-8d35-7d0968f4cc62,specialized,general,84,129,1.5357142857142858,11,22,2.0,9,21,False,0.2
cc78c2f2-4d4b-458c-80a5-fac7e3b1ccc5,original_free,general,83,83,1.0,13,13,1.0,12,12,True,1.0
cc78c2f2-4d4b-458c-80a5-fac7e3b1ccc5,paid_brave,general,83,72,0.8674698795180723,13,11,0.8461538461538461,12,9,False,0.4
cc78c2f2-4d4b-458c-80a5-fac7e3b1ccc5,paid_google,general,83,86,1.036144578313253,13,13,1.0,12,12,False,0.5
cc78c2f2-4d4b-458c-80a5-fac7e3b1ccc5,paid_other,general,83,76,0.9156626506024096,13,11,0.8461538461538461,12,10,False,0.2222222222222222
cc78c2f2-4d4b-458c-80a5-fac7e3b1ccc5,neural,general,83,168,2.0240963855421685,13,28,2.1538461538461537,12,27,False,0.3
cc78c2f2-4d4b-458c-80a5-fac7e3b1ccc5,specialized,general,83,168,2.0240963855421685,13,28,2.1538461538461537,12,27,False,0.3
02fc1e93-26d3-4eed-a32e-23243f9dde04,original_free,general,40,40,1.0,7,7,1.0,5,5,True,1.0
02fc1e93-26d3-4eed-a32e-23243f9dde04,paid_brave,general,40,47,1.175,7,8,1.1428571428571428,5,6,False,0.8333333333333334
02fc1e93-26d3-4eed-a32e-23243f9dde04,paid_google,general,40,59,1.475,7,10,1.4285714285714286,5,8,False,0.625
02fc1e93-26d3-4eed-a32e-23243f9dde04,paid_other,general,40,62,1.55,7,10,1.4285714285714286,5,8,False,0.625
02fc1e93-26d3-4eed-a32e-23243f9dde04,neural,general,40,154,3.85,7,19,2.7142857142857144,5,18,False,0.15
02fc1e93-26d3-4eed-a32e-23243f9dde04,specialized,general,40,154,3.85,7,19,2.7142857142857144,5,18,False,0.15
8fcd43ce-bee1-4ed1-909c-4c5176f0ba6f,original_free,general,42,42,1.0,7,7,1.0,5,5,True,1.0
8fcd43ce-bee1-4ed1-909c-4c5176f0ba6f,paid_brave,general,42,49,1.1666666666666667,7,8,1.1428571428571428,5,6,False,0.8333333333333334
8fcd43ce-bee1-4ed1-909c-4c5176f0ba6f,paid_google,general,42,66,1.5714285714285714,7,10,1.4285714285714286,5,9,False,0.5555555555555556
8fcd43ce-bee1-4ed1-909c-4c5176f0ba6f,paid_other,general,42,49,1.1666666666666667,7,9,1.2857142857142858,5,6,False,0.375
8fcd43ce-bee1-4ed1-909c-4c5176f0ba6f,neural,general,42,123,2.9285714285714284,7,20,2.857142857142857,5,18,False,0.09523809523809523
8fcd43ce-bee1-4ed1-909c-4c5176f0ba6f,specialized,general,42,123,2.9285714285714284,7,20,2.857142857142857,5,18,False,0.09523809523809523
a32d8a79-ca0c-4749-b929-3c91a939176a,original_free,general,46,46,1.0,8,8,1.0,5,5,True,1.0
a32d8a79-ca0c-4749-b929-3c91a939176a,paid_brave,general,46,63,1.3695652173913044,8,10,1.25,5,7,False,0.7142857142857143
a32d8a79-ca0c-4749-b929-3c91a939176a,paid_google,general,46,70,1.5217391304347827,8,11,1.375,5,9,False,0.4
a32d8a79-ca0c-4749-b929-3c91a939176a,paid_other,general,46,76,1.6521739130434783,8,11,1.375,5,9,False,0.4
a32d8a79-ca0c-4749-b929-3c91a939176a,neural,general,46,92,2.0,8,14,1.75,5,13,False,0.125
a32d8a79-ca0c-4749-b929-3c91a939176a,specialized,general,46,92,2.0,8,14,1.75,5,13,False,0.125
d22fc215-2a66-4a97-863b-3cfb3c7b82c9,original_free,general,68,68,1.0,10,10,1.0,8,8,True,1.0
d22fc215-2a66-4a97-863b-3cfb3c7b82c9,paid_brave,general,68,44,0.6470588235294118,10,7,0.7,8,5,False,0.4444444444444444
d22fc215-2a66-4a97-863b-3cfb3c7b82c9,paid_google,general,68,76,1.1176470588235294,10,11,1.1,8,9,False,0.7
d22fc215-2a66-4a97-863b-3cfb3c7b82c9,paid_other,general,68,50,0.7352941176470589,10,8,0.8,8,7,False,0.15384615384615385
d22fc215-2a66-4a97-863b-3cfb3c7b82c9,neural,general,68,160,2.3529411764705883,10,21,2.1,8,22,False,0.2
d22fc215-2a66-4a97-863b-3cfb3c7b82c9,specialized,general,68,160,2.3529411764705883,10,21,2.1,8,22,False,0.2
38237a35-cdb4-4974-b87a-dbfa8d98e331,original_free,general,55,55,1.0,9,9,1.0,8,8,True,1.0
38237a35-cdb4-4974-b87a-dbfa8d98e331,paid_brave,general,55,42,0.7636363636363637,9,7,0.7777777777777778,8,5,False,0.3
38237a35-cdb4-4974-b87a-dbfa8d98e331,paid_google,general,55,62,1.1272727272727272,9,9,1.0,8,7,False,0.5
38237a35-cdb4-4974-b87a-dbfa8d98e331,paid_other,general,55,70,1.2727272727272727,9,10,1.1111111111111112,8,9,False,0.13333333333333333
38237a35-cdb4-4974-b87a-dbfa8d98e331,neural,general,55,141,2.5636363636363635,9,20,2.2222222222222223,8,19,False,0.125
38237a35-cdb4-4974-b87a-dbfa8d98e331,specialized,general,55,141,2.5636363636363635,9,20,2.2222222222222223,8,19,False,0.125
f136a4eb-5426-49c4-88f8-e3e7879a0af9,original_free,ai_coding_and_infrastructure,23,23,1.0,3,3,1.0,3,3,True,1.0
f136a4eb-5426-49c4-88f8-e3e7879a0af9,paid_brave,ai_coding_and_infrastructure,23,51,2.217391304347826,3,7,2.3333333333333335,3,6,False,0.5
f136a4eb-5426-49c4-88f8-e3e7879a0af9,paid_google,ai_coding_and_infrastructure,23,55,2.391304347826087,3,8,2.6666666666666665,3,8,False,0.375
f136a4eb-5426-49c4-88f8-e3e7879a0af9,paid_other,ai_coding_and_infrastructure,23,74,3.217391304347826,3,9,3.0,3,8,False,0.375
f136a4eb-5426-49c4-88f8-e3e7879a0af9,neural,ai_coding_and_infrastructure,23,86,3.739130434782609,3,14,4.666666666666667,3,14,False,0.13333333333333333
f136a4eb-5426-49c4-88f8-e3e7879a0af9,specialized,ai_coding_and_infrastructure,23,86,3.739130434782609,3,14,4.666666666666667,3,14,False,0.13333333333333333
a5954cf0-0624-484c-8299-4c08c5070c40,original_free,ai_coding_and_infrastructure,34,34,1.0,5,5,1.0,5,5,True,1.0
a5954cf0-0624-484c-8299-4c08c5070c40,paid_brave,ai_coding_and_infrastructure,34,36,1.0588235294117647,5,5,1.0,5,5,False,1.0
a5954cf0-0624-484c-8299-4c08c5070c40,paid_google,ai_coding_and_infrastructure,34,59,1.7352941176470589,5,8,1.6,5,7,False,0.5
a5954cf0-0624-484c-8299-4c08c5070c40,paid_other,ai_coding_and_infrastructure,34,50,1.4705882352941178,5,7,1.4,5,7,False,0.3333333333333333
a5954cf0-0624-484c-8299-4c08c5070c40,neural,ai_coding_and_infrastructure,34,146,4.294117647058823,5,20,4.0,5,20,False,0.25
a5954cf0-0624-484c-8299-4c08c5070c40,specialized,ai_coding_and_infrastructure,34,146,4.294117647058823,5,20,4.0,5,20,False,0.25
f53754ef-9c4e-482f-84d3-9bd0a6a8c892,original_free,ai_coding_and_infrastructure,87,87,1.0,9,9,1.0,9,9,True,1.0
f53754ef-9c4e-482f-84d3-9bd0a6a8c892,paid_brave,ai_coding_and_infrastructure,87,110,1.264367816091954,9,12,1.3333333333333333,9,12,False,0.75
f53754ef-9c4e-482f-84d3-9bd0a6a8c892,paid_google,ai_coding_and_infrastructure,87,94,1.0804597701149425,9,9,1.0,9,9,False,0.8
f53754ef-9c4e-482f-84d3-9bd0a6a8c892,paid_other,ai_coding_and_infrastructure,87,56,0.6436781609195402,9,7,0.7777777777777778,9,7,False,0.45454545454545453
f53754ef-9c4e-482f-84d3-9bd0a6a8c892,neural,ai_coding_and_infrastructure,87,171,1.9655172413793103,9,24,2.6666666666666665,9,24,False,0.17857142857142858
f53754ef-9c4e-482f-84d3-9bd0a6a8c892,specialized,ai_coding_and_infrastructure,87,171,1.9655172413793103,9,24,2.6666666666666665,9,24,False,0.17857142857142858
c8beac48-c90f-435a-9d65-a5adbcfde88b,original_free,comparison,78,78,1.0,12,12,1.0,12,12,True,1.0
c8beac48-c90f-435a-9d65-a5adbcfde88b,paid_brave,comparison,78,49,0.6282051282051282,12,8,0.6666666666666666,12,8,False,0.3333333333333333
c8beac48-c90f-435a-9d65-a5adbcfde88b,paid_google,comparison,78,74,0.9487179487179487,12,10,0.8333333333333334,12,10,False,0.5714285714285714
c8beac48-c90f-435a-9d65-a5adbcfde88b,paid_other,comparison,78,90,1.1538461538461537,12,12,1.0,12,12,False,0.6
c8beac48-c90f-435a-9d65-a5adbcfde88b,neural,comparison,78,171,2.1923076923076925,12,23,1.9166666666666667,12,23,False,0.20689655172413793
c8beac48-c90f-435a-9d65-a5adbcfde88b,specialized,comparison,78,171,2.1923076923076925,12,23,1.9166666666666667,12,23,False,0.20689655172413793
2a467b8d-30e3-4166-8179-d3a96d6c1706,original_free,ai_coding_and_infrastructure,56,56,1.0,8,8,1.0,8,8,True,1.0
2a467b8d-30e3-4166-8179-d3a96d6c1706,paid_brave,ai_coding_and_infrastructure,56,66,1.1785714285714286,8,8,1.0,8,8,False,0.45454545454545453
2a467b8d-30e3-4166-8179-d3a96d6c1706,paid_google,ai_coding_and_infrastructure,56,87,1.5535714285714286,8,10,1.25,8,10,False,0.2
2a467b8d-30e3-4166-8179-d3a96d6c1706,paid_other,ai_coding_and_infrastructure,56,63,1.125,8,9,1.125,8,9,False,0.21428571428571427
2a467b8d-30e3-4166-8179-d3a96d6c1706,neural,ai_coding_and_infrastructure,56,183,3.267857142857143,8,24,3.0,8,24,False,0.23076923076923078
2a467b8d-30e3-4166-8179-d3a96d6c1706,specialized,ai_coding_and_infrastructure,56,183,3.267857142857143,8,24,3.0,8,24,False,0.23076923076923078
fb05cb59-7332-4cd9-a007-560dbc272de9,original_free,ai_coding_and_infrastructure,76,76,1.0,12,12,1.0,9,9,True,1.0
fb05cb59-7332-4cd9-a007-560dbc272de9,paid_brave,ai_coding_and_infrastructure,76,103,1.355263157894737,12,16,1.3333333333333333,9,11,False,0.6666666666666666
fb05cb59-7332-4cd9-a007-560dbc272de9,paid_google,ai_coding_and_infrastructure,76,73,0.9605263157894737,12,10,0.8333333333333334,9,10,False,0.11764705882352941
fb05cb59-7332-4cd9-a007-560dbc272de9,paid_other,ai_coding_and_infrastructure,76,89,1.1710526315789473,12,13,1.0833333333333333,9,10,False,0.1875
fb05cb59-7332-4cd9-a007-560dbc272de9,neural,ai_coding_and_infrastructure,76,192,2.526315789473684,12,27,2.25,9,27,False,0.09090909090909091
fb05cb59-7332-4cd9-a007-560dbc272de9,specialized,ai_coding_and_infrastructure,76,192,2.526315789473684,12,27,2.25,9,27,False,0.09090909090909091
66e51f4c-2b98-4de8-a74d-b394c238bab3,original_free,ai_coding_and_infrastructure,50,50,1.0,8,8,1.0,6,6,True,1.0
66e51f4c-2b98-4de8-a74d-b394c238bab3,paid_brave,ai_coding_and_infrastructure,50,61,1.22,8,7,0.875,6,5,False,0.375
66e51f4c-2b98-4de8-a74d-b394c238bab3,paid_google,ai_coding_and_infrastructure,50,69,1.38,8,9,1.125,6,9,False,0.0
66e51f4c-2b98-4de8-a74d-b394c238bab3,paid_other,ai_coding_and_infrastructure,50,73,1.46,8,10,1.25,6,10,False,0.14285714285714285
66e51f4c-2b98-4de8-a74d-b394c238bab3,neural,ai_coding_and_infrastructure,50,156,3.12,8,22,2.75,6,22,False,0.07692307692307693
66e51f4c-2b98-4de8-a74d-b394c238bab3,specialized,ai_coding_and_infrastructure,50,156,3.12,8,22,2.75,6,22,False,0.07692307692307693
41b36f9a-d24c-4243-a1ab-741ca503a2f8,original_free,ai_coding_and_infrastructure,38,38,1.0,6,6,1.0,6,6,True,1.0
41b36f9a-d24c-4243-a1ab-741ca503a2f8,paid_brave,ai_coding_and_infrastructure,38,66,1.736842105263158,6,9,1.5,6,9,False,0.6666666666666666
41b36f9a-d24c-4243-a1ab-741ca503a2f8,paid_google,ai_coding_and_infrastructure,38,49,1.2894736842105263,6,7,1.1666666666666667,6,7,False,0.4444444444444444
41b36f9a-d24c-4243-a1ab-741ca503a2f8,paid_other,ai_coding_and_infrastructure,38,48,1.263157894736842,6,8,1.3333333333333333,6,8,False,0.5555555555555556
41b36f9a-d24c-4243-a1ab-741ca503a2f8,neural,ai_coding_and_infrastructure,38,82,2.1578947368421053,6,12,2.0,6,12,False,0.38461538461538464
41b36f9a-d24c-4243-a1ab-741ca503a2f8,specialized,ai_coding_and_infrastructure,38,82,2.1578947368421053,6,12,2.0,6,12,False,0.38461538461538464
d5d73cd7-51b2-4eb4-a839-f24340d1b6e5,original_free,ai_coding_and_infrastructure,36,36,1.0,6,6,1.0,6,6,True,1.0
d5d73cd7-51b2-4eb4-a839-f24340d1b6e5,paid_brave,ai_coding_and_infrastructure,36,61,1.6944444444444444,6,9,1.5,6,9,False,0.6666666666666666
d5d73cd7-51b2-4eb4-a839-f24340d1b6e5,paid_google,ai_coding_and_infrastructure,36,58,1.6111111111111112,6,7,1.1666666666666667,6,7,False,0.625
d5d73cd7-51b2-4eb4-a839-f24340d1b6e5,paid_other,ai_coding_and_infrastructure,36,46,1.2777777777777777,6,7,1.1666666666666667,6,7,False,0.4444444444444444
d5d73cd7-51b2-4eb4-a839-f24340d1b6e5,neural,ai_coding_and_infrastructure,36,110,3.0555555555555554,6,16,2.6666666666666665,6,16,False,0.29411764705882354
d5d73cd7-51b2-4eb4-a839-f24340d1b6e5,specialized,ai_coding_and_infrastructure,36,110,3.0555555555555554,6,16,2.6666666666666665,6,16,False,0.29411764705882354
a6852220-b12f-49b8-b5ce-3729edf2bfce,original_free,ai_coding_and_infrastructure,42,42,1.0,5,5,1.0,5,5,True,1.0
a6852220-b12f-49b8-b5ce-3729edf2bfce,paid_brave,ai_coding_and_infrastructure,42,65,1.5476190476190477,5,7,1.4,5,7,False,0.5
a6852220-b12f-49b8-b5ce-3729edf2bfce,paid_google,ai_coding_and_infrastructure,42,44,1.0476190476190477,5,6,1.2,5,6,False,0.375
a6852220-b12f-49b8-b5ce-3729edf2bfce,paid_other,ai_coding_and_infrastructure,42,44,1.0476190476190477,5,6,1.2,5,6,False,0.2222222222222222
a6852220-b12f-49b8-b5ce-3729edf2bfce,neural,ai_coding_and_infrastructure,42,99,2.357142857142857,5,15,3.0,5,15,False,0.25
a6852220-b12f-49b8-b5ce-3729edf2bfce,specialized,ai_coding_and_infrastructure,42,99,2.357142857142857,5,15,3.0,5,15,False,0.25
2a0dc77b-8928-4fc5-ae82-04eaf5dabde0,original_free,ai_coding_and_infrastructure,65,65,1.0,9,9,1.0,9,9,True,1.0
2a0dc77b-8928-4fc5-ae82-04eaf5dabde0,paid_brave,ai_coding_and_infrastructure,65,46,0.7076923076923077,9,8,0.8888888888888888,9,8,False,0.7
2a0dc77b-8928-4fc5-ae82-04eaf5dabde0,paid_google,ai_coding_and_infrastructure,65,59,0.9076923076923077,9,8,0.8888888888888888,9,7,False,0.3333333333333333
2a0dc77b-8928-4fc5-ae82-04eaf5dabde0,paid_other,ai_coding_and_infrastructure,65,65,1.0,9,8,0.8888888888888888,9,8,False,0.5454545454545454
2a0dc77b-8928-4fc5-ae82-04eaf5dabde0,neural,ai_coding_and_infrastructure,65,149,2.292307692307692,9,20,2.2222222222222223,9,20,False,0.2608695652173913
2a0dc77b-8928-4fc5-ae82-04eaf5dabde0,specialized,ai_coding_and_infrastructure,65,149,2.292307692307692,9,20,2.2222222222222223,9,20,False,0.2608695652173913
16cfad6c-8311-4309-b7e8-37e8540a5e4f,original_free,ai_coding_and_infrastructure,31,31,1.0,6,6,1.0,6,6,True,1.0
16cfad6c-8311-4309-b7e8-37e8540a5e4f,paid_brave,ai_coding_and_infrastructure,31,54,1.7419354838709677,6,9,1.5,6,8,False,0.5555555555555556
16cfad6c-8311-4309-b7e8-37e8540a5e4f,paid_google,ai_coding_and_infrastructure,31,56,1.8064516129032258,6,9,1.5,6,9,False,0.5
16cfad6c-8311-4309-b7e8-37e8540a5e4f,paid_other,ai_coding_and_infrastructure,31,75,2.4193548387096775,6,12,2.0,6,12,False,0.38461538461538464
16cfad6c-8311-4309-b7e8-37e8540a5e4f,neural,ai_coding_and_infrastructure,31,112,3.6129032258064515,6,18,3.0,6,18,False,0.14285714285714285
16cfad6c-8311-4309-b7e8-37e8540a5e4f,specialized,ai_coding_and_infrastructure,31,112,3.6129032258064515,6,18,3.0,6,18,False,0.14285714285714285
3f1d1563-32dd-441b-920a-a5321315f33b,original_free,ai_coding_and_infrastructure,42,42,1.0,8,8,1.0,8,8,True,1.0
3f1d1563-32dd-441b-920a-a5321315f33b,paid_brave,ai_coding_and_infrastructure,42,54,1.2857142857142858,8,9,1.125,8,9,False,0.7
3f1d1563-32dd-441b-920a-a5321315f33b,paid_google,ai_coding_and_infrastructure,42,57,1.3571428571428572,8,9,1.125,8,9,False,0.5454545454545454
3f1d1563-32dd-441b-920a-a5321315f33b,paid_other,ai_coding_and_infrastructure,42,65,1.5476190476190477,8,11,1.375,8,8,False,0.14285714285714285
3f1d1563-32dd-441b-920a-a5321315f33b,neural,ai_coding_and_infrastructure,42,127,3.0238095238095237,8,18,2.25,8,18,False,0.4444444444444444
3f1d1563-32dd-441b-920a-a5321315f33b,specialized,ai_coding_and_infrastructure,42,127,3.0238095238095237,8,18,2.25,8,18,False,0.4444444444444444
4e7d0fa3-9fa7-4971-a6e8-3ad0e4bf0388,original_free,ai_coding_and_infrastructure,45,45,1.0,8,8,1.0,7,7,True,1.0
4e7d0fa3-9fa7-4971-a6e8-3ad0e4bf0388,paid_brave,ai_coding_and_infrastructure,45,73,1.6222222222222222,8,12,1.5,7,10,False,0.7
4e7d0fa3-9fa7-4971-a6e8-3ad0e4bf0388,paid_google,ai_coding_and_infrastructure,45,69,1.5333333333333334,8,10,1.25,7,9,False,0.7777777777777778
4e7d0fa3-9fa7-4971-a6e8-3ad0e4bf0388,paid_other,ai_coding_and_infrastructure,45,56,1.2444444444444445,8,10,1.25,7,8,False,0.25
4e7d0fa3-9fa7-4971-a6e8-3ad0e4bf0388,neural,ai_coding_and_infrastructure,45,112,2.488888888888889,8,20,2.5,7,19,False,0.3
4e7d0fa3-9fa7-4971-a6e8-3ad0e4bf0388,specialized,ai_coding_and_infrastructure,45,112,2.488888888888889,8,20,2.5,7,19,False,0.3
065cfc03-c130-4846-9a18-b857a5765fe3,original_free,ai_coding_and_infrastructure,36,36,1.0,6,6,1.0,6,6,True,1.0
065cfc03-c130-4846-9a18-b857a5765fe3,paid_brave,ai_coding_and_infrastructure,36,61,1.6944444444444444,6,9,1.5,6,9,False,0.6666666666666666
065cfc03-c130-4846-9a18-b857a5765fe3,paid_google,ai_coding_and_infrastructure,36,77,2.138888888888889,6,11,1.8333333333333333,6,11,False,0.5454545454545454
065cfc03-c130-4846-9a18-b857a5765fe3,paid_other,ai_coding_and_infrastructure,36,45,1.25,6,7,1.1666666666666667,6,7,False,0.4444444444444444
065cfc03-c130-4846-9a18-b857a5765fe3,neural,ai_coding_and_infrastructure,36,121,3.361111111111111,6,16,2.6666666666666665,6,16,False,0.29411764705882354
065cfc03-c130-4846-9a18-b857a5765fe3,specialized,ai_coding_and_infrastructure,36,121,3.361111111111111,6,16,2.6666666666666665,6,16,False,0.29411764705882354
e5fa39dc-01ae-4a7d-9da8-5daa8aa4f5a5,original_free,ai_coding_and_infrastructure,63,63,1.0,7,7,1.0,7,7,True,1.0
e5fa39dc-01ae-4a7d-9da8-5daa8aa4f5a5,paid_brave,ai_coding_and_infrastructure,63,60,0.9523809523809523,7,6,0.8571428571428571,7,6,False,0.3
e5fa39dc-01ae-4a7d-9da8-5daa8aa4f5a5,paid_google,ai_coding_and_infrastructure,63,86,1.3650793650793651,7,10,1.4285714285714286,7,10,False,0.4166666666666667
e5fa39dc-01ae-4a7d-9da8-5daa8aa4f5a5,paid_other,ai_coding_and_infrastructure,63,63,1.0,7,8,1.1428571428571428,7,8,False,0.36363636363636365
e5fa39dc-01ae-4a7d-9da8-5daa8aa4f5a5,neural,ai_coding_and_infrastructure,63,173,2.746031746031746,7,24,3.4285714285714284,7,24,False,0.2916666666666667
e5fa39dc-01ae-4a7d-9da8-5daa8aa4f5a5,specialized,ai_coding_and_infrastructure,63,173,2.746031746031746,7,24,3.4285714285714284,7,24,False,0.2916666666666667
dab294f7-a79d-48f5-af95-eff5ef9fab6e,original_free,ai_coding_and_infrastructure,77,77,1.0,6,6,1.0,6,6,True,1.0
dab294f7-a79d-48f5-af95-eff5ef9fab6e,paid_brave,ai_coding_and_infrastructure,77,103,1.3376623376623376,6,9,1.5,6,9,False,0.6666666666666666
dab294f7-a79d-48f5-af95-eff5ef9fab6e,paid_google,ai_coding_and_infrastructure,77,95,1.2337662337662338,6,9,1.5,6,9,False,0.07142857142857142
dab294f7-a79d-48f5-af95-eff5ef9fab6e,paid_other,ai_coding_and_infrastructure,77,112,1.4545454545454546,6,11,1.8333333333333333,6,11,False,0.5454545454545454
dab294f7-a79d-48f5-af95-eff5ef9fab6e,neural,ai_coding_and_infrastructure,77,208,2.7012987012987013,6,21,3.5,6,21,False,0.2857142857142857
dab294f7-a79d-48f5-af95-eff5ef9fab6e,specialized,ai_coding_and_infrastructure,77,208,2.7012987012987013,6,21,3.5,6,21,False,0.2857142857142857
dac3c153-3186-495a-aebc-09ab5949fb21,original_free,general,56,56,1.0,9,9,1.0,9,9,True,1.0
dac3c153-3186-495a-aebc-09ab5949fb21,paid_brave,general,56,69,1.2321428571428572,9,11,1.2222222222222223,9,10,False,0.7272727272727273
dac3c153-3186-495a-aebc-09ab5949fb21,paid_google,general,56,68,1.2142857142857142,9,10,1.1111111111111112,9,10,False,0.5833333333333334
dac3c153-3186-495a-aebc-09ab5949fb21,paid_other,general,56,65,1.1607142857142858,9,10,1.1111111111111112,9,10,False,0.35714285714285715
dac3c153-3186-495a-aebc-09ab5949fb21,neural,general,56,217,3.875,9,27,3.0,9,28,False,0.23333333333333334
dac3c153-3186-495a-aebc-09ab5949fb21,specialized,general,56,70,1.25,9,11,1.2222222222222223,9,9,False,0.38461538461538464
b0b17244-af3f-4678-ad9f-bba4b71dcfbf,original_free,general,68,68,1.0,9,9,1.0,9,9,True,1.0
b0b17244-af3f-4678-ad9f-bba4b71dcfbf,paid_brave,general,68,39,0.5735294117647058,9,7,0.7777777777777778,9,6,False,0.25
b0b17244-af3f-4678-ad9f-bba4b71dcfbf,paid_google,general,68,48,0.7058823529411765,9,6,0.6666666666666666,9,6,False,0.25
b0b17244-af3f-4678-ad9f-bba4b71dcfbf,paid_other,general,68,68,1.0,9,9,1.0,9,9,False,0.2
b0b17244-af3f-4678-ad9f-bba4b71dcfbf,neural,general,68,147,2.161764705882353,9,20,2.2222222222222223,9,20,False,0.3181818181818182
b0b17244-af3f-4678-ad9f-bba4b71dcfbf,specialized,general,68,45,0.6617647058823529,9,8,0.8888888888888888,9,7,False,0.14285714285714285
524f85ab-7574-4bd1-a225-b2b8bad8a6e2,original_free,general,46,46,1.0,9,9,1.0,9,9,True,1.0
524f85ab-7574-4bd1-a225-b2b8bad8a6e2,paid_brave,general,46,29,0.6304347826086957,9,5,0.5555555555555556,9,5,False,0.2727272727272727
524f85ab-7574-4bd1-a225-b2b8bad8a6e2,paid_google,general,46,64,1.391304347826087,9,9,1.0,9,8,False,0.21428571428571427
524f85ab-7574-4bd1-a225-b2b8bad8a6e2,paid_other,general,46,63,1.3695652173913044,9,10,1.1111111111111112,9,9,False,0.2857142857142857
524f85ab-7574-4bd1-a225-b2b8bad8a6e2,neural,general,46,151,3.282608695652174,9,26,2.888888888888889,9,26,False,0.20689655172413793
524f85ab-7574-4bd1-a225-b2b8bad8a6e2,specialized,general,46,37,0.8043478260869565,9,6,0.6666666666666666,9,6,False,0.25
99106d71-722c-4b31-9347-3156e6db6877,original_free,general,80,80,1.0,12,12,1.0,12,12,True,1.0
99106d71-722c-4b31-9347-3156e6db6877,paid_brave,general,80,59,0.7375,12,9,0.75,12,8,False,0.42857142857142855
99106d71-722c-4b31-9347-3156e6db6877,paid_google,general,80,53,0.6625,12,7,0.5833333333333334,12,7,False,0.46153846153846156
99106d71-722c-4b31-9347-3156e6db6877,paid_other,general,80,47,0.5875,12,7,0.5833333333333334,12,7,False,0.26666666666666666
99106d71-722c-4b31-9347-3156e6db6877,neural,general,80,218,2.725,12,32,2.6666666666666665,12,31,False,0.16216216216216217
99106d71-722c-4b31-9347-3156e6db6877,specialized,general,80,53,0.6625,12,9,0.75,12,7,False,0.26666666666666666
98badc56-a1ba-4b66-bc77-7942596a5ce3,original_free,general,87,87,1.0,13,13,1.0,12,12,True,1.0
98badc56-a1ba-4b66-bc77-7942596a5ce3,paid_brave,general,87,78,0.896551724137931,13,11,0.8461538461538461,12,9,False,0.5
98badc56-a1ba-4b66-bc77-7942596a5ce3,paid_google,general,87,55,0.632183908045977,13,7,0.5384615384615384,12,7,False,0.35714285714285715
98badc56-a1ba-4b66-bc77-7942596a5ce3,paid_other,general,87,58,0.6666666666666666,13,9,0.6923076923076923,12,9,False,0.3125
98badc56-a1ba-4b66-bc77-7942596a5ce3,neural,general,87,193,2.218390804597701,13,26,2.0,12,26,False,0.3103448275862069
98badc56-a1ba-4b66-bc77-7942596a5ce3,specialized,general,87,73,0.8390804597701149,13,10,0.7692307692307693,12,9,False,0.4
232f4b01-da33-4f12-ad55-aaec7544cf87,original_free,ai_coding_and_infrastructure,87,87,1.0,12,12,1.0,12,12,True,1.0
232f4b01-da33-4f12-ad55-aaec7544cf87,paid_brave,ai_coding_and_infrastructure,87,74,0.8505747126436781,12,9,0.75,12,9,False,0.4
232f4b01-da33-4f12-ad55-aaec7544cf87,paid_google,ai_coding_and_infrastructure,87,67,0.7701149425287356,12,8,0.6666666666666666,12,8,False,0.25
232f4b01-da33-4f12-ad55-aaec7544cf87,paid_other,ai_coding_and_infrastructure,87,84,0.9655172413793104,12,11,0.9166666666666666,12,11,False,0.35294117647058826
232f4b01-da33-4f12-ad55-aaec7544cf87,neural,ai_coding_and_infrastructure,87,167,1.9195402298850575,12,20,1.6666666666666667,12,20,False,0.28
232f4b01-da33-4f12-ad55-aaec7544cf87,specialized,ai_coding_and_infrastructure,87,113,1.2988505747126438,12,13,1.0833333333333333,12,12,False,0.4117647058823529
69946991-3f00-4495-86e2-485e1f6c2c8c,original_free,ai_coding_and_infrastructure,64,64,1.0,8,8,1.0,7,7,True,1.0
69946991-3f00-4495-86e2-485e1f6c2c8c,paid_brave,ai_coding_and_infrastructure,64,67,1.046875,8,9,1.125,7,7,False,0.4
69946991-3f00-4495-86e2-485e1f6c2c8c,paid_google,ai_coding_and_infrastructure,64,74,1.15625,8,9,1.125,7,8,False,0.07142857142857142
69946991-3f00-4495-86e2-485e1f6c2c8c,paid_other,ai_coding_and_infrastructure,64,66,1.03125,8,9,1.125,7,9,False,0.06666666666666667
69946991-3f00-4495-86e2-485e1f6c2c8c,neural,ai_coding_and_infrastructure,64,169,2.640625,8,24,3.0,7,24,False,0.14814814814814814
69946991-3f00-4495-86e2-485e1f6c2c8c,specialized,ai_coding_and_infrastructure,64,118,1.84375,8,14,1.75,7,14,False,0.10526315789473684
0a9c269e-5c8d-4125-9165-bf2f57cbb059,original_free,ai_coding_and_infrastructure,63,63,1.0,8,8,1.0,8,8,True,1.0
0a9c269e-5c8d-4125-9165-bf2f57cbb059,paid_brave,ai_coding_and_infrastructure,63,64,1.0158730158730158,8,9,1.125,8,8,False,0.45454545454545453
0a9c269e-5c8d-4125-9165-bf2f57cbb059,paid_google,ai_coding_and_infrastructure,63,80,1.2698412698412698,8,9,1.125,8,9,False,0.0
0a9c269e-5c8d-4125-9165-bf2f57cbb059,paid_other,ai_coding_and_infrastructure,63,89,1.4126984126984128,8,11,1.375,8,10,False,0.0
0a9c269e-5c8d-4125-9165-bf2f57cbb059,neural,ai_coding_and_infrastructure,63,225,3.5714285714285716,8,30,3.75,8,30,False,0.05555555555555555
0a9c269e-5c8d-4125-9165-bf2f57cbb059,specialized,ai_coding_and_infrastructure,63,179,2.8412698412698414,8,20,2.5,8,18,False,0.18181818181818182
e611137b-b0f8-4ed4-bec0-25b7dd1c6a91,original_free,ai_coding_and_infrastructure,43,43,1.0,5,5,1.0,5,5,True,1.0
e611137b-b0f8-4ed4-bec0-25b7dd1c6a91,paid_brave,ai_coding_and_infrastructure,43,66,1.5348837209302326,5,9,1.8,5,8,False,0.625
e611137b-b0f8-4ed4-bec0-25b7dd1c6a91,paid_google,ai_coding_and_infrastructure,43,51,1.186046511627907,5,7,1.4,5,7,False,0.3333333333333333
e611137b-b0f8-4ed4-bec0-25b7dd1c6a91,paid_other,ai_coding_and_infrastructure,43,58,1.3488372093023255,5,9,1.8,5,9,False,0.2727272727272727
e611137b-b0f8-4ed4-bec0-25b7dd1c6a91,neural,ai_coding_and_infrastructure,43,177,4.116279069767442,5,22,4.4,5,22,False,0.125
e611137b-b0f8-4ed4-bec0-25b7dd1c6a91,specialized,ai_coding_and_infrastructure,43,104,2.4186046511627906,5,13,2.6,5,12,False,0.21428571428571427
422a18d3-971e-4a2f-bb0f-e0bca5fc641c,original_free,ai_coding_and_infrastructure,49,49,1.0,5,5,1.0,5,5,True,1.0
422a18d3-971e-4a2f-bb0f-e0bca5fc641c,paid_brave,ai_coding_and_infrastructure,49,60,1.2244897959183674,5,8,1.6,5,7,False,0.5
422a18d3-971e-4a2f-bb0f-e0bca5fc641c,paid_google,ai_coding_and_infrastructure,49,86,1.7551020408163265,5,8,1.6,5,8,False,0.18181818181818182
422a18d3-971e-4a2f-bb0f-e0bca5fc641c,paid_other,ai_coding_and_infrastructure,49,61,1.2448979591836735,5,9,1.8,5,9,False,0.07692307692307693
422a18d3-971e-4a2f-bb0f-e0bca5fc641c,neural,ai_coding_and_infrastructure,49,255,5.204081632653061,5,33,6.6,5,32,False,0.08823529411764706
422a18d3-971e-4a2f-bb0f-e0bca5fc641c,specialized,ai_coding_and_infrastructure,49,165,3.36734693877551,5,15,3.0,5,14,False,0.11764705882352941
d20cf5fd-c775-468e-92a8-85d12a0ac794,original_free,general,96,96,1.0,15,15,1.0,14,14,True,1.0
d20cf5fd-c775-468e-92a8-85d12a0ac794,paid_brave,general,96,124,1.2916666666666667,15,18,1.2,14,17,False,0.8235294117647058
d20cf5fd-c775-468e-92a8-85d12a0ac794,paid_google,general,96,90,0.9375,15,12,0.8,14,12,False,0.4444444444444444
d20cf5fd-c775-468e-92a8-85d12a0ac794,paid_other,general,96,97,1.0104166666666667,15,14,0.9333333333333333,14,13,False,0.42105263157894735
d20cf5fd-c775-468e-92a8-85d12a0ac794,neural,general,96,153,1.59375,15,21,1.4,14,20,False,0.1724137931034483
d20cf5fd-c775-468e-92a8-85d12a0ac794,specialized,general,96,81,0.84375,15,11,0.7333333333333333,14,10,False,0.2631578947368421
cee8284a-4926-4699-9511-ba70eb36db58,original_free,ai_coding_and_infrastructure,75,75,1.0,11,11,1.0,11,11,True,1.0
cee8284a-4926-4699-9511-ba70eb36db58,paid_brave,ai_coding_and_infrastructure,75,56,0.7466666666666667,11,7,0.6363636363636364,11,7,False,0.2857142857142857
cee8284a-4926-4699-9511-ba70eb36db58,paid_google,ai_coding_and_infrastructure,75,72,0.96,11,11,1.0,11,11,False,0.5714285714285714
cee8284a-4926-4699-9511-ba70eb36db58,paid_other,ai_coding_and_infrastructure,75,41,0.5466666666666666,11,6,0.5454545454545454,11,6,False,0.13333333333333333
cee8284a-4926-4699-9511-ba70eb36db58,neural,ai_coding_and_infrastructure,75,183,2.44,11,28,2.5454545454545454,11,28,False,0.3448275862068966
cee8284a-4926-4699-9511-ba70eb36db58,specialized,ai_coding_and_infrastructure,75,91,1.2133333333333334,11,12,1.0909090909090908,11,11,False,0.29411764705882354
d625d3b0-5099-4c62-b12b-8b8d7084790c,original_free,ai_coding_and_infrastructure,139,139,1.0,18,18,1.0,13,13,True,1.0
d625d3b0-5099-4c62-b12b-8b8d7084790c,paid_brave,ai_coding_and_infrastructure,139,86,0.6187050359712231,18,14,0.7777777777777778,13,9,False,0.5714285714285714
d625d3b0-5099-4c62-b12b-8b8d7084790c,paid_google,ai_coding_and_infrastructure,139,117,0.841726618705036,18,18,1.0,13,12,False,0.6666666666666666
d625d3b0-5099-4c62-b12b-8b8d7084790c,paid_other,ai_coding_and_infrastructure,139,70,0.5035971223021583,18,10,0.5555555555555556,13,7,False,0.05263157894736842
d625d3b0-5099-4c62-b12b-8b8d7084790c,neural,ai_coding_and_infrastructure,139,212,1.525179856115108,18,33,1.8333333333333333,13,32,False,0.18421052631578946
d625d3b0-5099-4c62-b12b-8b8d7084790c,specialized,ai_coding_and_infrastructure,139,102,0.7338129496402878,18,15,0.8333333333333334,13,13,False,0.23809523809523808
f9afc108-65de-469c-9d36-33726cb128d2,original_free,general,19,19,1.0,4,4,1.0,3,3,True,1.0
f9afc108-65de-469c-9d36-33726cb128d2,paid_brave,general,19,26,1.368421052631579,4,5,1.25,3,4,False,0.75
f9afc108-65de-469c-9d36-33726cb128d2,paid_google,general,19,55,2.8947368421052633,4,9,2.25,3,7,False,0.42857142857142855
f9afc108-65de-469c-9d36-33726cb128d2,paid_other,general,19,57,3.0,4,9,2.25,3,8,False,0.375
f9afc108-65de-469c-9d36-33726cb128d2,neural,general,19,123,6.473684210526316,4,19,4.75,3,18,False,0.16666666666666666
f9afc108-65de-469c-9d36-33726cb128d2,specialized,general,19,53,2.789473684210526,4,9,2.25,3,5,False,0.0
eec7a420-f678-4331-a5c0-4349ca145d8a,original_free,general,19,19,1.0,4,4,1.0,3,3,True,1.0
eec7a420-f678-4331-a5c0-4349ca145d8a,paid_brave,general,19,47,2.473684210526316,4,8,2.0,3,6,False,0.5
eec7a420-f678-4331-a5c0-4349ca145d8a,paid_google,general,19,54,2.8421052631578947,4,7,1.75,3,6,False,0.5
eec7a420-f678-4331-a5c0-4349ca145d8a,paid_other,general,19,37,1.9473684210526316,4,7,1.75,3,6,False,0.5
eec7a420-f678-4331-a5c0-4349ca145d8a,neural,general,19,120,6.315789473684211,4,22,5.5,3,21,False,0.14285714285714285
eec7a420-f678-4331-a5c0-4349ca145d8a,specialized,general,19,37,1.9473684210526316,4,7,1.75,3,6,False,0.5
48a73e7b-549d-4c05-97c6-0d8ef5206b6e,original_free,general,19,19,1.0,4,4,1.0,3,3,True,1.0
48a73e7b-549d-4c05-97c6-0d8ef5206b6e,paid_brave,general,19,47,2.473684210526316,4,8,2.0,3,6,False,0.5
48a73e7b-549d-4c05-97c6-0d8ef5206b6e,paid_google,general,19,49,2.5789473684210527,4,5,1.25,3,5,False,0.3333333333333333
48a73e7b-549d-4c05-97c6-0d8ef5206b6e,paid_other,general,19,53,2.789473684210526,4,9,2.25,3,8,False,0.375
48a73e7b-549d-4c05-97c6-0d8ef5206b6e,neural,general,19,104,5.473684210526316,4,19,4.75,3,18,False,0.16666666666666666
48a73e7b-549d-4c05-97c6-0d8ef5206b6e,specialized,general,19,48,2.526315789473684,4,8,2.0,3,5,False,0.14285714285714285
9c7fb591-c432-4585-9a05-db41497e0f9c,original_free,general,19,19,1.0,4,4,1.0,3,3,True,1.0
9c7fb591-c432-4585-9a05-db41497e0f9c,paid_brave,general,19,47,2.473684210526316,4,8,2.0,3,6,False,0.5
9c7fb591-c432-4585-9a05-db41497e0f9c,paid_google,general,19,49,2.5789473684210527,4,5,1.25,3,5,False,0.3333333333333333
9c7fb591-c432-4585-9a05-db41497e0f9c,paid_other,general,19,53,2.789473684210526,4,9,2.25,3,8,False,0.375
9c7fb591-c432-4585-9a05-db41497e0f9c,neural,general,19,104,5.473684210526316,4,19,4.75,3,18,False,0.16666666666666666
9c7fb591-c432-4585-9a05-db41497e0f9c,specialized,general,19,48,2.526315789473684,4,8,2.0,3,5,False,0.14285714285714285
514fd566-7df6-4248-aa6a-92d610a839c0,original_free,general,19,19,1.0,4,4,1.0,3,3,True,1.0
514fd566-7df6-4248-aa6a-92d610a839c0,paid_brave,general,19,47,2.473684210526316,4,8,2.0,3,6,False,0.5
514fd566-7df6-4248-aa6a-92d610a839c0,paid_google,general,19,49,2.5789473684210527,4,5,1.25,3,5,False,0.3333333333333333
514fd566-7df6-4248-aa6a-92d610a839c0,paid_other,general,19,53,2.789473684210526,4,9,2.25,3,8,False,0.375
514fd566-7df6-4248-aa6a-92d610a839c0,neural,general,19,104,5.473684210526316,4,19,4.75,3,18,False,0.16666666666666666
514fd566-7df6-4248-aa6a-92d610a839c0,specialized,general,19,48,2.526315789473684,4,8,2.0,3,5,False,0.14285714285714285
849c7c61-5a28-46bd-af07-62b062c027c5,original_free,general,19,19,1.0,4,4,1.0,3,3,True,1.0
849c7c61-5a28-46bd-af07-62b062c027c5,paid_brave,general,19,47,2.473684210526316,4,8,2.0,3,6,False,0.5
849c7c61-5a28-46bd-af07-62b062c027c5,paid_google,general,19,49,2.5789473684210527,4,5,1.25,3,5,False,0.3333333333333333
849c7c61-5a28-46bd-af07-62b062c027c5,paid_other,general,19,53,2.789473684210526,4,9,2.25,3,8,False,0.375
849c7c61-5a28-46bd-af07-62b062c027c5,neural,general,19,104,5.473684210526316,4,19,4.75,3,18,False,0.16666666666666666
849c7c61-5a28-46bd-af07-62b062c027c5,specialized,general,19,48,2.526315789473684,4,8,2.0,3,5,False,0.14285714285714285
57f03947-852c-4a2f-a974-b8a3b6905c5b,original_free,general,19,19,1.0,4,4,1.0,3,3,True,1.0
57f03947-852c-4a2f-a974-b8a3b6905c5b,paid_brave,general,19,47,2.473684210526316,4,8,2.0,3,6,False,0.5
57f03947-852c-4a2f-a974-b8a3b6905c5b,paid_google,general,19,49,2.5789473684210527,4,5,1.25,3,5,False,0.3333333333333333
57f03947-852c-4a2f-a974-b8a3b6905c5b,paid_other,general,19,53,2.789473684210526,4,9,2.25,3,8,False,0.375
57f03947-852c-4a2f-a974-b8a3b6905c5b,neural,general,19,104,5.473684210526316,4,19,4.75,3,18,False,0.16666666666666666
57f03947-852c-4a2f-a974-b8a3b6905c5b,specialized,general,19,48,2.526315789473684,4,8,2.0,3,5,False,0.14285714285714285
6ac439a3-ca36-421e-a4a9-778fb1e9538f,original_free,general,19,19,1.0,4,4,1.0,3,3,True,1.0
6ac439a3-ca36-421e-a4a9-778fb1e9538f,paid_brave,general,19,47,2.473684210526316,4,8,2.0,3,6,False,0.5
6ac439a3-ca36-421e-a4a9-778fb1e9538f,paid_google,general,19,49,2.5789473684210527,4,5,1.25,3,5,False,0.3333333333333333
6ac439a3-ca36-421e-a4a9-778fb1e9538f,paid_other,general,19,53,2.789473684210526,4,9,2.25,3,8,False,0.375
6ac439a3-ca36-421e-a4a9-778fb1e9538f,neural,general,19,104,5.473684210526316,4,19,4.75,3,18,False,0.16666666666666666
6ac439a3-ca36-421e-a4a9-778fb1e9538f,specialized,general,19,48,2.526315789473684,4,8,2.0,3,5,False,0.14285714285714285
770a5344-2ea6-4256-a2fb-bbfb902af62e,original_free,general,19,19,1.0,4,4,1.0,3,3,True,1.0
770a5344-2ea6-4256-a2fb-bbfb902af62e,paid_brave,general,19,47,2.473684210526316,4,8,2.0,3,6,False,0.5
770a5344-2ea6-4256-a2fb-bbfb902af62e,paid_google,general,19,54,2.8421052631578947,4,7,1.75,3,6,False,0.5
770a5344-2ea6-4256-a2fb-bbfb902af62e,paid_other,general,19,37,1.9473684210526316,4,7,1.75,3,6,False,0.5
770a5344-2ea6-4256-a2fb-bbfb902af62e,neural,general,19,120,6.315789473684211,4,22,5.5,3,21,False,0.14285714285714285
770a5344-2ea6-4256-a2fb-bbfb902af62e,specialized,general,19,37,1.9473684210526316,4,7,1.75,3,6,False,0.5
3fe05733-8253-46a2-924c-bb0cedbe290e,original_free,general,4,4,1.0,1,1,1.0,1,1,True,1.0
3fe05733-8253-46a2-924c-bb0cedbe290e,paid_brave,general,4,30,7.5,1,5,5.0,1,4,False,0.25
3fe05733-8253-46a2-924c-bb0cedbe290e,paid_google,general,4,27,6.75,1,3,3.0,1,3,False,0.3333333333333333
3fe05733-8253-46a2-924c-bb0cedbe290e,paid_other,general,4,25,6.25,1,5,5.0,1,5,False,0.2
3fe05733-8253-46a2-924c-bb0cedbe290e,neural,general,4,101,25.25,1,15,15.0,1,15,False,0.06666666666666667
3fe05733-8253-46a2-924c-bb0cedbe290e,specialized,general,4,46,11.5,1,7,7.0,1,6,False,0.16666666666666666
c6236195-7c48-4ce3-bb31-92b7ed07bd96,original_free,general,4,4,1.0,1,1,1.0,1,1,True,1.0
c6236195-7c48-4ce3-bb31-92b7ed07bd96,paid_brave,general,4,34,8.5,1,5,5.0,1,4,False,0.25
c6236195-7c48-4ce3-bb31-92b7ed07bd96,paid_google,general,4,29,7.25,1,5,5.0,1,5,False,0.2
c6236195-7c48-4ce3-bb31-92b7ed07bd96,paid_other,general,4,31,7.75,1,5,5.0,1,5,False,0.2
c6236195-7c48-4ce3-bb31-92b7ed07bd96,neural,general,4,134,33.5,1,21,21.0,1,19,False,0.05263157894736842
c6236195-7c48-4ce3-bb31-92b7ed07bd96,specialized,general,4,54,13.5,1,8,8.0,1,6,False,0.16666666666666666
d0dacb59-cadf-41f8-9bb6-e6f2be6b3a5c,original_free,general,19,19,1.0,4,4,1.0,3,3,True,1.0
d0dacb59-cadf-41f8-9bb6-e6f2be6b3a5c,paid_brave,general,19,47,2.473684210526316,4,8,2.0,3,6,False,0.5
d0dacb59-cadf-41f8-9bb6-e6f2be6b3a5c,paid_google,general,19,49,2.5789473684210527,4,5,1.25,3,5,False,0.3333333333333333
d0dacb59-cadf-41f8-9bb6-e6f2be6b3a5c,paid_other,general,19,53,2.789473684210526,4,9,2.25,3,8,False,0.375
d0dacb59-cadf-41f8-9bb6-e6f2be6b3a5c,neural,general,19,104,5.473684210526316,4,19,4.75,3,18,False,0.16666666666666666
d0dacb59-cadf-41f8-9bb6-e6f2be6b3a5c,specialized,general,19,48,2.526315789473684,4,8,2.0,3,5,False,0.14285714285714285
4625070b-8780-45d0-961c-a9463854ce9c,original_free,general,19,19,1.0,4,4,1.0,3,3,True,1.0
4625070b-8780-45d0-961c-a9463854ce9c,paid_brave,general,19,47,2.473684210526316,4,8,2.0,3,6,False,0.5
4625070b-8780-45d0-961c-a9463854ce9c,paid_google,general,19,49,2.5789473684210527,4,5,1.25,3,5,False,0.3333333333333333
4625070b-8780-45d0-961c-a9463854ce9c,paid_other,general,19,53,2.789473684210526,4,9,2.25,3,8,False,0.375
4625070b-8780-45d0-961c-a9463854ce9c,neural,general,19,104,5.473684210526316,4,19,4.75,3,18,False,0.16666666666666666
4625070b-8780-45d0-961c-a9463854ce9c,specialized,general,19,48,2.526315789473684,4,8,2.0,3,5,False,0.14285714285714285
eb4912a1-715d-441b-bd84-c0d533b96038,original_free,general,42,42,1.0,7,7,1.0,6,6,True,1.0
eb4912a1-715d-441b-bd84-c0d533b96038,paid_brave,general,42,58,1.380952380952381,7,10,1.4285714285714286,6,8,False,0.5555555555555556
eb4912a1-715d-441b-bd84-c0d533b96038,paid_google,general,42,60,1.4285714285714286,7,10,1.4285714285714286,6,9,False,0.5
eb4912a1-715d-441b-bd84-c0d533b96038,paid_other,general,42,71,1.6904761904761905,7,13,1.8571428571428572,6,12,False,0.5
eb4912a1-715d-441b-bd84-c0d533b96038,neural,general,42,149,3.5476190476190474,7,20,2.857142857142857,6,20,False,0.18181818181818182
eb4912a1-715d-441b-bd84-c0d533b96038,specialized,general,42,73,1.7380952380952381,7,11,1.5714285714285714,6,8,False,0.2727272727272727
b03e2e34-95b6-4264-8042-4d39ad76d21f,original_free,general,42,42,1.0,7,7,1.0,5,5,True,1.0
b03e2e34-95b6-4264-8042-4d39ad76d21f,paid_brave,general,42,65,1.5476190476190477,7,11,1.5714285714285714,5,8,False,0.625
b03e2e34-95b6-4264-8042-4d39ad76d21f,paid_google,general,42,68,1.619047619047619,7,10,1.4285714285714286,5,8,False,0.625
b03e2e34-95b6-4264-8042-4d39ad76d21f,paid_other,general,42,43,1.0238095238095237,7,9,1.2857142857142858,5,7,False,0.2
b03e2e34-95b6-4264-8042-4d39ad76d21f,neural,general,42,109,2.5952380952380953,7,17,2.4285714285714284,5,15,False,0.3333333333333333
b03e2e34-95b6-4264-8042-4d39ad76d21f,specialized,general,42,69,1.6428571428571428,7,10,1.4285714285714286,5,8,False,0.4444444444444444
1ede234a-9e13-48ee-9e3d-dea67eeb8871,original_free,general,45,45,1.0,6,6,1.0,6,6,True,1.0
1ede234a-9e13-48ee-9e3d-dea67eeb8871,paid_brave,general,45,46,1.0222222222222221,6,9,1.5,6,6,False,0.2
1ede234a-9e13-48ee-9e3d-dea67eeb8871,paid_google,general,45,60,1.3333333333333333,6,8,1.3333333333333333,6,8,False,0.4
1ede234a-9e13-48ee-9e3d-dea67eeb8871,paid_other,general,45,64,1.4222222222222223,6,9,1.5,6,9,False,0.6666666666666666
1ede234a-9e13-48ee-9e3d-dea67eeb8871,neural,general,45,140,3.111111111111111,6,23,3.8333333333333335,6,23,False,0.11538461538461539
1ede234a-9e13-48ee-9e3d-dea67eeb8871,specialized,general,45,43,0.9555555555555556,6,7,1.1666666666666667,6,4,False,0.1111111111111111
7974b90f-1636-4b77-8c4c-eaf3f877be33,original_free,general,65,65,1.0,10,10,1.0,8,8,True,1.0
7974b90f-1636-4b77-8c4c-eaf3f877be33,paid_brave,general,65,63,0.9692307692307692,10,10,1.0,8,7,False,0.36363636363636365
7974b90f-1636-4b77-8c4c-eaf3f877be33,paid_google,general,65,56,0.8615384615384616,10,8,0.8,8,7,False,0.5
7974b90f-1636-4b77-8c4c-eaf3f877be33,paid_other,general,65,82,1.2615384615384615,10,13,1.3,8,11,False,0.7272727272727273
7974b90f-1636-4b77-8c4c-eaf3f877be33,neural,general,65,182,2.8,10,25,2.5,8,25,False,0.1
7974b90f-1636-4b77-8c4c-eaf3f877be33,specialized,general,65,65,1.0,10,10,1.0,8,7,False,0.25
6304e95c-30c8-4e11-aea3-38233a79ccc1,original_free,general,65,65,1.0,10,10,1.0,8,8,True,1.0
6304e95c-30c8-4e11-aea3-38233a79ccc1,paid_brave,general,65,63,0.9692307692307692,10,10,1.0,8,7,False,0.36363636363636365
6304e95c-30c8-4e11-aea3-38233a79ccc1,paid_google,general,65,56,0.8615384615384616,10,8,0.8,8,7,False,0.5
6304e95c-30c8-4e11-aea3-38233a79ccc1,paid_other,general,65,82,1.2615384615384615,10,13,1.3,8,11,False,0.7272727272727273
6304e95c-30c8-4e11-aea3-38233a79ccc1,neural,general,65,182,2.8,10,25,2.5,8,25,False,0.1
6304e95c-30c8-4e11-aea3-38233a79ccc1,specialized,general,65,65,1.0,10,10,1.0,8,7,False,0.25
11ed16db-213f-4a4a-903a-83b285759471,original_free,general,45,45,1.0,6,6,1.0,6,6,True,1.0
11ed16db-213f-4a4a-903a-83b285759471,paid_brave,general,45,41,0.9111111111111111,6,8,1.3333333333333333,6,5,False,0.2222222222222222
11ed16db-213f-4a4a-903a-83b285759471,paid_google,general,45,57,1.2666666666666666,6,8,1.3333333333333333,6,7,False,0.3
11ed16db-213f-4a4a-903a-83b285759471,paid_other,general,45,54,1.2,6,8,1.3333333333333333,6,8,False,0.5555555555555556
11ed16db-213f-4a4a-903a-83b285759471,neural,general,45,146,3.2444444444444445,6,24,4.0,6,24,False,0.1111111111111111
11ed16db-213f-4a4a-903a-83b285759471,specialized,general,45,56,1.2444444444444445,6,9,1.5,6,6,False,0.09090909090909091
e2465754-e157-4a70-89bf-c18f65aa111f,original_free,general,72,72,1.0,11,11,1.0,8,8,True,1.0
e2465754-e157-4a70-89bf-c18f65aa111f,paid_brave,general,72,71,0.9861111111111112,11,11,1.0,8,8,False,0.7777777777777778
e2465754-e157-4a70-89bf-c18f65aa111f,paid_google,general,72,64,0.8888888888888888,11,12,1.0909090909090908,8,8,False,0.3333333333333333
e2465754-e157-4a70-89bf-c18f65aa111f,paid_other,general,72,74,1.0277777777777777,11,10,0.9090909090909091,8,7,False,0.5
e2465754-e157-4a70-89bf-c18f65aa111f,neural,general,72,126,1.75,11,15,1.3636363636363635,8,15,False,0.045454545454545456
e2465754-e157-4a70-89bf-c18f65aa111f,specialized,general,72,81,1.125,11,12,1.0909090909090908,8,9,False,0.21428571428571427
5e441852-2609-45e8-9953-f93e90a60596,original_free,general,40,40,1.0,7,7,1.0,5,5,True,1.0
5e441852-2609-45e8-9953-f93e90a60596,paid_brave,general,40,40,1.0,7,7,1.0,5,6,False,0.2222222222222222
5e441852-2609-45e8-9953-f93e90a60596,paid_google,general,40,34,0.85,7,7,1.0,5,5,False,0.42857142857142855
5e441852-2609-45e8-9953-f93e90a60596,paid_other,general,40,53,1.325,7,10,1.4285714285714286,5,8,False,0.4444444444444444
5e441852-2609-45e8-9953-f93e90a60596,neural,general,40,123,3.075,7,19,2.7142857142857144,5,19,False,0.09090909090909091
5e441852-2609-45e8-9953-f93e90a60596,specialized,general,40,38,0.95,7,8,1.1428571428571428,5,4,False,0.125
db4934be-c089-4e43-95fa-8ebc7cfa24d5,original_free,general,61,61,1.0,9,9,1.0,6,6,True,1.0
db4934be-c089-4e43-95fa-8ebc7cfa24d5,paid_brave,general,61,69,1.1311475409836065,9,11,1.2222222222222223,6,7,False,0.4444444444444444
db4934be-c089-4e43-95fa-8ebc7cfa24d5,paid_google,general,61,65,1.0655737704918034,9,10,1.1111111111111112,6,7,False,0.4444444444444444
db4934be-c089-4e43-95fa-8ebc7cfa24d5,paid_other,general,61,47,0.7704918032786885,9,9,1.0,6,6,False,0.5
db4934be-c089-4e43-95fa-8ebc7cfa24d5,neural,general,61,103,1.6885245901639345,9,15,1.6666666666666667,6,15,False,0.16666666666666666
db4934be-c089-4e43-95fa-8ebc7cfa24d5,specialized,general,61,56,0.9180327868852459,9,8,0.8888888888888888,6,6,False,0.3333333333333333
d65638f3-ba8f-4f37-bcfd-d5838c8842cd,original_free,general,61,61,1.0,9,9,1.0,6,6,True,1.0
d65638f3-ba8f-4f37-bcfd-d5838c8842cd,paid_brave,general,61,69,1.1311475409836065,9,11,1.2222222222222223,6,7,False,0.4444444444444444
d65638f3-ba8f-4f37-bcfd-d5838c8842cd,paid_google,general,61,65,1.0655737704918034,9,10,1.1111111111111112,6,7,False,0.4444444444444444
d65638f3-ba8f-4f37-bcfd-d5838c8842cd,paid_other,general,61,47,0.7704918032786885,9,9,1.0,6,6,False,0.5
d65638f3-ba8f-4f37-bcfd-d5838c8842cd,neural,general,61,103,1.6885245901639345,9,15,1.6666666666666667,6,15,False,0.16666666666666666
d65638f3-ba8f-4f37-bcfd-d5838c8842cd,specialized,general,61,56,0.9180327868852459,9,8,0.8888888888888888,6,6,False,0.3333333333333333
cee5e9a5-1b3d-4f10-9251-ceba550e202f,original_free,general,40,40,1.0,7,7,1.0,5,5,True,1.0
cee5e9a5-1b3d-4f10-9251-ceba550e202f,paid_brave,general,40,40,1.0,7,7,1.0,5,6,False,0.2222222222222222
cee5e9a5-1b3d-4f10-9251-ceba550e202f,paid_google,general,40,34,0.85,7,7,1.0,5,5,False,0.42857142857142855
cee5e9a5-1b3d-4f10-9251-ceba550e202f,paid_other,general,40,53,1.325,7,10,1.4285714285714286,5,8,False,0.4444444444444444
cee5e9a5-1b3d-4f10-9251-ceba550e202f,neural,general,40,123,3.075,7,19,2.7142857142857144,5,19,False,0.09090909090909091
cee5e9a5-1b3d-4f10-9251-ceba550e202f,specialized,general,40,38,0.95,7,8,1.1428571428571428,5,4,False,0.125
9ce4833e-d1d5-491b-ab4b-a825e878e08e,original_free,general,31,31,1.0,4,4,1.0,4,4,True,1.0
9ce4833e-d1d5-491b-ab4b-a825e878e08e,paid_brave,general,31,117,3.774193548387097,4,9,2.25,4,9,False,0.4444444444444444
9ce4833e-d1d5-491b-ab4b-a825e878e08e,paid_google,general,31,117,3.774193548387097,4,9,2.25,4,9,False,0.4444444444444444
9ce4833e-d1d5-491b-ab4b-a825e878e08e,paid_other,general,31,117,3.774193548387097,4,9,2.25,4,9,False,0.4444444444444444
9ce4833e-d1d5-491b-ab4b-a825e878e08e,neural,general,31,31,1.0,4,4,1.0,4,4,True,1.0
9ce4833e-d1d5-491b-ab4b-a825e878e08e,specialized,general,31,31,1.0,4,4,1.0,4,4,True,1.0
f44d0efe-8321-427e-afdc-0924521cef3e,original_free,general,31,31,1.0,4,4,1.0,4,4,True,1.0
f44d0efe-8321-427e-afdc-0924521cef3e,paid_brave,general,31,138,4.451612903225806,4,7,1.75,4,7,False,0.5714285714285714
f44d0efe-8321-427e-afdc-0924521cef3e,paid_google,general,31,138,4.451612903225806,4,7,1.75,4,7,False,0.5714285714285714
f44d0efe-8321-427e-afdc-0924521cef3e,paid_other,general,31,138,4.451612903225806,4,7,1.75,4,7,False,0.5714285714285714
f44d0efe-8321-427e-afdc-0924521cef3e,neural,general,31,31,1.0,4,4,1.0,4,4,True,1.0
f44d0efe-8321-427e-afdc-0924521cef3e,specialized,general,31,31,1.0,4,4,1.0,4,4,True,1.0
4d27a4b0-eef8-4761-ba91-8abd44cfafe5,original_free,general,31,31,1.0,4,4,1.0,4,4,True,1.0
4d27a4b0-eef8-4761-ba91-8abd44cfafe5,paid_brave,general,31,124,4.0,4,7,1.75,4,7,False,0.5714285714285714
4d27a4b0-eef8-4761-ba91-8abd44cfafe5,paid_google,general,31,124,4.0,4,7,1.75,4,7,False,0.5714285714285714
4d27a4b0-eef8-4761-ba91-8abd44cfafe5,paid_other,general,31,124,4.0,4,7,1.75,4,7,False,0.5714285714285714
4d27a4b0-eef8-4761-ba91-8abd44cfafe5,neural,general,31,31,1.0,4,4,1.0,4,4,True,1.0
4d27a4b0-eef8-4761-ba91-8abd44cfafe5,specialized,general,31,31,1.0,4,4,1.0,4,4,True,1.0
f4704b96-5687-4445-b5ab-7810eb6def6c,original_free,general,31,31,1.0,4,4,1.0,4,4,True,1.0
f4704b96-5687-4445-b5ab-7810eb6def6c,paid_brave,general,31,124,4.0,4,7,1.75,4,7,False,0.5714285714285714
f4704b96-5687-4445-b5ab-7810eb6def6c,paid_google,general,31,124,4.0,4,7,1.75,4,7,False,0.5714285714285714
f4704b96-5687-4445-b5ab-7810eb6def6c,paid_other,general,31,124,4.0,4,7,1.75,4,7,False,0.5714285714285714
f4704b96-5687-4445-b5ab-7810eb6def6c,neural,general,31,31,1.0,4,4,1.0,4,4,True,1.0
f4704b96-5687-4445-b5ab-7810eb6def6c,specialized,general,31,31,1.0,4,4,1.0,4,4,True,1.0
cd2bbf76-c80e-4010-bfcb-07e6b0b76070,original_free,general,31,31,1.0,4,4,1.0,4,4,True,1.0
cd2bbf76-c80e-4010-bfcb-07e6b0b76070,paid_brave,general,31,124,4.0,4,7,1.75,4,7,False,0.5714285714285714
cd2bbf76-c80e-4010-bfcb-07e6b0b76070,paid_google,general,31,124,4.0,4,7,1.75,4,7,False,0.5714285714285714
cd2bbf76-c80e-4010-bfcb-07e6b0b76070,paid_other,general,31,124,4.0,4,7,1.75,4,7,False,0.5714285714285714
cd2bbf76-c80e-4010-bfcb-07e6b0b76070,neural,general,31,31,1.0,4,4,1.0,4,4,True,1.0
cd2bbf76-c80e-4010-bfcb-07e6b0b76070,specialized,general,31,31,1.0,4,4,1.0,4,4,True,1.0
57f5c239-0067-40f1-bb38-ff36e90336f9,original_free,general,31,31,1.0,4,4,1.0,4,4,True,1.0
57f5c239-0067-40f1-bb38-ff36e90336f9,paid_brave,general,31,124,4.0,4,7,1.75,4,7,False,0.5714285714285714
57f5c239-0067-40f1-bb38-ff36e90336f9,paid_google,general,31,124,4.0,4,7,1.75,4,7,False,0.5714285714285714
57f5c239-0067-40f1-bb38-ff36e90336f9,paid_other,general,31,124,4.0,4,7,1.75,4,7,False,0.5714285714285714
57f5c239-0067-40f1-bb38-ff36e90336f9,neural,general,31,31,1.0,4,4,1.0,4,4,True,1.0
57f5c239-0067-40f1-bb38-ff36e90336f9,specialized,general,31,31,1.0,4,4,1.0,4,4,True,1.0
922c8a9e-4a5b-4c62-983b-6f19facf4f92,original_free,general,31,31,1.0,4,4,1.0,4,4,True,1.0
922c8a9e-4a5b-4c62-983b-6f19facf4f92,paid_brave,general,31,59,1.903225806451613,4,8,2.0,4,7,False,0.5714285714285714
922c8a9e-4a5b-4c62-983b-6f19facf4f92,paid_google,general,31,47,1.5161290322580645,4,6,1.5,4,6,False,0.42857142857142855
922c8a9e-4a5b-4c62-983b-6f19facf4f92,paid_other,general,31,69,2.225806451612903,4,9,2.25,4,9,False,0.4444444444444444
922c8a9e-4a5b-4c62-983b-6f19facf4f92,neural,general,31,89,2.870967741935484,4,16,4.0,4,16,False,0.17647058823529413
922c8a9e-4a5b-4c62-983b-6f19facf4f92,specialized,general,31,53,1.7096774193548387,4,7,1.75,4,7,False,0.375
a9b090ca-3918-42ab-aaaa-7bc608b3bd39,original_free,general,31,31,1.0,4,4,1.0,4,4,True,1.0
a9b090ca-3918-42ab-aaaa-7bc608b3bd39,paid_brave,general,31,59,1.903225806451613,4,8,2.0,4,7,False,0.5714285714285714
a9b090ca-3918-42ab-aaaa-7bc608b3bd39,paid_google,general,31,63,2.032258064516129,4,7,1.75,4,7,False,0.375
a9b090ca-3918-42ab-aaaa-7bc608b3bd39,paid_other,general,31,57,1.8387096774193548,4,9,2.25,4,9,False,0.3
a9b090ca-3918-42ab-aaaa-7bc608b3bd39,neural,general,31,75,2.4193548387096775,4,11,2.75,4,11,False,0.25
a9b090ca-3918-42ab-aaaa-7bc608b3bd39,specialized,general,31,64,2.064516129032258,4,10,2.5,4,7,False,0.1
7d06f413-dd66-455a-8662-b1b7802f0189,original_free,general,31,31,1.0,4,4,1.0,4,4,True,1.0
7d06f413-dd66-455a-8662-b1b7802f0189,paid_brave,general,31,124,4.0,4,7,1.75,4,7,False,0.5714285714285714
7d06f413-dd66-455a-8662-b1b7802f0189,paid_google,general,31,124,4.0,4,7,1.75,4,7,False,0.5714285714285714
7d06f413-dd66-455a-8662-b1b7802f0189,paid_other,general,31,124,4.0,4,7,1.75,4,7,False,0.5714285714285714
7d06f413-dd66-455a-8662-b1b7802f0189,neural,general,31,31,1.0,4,4,1.0,4,4,True,1.0
7d06f413-dd66-455a-8662-b1b7802f0189,specialized,general,31,31,1.0,4,4,1.0,4,4,True,1.0
bfd7889f-93cd-4904-b694-130ff739ebfc,original_free,general,31,31,1.0,4,4,1.0,4,4,True,1.0
bfd7889f-93cd-4904-b694-130ff739ebfc,paid_brave,general,31,124,4.0,4,7,1.75,4,7,False,0.5714285714285714
bfd7889f-93cd-4904-b694-130ff739ebfc,paid_google,general,31,124,4.0,4,7,1.75,4,7,False,0.5714285714285714
bfd7889f-93cd-4904-b694-130ff739ebfc,paid_other,general,31,124,4.0,4,7,1.75,4,7,False,0.5714285714285714
bfd7889f-93cd-4904-b694-130ff739ebfc,neural,general,31,31,1.0,4,4,1.0,4,4,True,1.0
bfd7889f-93cd-4904-b694-130ff739ebfc,specialized,general,31,31,1.0,4,4,1.0,4,4,True,1.0
6765b9d2-9b64-4a2c-aeaa-95e339e806b4,original_free,general,4,4,1.0,1,1,1.0,1,1,True,1.0
6765b9d2-9b64-4a2c-aeaa-95e339e806b4,paid_brave,general,4,91,22.75,1,6,6.0,1,6,False,0.16666666666666666
6765b9d2-9b64-4a2c-aeaa-95e339e806b4,paid_google,general,4,76,19.0,1,4,4.0,1,4,False,0.25
6765b9d2-9b64-4a2c-aeaa-95e339e806b4,paid_other,general,4,76,19.0,1,4,4.0,1,4,False,0.25
6765b9d2-9b64-4a2c-aeaa-95e339e806b4,neural,general,4,4,1.0,1,1,1.0,1,1,True,1.0
6765b9d2-9b64-4a2c-aeaa-95e339e806b4,specialized,general,4,4,1.0,1,1,1.0,1,1,True,1.0
9efd7a7e-9927-42f1-89a6-f26152fe25db,original_free,general,4,4,1.0,1,1,1.0,1,1,True,1.0
9efd7a7e-9927-42f1-89a6-f26152fe25db,paid_brave,general,4,91,22.75,1,6,6.0,1,6,False,0.16666666666666666
9efd7a7e-9927-42f1-89a6-f26152fe25db,paid_google,general,4,76,19.0,1,4,4.0,1,4,False,0.25
9efd7a7e-9927-42f1-89a6-f26152fe25db,paid_other,general,4,76,19.0,1,4,4.0,1,4,False,0.25
9efd7a7e-9927-42f1-89a6-f26152fe25db,neural,general,4,4,1.0,1,1,1.0,1,1,True,1.0
9efd7a7e-9927-42f1-89a6-f26152fe25db,specialized,general,4,4,1.0,1,1,1.0,1,1,True,1.0
8a02ae9c-8c1b-49ba-ad34-9e26e6295611,original_free,general,31,31,1.0,4,4,1.0,4,4,True,1.0
8a02ae9c-8c1b-49ba-ad34-9e26e6295611,paid_brave,general,31,59,1.903225806451613,4,8,2.0,4,7,False,0.5714285714285714
8a02ae9c-8c1b-49ba-ad34-9e26e6295611,paid_google,general,31,47,1.5161290322580645,4,6,1.5,4,6,False,0.42857142857142855
8a02ae9c-8c1b-49ba-ad34-9e26e6295611,paid_other,general,31,69,2.225806451612903,4,9,2.25,4,9,False,0.4444444444444444
8a02ae9c-8c1b-49ba-ad34-9e26e6295611,neural,general,31,89,2.870967741935484,4,16,4.0,4,16,False,0.17647058823529413
8a02ae9c-8c1b-49ba-ad34-9e26e6295611,specialized,general,31,53,1.7096774193548387,4,7,1.75,4,7,False,0.375
7b4e1e3e-5c91-48d9-a1ab-fe2aaa8d5037,original_free,general,31,31,1.0,4,4,1.0,4,4,True,1.0
7b4e1e3e-5c91-48d9-a1ab-fe2aaa8d5037,paid_brave,general,31,124,4.0,4,7,1.75,4,7,False,0.5714285714285714
7b4e1e3e-5c91-48d9-a1ab-fe2aaa8d5037,paid_google,general,31,124,4.0,4,7,1.75,4,7,False,0.5714285714285714
7b4e1e3e-5c91-48d9-a1ab-fe2aaa8d5037,paid_other,general,31,124,4.0,4,7,1.75,4,7,False,0.5714285714285714
7b4e1e3e-5c91-48d9-a1ab-fe2aaa8d5037,neural,general,31,31,1.0,4,4,1.0,4,4,True,1.0
7b4e1e3e-5c91-48d9-a1ab-fe2aaa8d5037,specialized,general,31,31,1.0,4,4,1.0,4,4,True,1.0
66717348-31eb-46c3-a84f-54773ba7ed3c,original_free,general,31,31,1.0,4,4,1.0,4,4,True,1.0
66717348-31eb-46c3-a84f-54773ba7ed3c,paid_brave,general,31,124,4.0,4,7,1.75,4,7,False,0.5714285714285714
66717348-31eb-46c3-a84f-54773ba7ed3c,paid_google,general,31,124,4.0,4,7,1.75,4,7,False,0.5714285714285714
66717348-31eb-46c3-a84f-54773ba7ed3c,paid_other,general,31,124,4.0,4,7,1.75,4,7,False,0.5714285714285714
66717348-31eb-46c3-a84f-54773ba7ed3c,neural,general,31,31,1.0,4,4,1.0,4,4,True,1.0
66717348-31eb-46c3-a84f-54773ba7ed3c,specialized,general,31,31,1.0,4,4,1.0,4,4,True,1.0
598a7130-14d7-4741-98e1-d48b77250ed0,original_free,general,85,85,1.0,13,13,1.0,9,9,True,1.0
598a7130-14d7-4741-98e1-d48b77250ed0,paid_brave,general,85,191,2.2470588235294118,13,21,1.6153846153846154,9,17,False,0.5294117647058824
598a7130-14d7-4741-98e1-d48b77250ed0,paid_google,general,85,191,2.2470588235294118,13,21,1.6153846153846154,9,17,False,0.5294117647058824
598a7130-14d7-4741-98e1-d48b77250ed0,paid_other,general,85,191,2.2470588235294118,13,21,1.6153846153846154,9,17,False,0.5294117647058824
598a7130-14d7-4741-98e1-d48b77250ed0,neural,general,85,85,1.0,13,13,1.0,9,9,True,1.0
598a7130-14d7-4741-98e1-d48b77250ed0,specialized,general,85,85,1.0,13,13,1.0,9,9,True,1.0
cc90c3a0-169d-403a-baee-b80fcc119819,original_free,general,85,85,1.0,13,13,1.0,9,9,True,1.0
cc90c3a0-169d-403a-baee-b80fcc119819,paid_brave,general,85,191,2.2470588235294118,13,21,1.6153846153846154,9,17,False,0.5294117647058824
cc90c3a0-169d-403a-baee-b80fcc119819,paid_google,general,85,191,2.2470588235294118,13,21,1.6153846153846154,9,17,False,0.5294117647058824
cc90c3a0-169d-403a-baee-b80fcc119819,paid_other,general,85,191,2.2470588235294118,13,21,1.6153846153846154,9,17,False,0.5294117647058824
cc90c3a0-169d-403a-baee-b80fcc119819,neural,general,85,85,1.0,13,13,1.0,9,9,True,1.0
cc90c3a0-169d-403a-baee-b80fcc119819,specialized,general,85,85,1.0,13,13,1.0,9,9,True,1.0
a4a00ce0-bd5d-48b9-9115-95d6ac84dea0,original_free,general,78,78,1.0,14,14,1.0,10,10,True,1.0
a4a00ce0-bd5d-48b9-9115-95d6ac84dea0,paid_brave,general,78,60,0.7692307692307693,14,11,0.7857142857142857,10,8,False,0.5
a4a00ce0-bd5d-48b9-9115-95d6ac84dea0,paid_google,general,78,79,1.0128205128205128,14,12,0.8571428571428571,10,11,False,0.16666666666666666
a4a00ce0-bd5d-48b9-9115-95d6ac84dea0,paid_other,general,78,76,0.9743589743589743,14,11,0.7857142857142857,10,11,False,0.23529411764705882
a4a00ce0-bd5d-48b9-9115-95d6ac84dea0,neural,general,78,213,2.730769230769231,14,29,2.0714285714285716,10,29,False,0.14705882352941177
a4a00ce0-bd5d-48b9-9115-95d6ac84dea0,specialized,general,78,77,0.9871794871794872,14,13,0.9285714285714286,10,10,False,0.5384615384615384
061a473d-d879-4855-b7d2-50d5a0777dbc,original_free,general,78,78,1.0,14,14,1.0,10,10,True,1.0
061a473d-d879-4855-b7d2-50d5a0777dbc,paid_brave,general,78,73,0.9358974358974359,14,13,0.9285714285714286,10,10,False,0.5384615384615384
061a473d-d879-4855-b7d2-50d5a0777dbc,paid_google,general,78,94,1.205128205128205,14,15,1.0714285714285714,10,12,False,0.4666666666666667
061a473d-d879-4855-b7d2-50d5a0777dbc,paid_other,general,78,59,0.7564102564102564,14,9,0.6428571428571429,10,8,False,0.5
061a473d-d879-4855-b7d2-50d5a0777dbc,neural,general,78,213,2.730769230769231,14,29,2.0714285714285716,10,29,False,0.14705882352941177
061a473d-d879-4855-b7d2-50d5a0777dbc,specialized,general,78,70,0.8974358974358975,14,12,0.8571428571428571,10,9,False,0.35714285714285715
e28c4e6a-b224-496a-a9ea-9e7982347e5e,original_free,general,85,85,1.0,11,11,1.0,10,10,True,1.0
e28c4e6a-b224-496a-a9ea-9e7982347e5e,paid_brave,general,85,73,0.8588235294117647,11,9,0.8181818181818182,10,9,False,0.46153846153846156
e28c4e6a-b224-496a-a9ea-9e7982347e5e,paid_google,general,85,66,0.7764705882352941,11,9,0.8181818181818182,10,9,False,0.11764705882352941
e28c4e6a-b224-496a-a9ea-9e7982347e5e,paid_other,general,85,56,0.6588235294117647,11,7,0.6363636363636364,10,7,False,0.13333333333333333
e28c4e6a-b224-496a-a9ea-9e7982347e5e,neural,general,85,181,2.1294117647058823,11,25,2.272727272727273,10,25,False,0.09375
e28c4e6a-b224-496a-a9ea-9e7982347e5e,specialized,general,85,57,0.6705882352941176,11,6,0.5454545454545454,10,5,False,0.25
3ddf4189-b401-4583-b3de-18eda8178e4f,original_free,general,85,85,1.0,11,11,1.0,10,10,True,1.0
3ddf4189-b401-4583-b3de-18eda8178e4f,paid_brave,general,85,73,0.8588235294117647,11,9,0.8181818181818182,10,9,False,0.46153846153846156
3ddf4189-b401-4583-b3de-18eda8178e4f,paid_google,general,85,66,0.7764705882352941,11,9,0.8181818181818182,10,9,False,0.11764705882352941
3ddf4189-b401-4583-b3de-18eda8178e4f,paid_other,general,85,56,0.6588235294117647,11,7,0.6363636363636364,10,7,False,0.13333333333333333
3ddf4189-b401-4583-b3de-18eda8178e4f,neural,general,85,181,2.1294117647058823,11,25,2.272727272727273,10,25,False,0.09375
3ddf4189-b401-4583-b3de-18eda8178e4f,specialized,general,85,57,0.6705882352941176,11,6,0.5454545454545454,10,5,False,0.25
dcf31214-d851-4293-a066-f17b7fc4c078,original_free,general,76,76,1.0,8,8,1.0,8,8,True,1.0
dcf31214-d851-4293-a066-f17b7fc4c078,paid_brave,general,76,194,2.5526315789473686,8,20,2.5,8,19,False,0.42105263157894735
dcf31214-d851-4293-a066-f17b7fc4c078,paid_google,general,76,194,2.5526315789473686,8,20,2.5,8,19,False,0.42105263157894735
dcf31214-d851-4293-a066-f17b7fc4c078,paid_other,general,76,194,2.5526315789473686,8,20,2.5,8,19,False,0.42105263157894735
dcf31214-d851-4293-a066-f17b7fc4c078,neural,general,76,76,1.0,8,8,1.0,8,8,True,1.0
dcf31214-d851-4293-a066-f17b7fc4c078,specialized,general,76,76,1.0,8,8,1.0,8,8,True,1.0
0a179a47-5a4c-4b2f-ad83-0714fcd32802,original_free,general,76,76,1.0,8,8,1.0,8,8,True,1.0
0a179a47-5a4c-4b2f-ad83-0714fcd32802,paid_brave,general,76,194,2.5526315789473686,8,20,2.5,8,19,False,0.42105263157894735
0a179a47-5a4c-4b2f-ad83-0714fcd32802,paid_google,general,76,194,2.5526315789473686,8,20,2.5,8,19,False,0.42105263157894735
0a179a47-5a4c-4b2f-ad83-0714fcd32802,paid_other,general,76,194,2.5526315789473686,8,20,2.5,8,19,False,0.42105263157894735
0a179a47-5a4c-4b2f-ad83-0714fcd32802,neural,general,76,76,1.0,8,8,1.0,8,8,True,1.0
0a179a47-5a4c-4b2f-ad83-0714fcd32802,specialized,general,76,76,1.0,8,8,1.0,8,8,True,1.0
23600e58-b80a-4ab7-aeef-9bbc2bbab0ea,original_free,general,122,122,1.0,15,15,1.0,13,13,True,1.0
23600e58-b80a-4ab7-aeef-9bbc2bbab0ea,paid_brave,general,122,256,2.098360655737705,15,25,1.6666666666666667,13,24,False,0.5416666666666666
23600e58-b80a-4ab7-aeef-9bbc2bbab0ea,paid_google,general,122,256,2.098360655737705,15,25,1.6666666666666667,13,24,False,0.5416666666666666
23600e58-b80a-4ab7-aeef-9bbc2bbab0ea,paid_other,general,122,256,2.098360655737705,15,25,1.6666666666666667,13,24,False,0.5416666666666666
23600e58-b80a-4ab7-aeef-9bbc2bbab0ea,neural,general,122,122,1.0,15,15,1.0,13,13,True,1.0
23600e58-b80a-4ab7-aeef-9bbc2bbab0ea,specialized,general,122,122,1.0,15,15,1.0,13,13,True,1.0
ae5796cc-e3b2-41ca-9f17-dece6e5d1a06,original_free,general,122,122,1.0,15,15,1.0,13,13,True,1.0
ae5796cc-e3b2-41ca-9f17-dece6e5d1a06,paid_brave,general,122,256,2.098360655737705,15,25,1.6666666666666667,13,24,False,0.5416666666666666
ae5796cc-e3b2-41ca-9f17-dece6e5d1a06,paid_google,general,122,256,2.098360655737705,15,25,1.6666666666666667,13,24,False,0.5416666666666666
ae5796cc-e3b2-41ca-9f17-dece6e5d1a06,paid_other,general,122,256,2.098360655737705,15,25,1.6666666666666667,13,24,False,0.5416666666666666
ae5796cc-e3b2-41ca-9f17-dece6e5d1a06,neural,general,122,122,1.0,15,15,1.0,13,13,True,1.0
ae5796cc-e3b2-41ca-9f17-dece6e5d1a06,specialized,general,122,122,1.0,15,15,1.0,13,13,True,1.0
3fb982d8-a8ee-4e0d-a217-16ab98b6dbc9,original_free,general,1,1,1.0,1,1,1.0,1,1,True,1.0
3fb982d8-a8ee-4e0d-a217-16ab98b6dbc9,paid_brave,general,1,16,16.0,1,3,3.0,1,3,False,0.3333333333333333
3fb982d8-a8ee-4e0d-a217-16ab98b6dbc9,paid_google,general,1,50,50.0,1,6,6.0,1,5,False,0.2
3fb982d8-a8ee-4e0d-a217-16ab98b6dbc9,paid_other,general,1,31,31.0,1,5,5.0,1,5,False,0.2
3fb982d8-a8ee-4e0d-a217-16ab98b6dbc9,neural,general,1,82,82.0,1,15,15.0,1,15,False,0.0
3fb982d8-a8ee-4e0d-a217-16ab98b6dbc9,specialized,general,1,44,44.0,1,7,7.0,1,6,False,0.16666666666666666
f0752e86-8592-4681-87fd-025927ab4e23,original_free,general,1,1,1.0,1,1,1.0,1,1,True,1.0
f0752e86-8592-4681-87fd-025927ab4e23,paid_brave,general,1,33,33.0,1,6,6.0,1,5,False,0.2
f0752e86-8592-4681-87fd-025927ab4e23,paid_google,general,1,30,30.0,1,5,5.0,1,5,False,0.2
f0752e86-8592-4681-87fd-025927ab4e23,paid_other,general,1,14,14.0,1,3,3.0,1,3,False,0.3333333333333333
f0752e86-8592-4681-87fd-025927ab4e23,neural,general,1,94,94.0,1,15,15.0,1,15,False,0.06666666666666667
f0752e86-8592-4681-87fd-025927ab4e23,specialized,general,1,46,46.0,1,8,8.0,1,6,False,0.16666666666666666
a9952fbc-47de-4e43-84b4-792214d8b4e9,original_free,general,7,7,1.0,2,2,1.0,2,2,True,1.0
a9952fbc-47de-4e43-84b4-792214d8b4e9,paid_brave,general,7,26,3.7142857142857144,2,5,2.5,2,5,False,0.4
a9952fbc-47de-4e43-84b4-792214d8b4e9,paid_google,general,7,61,8.714285714285714,2,9,4.5,2,8,False,0.1111111111111111
a9952fbc-47de-4e43-84b4-792214d8b4e9,paid_other,general,7,43,6.142857142857143,2,7,3.5,2,7,False,0.2857142857142857
a9952fbc-47de-4e43-84b4-792214d8b4e9,neural,general,7,113,16.142857142857142,2,19,9.5,2,19,False,0.10526315789473684
a9952fbc-47de-4e43-84b4-792214d8b4e9,specialized,general,7,60,8.571428571428571,2,9,4.5,2,8,False,0.1111111111111111
0ab947a0-95eb-4ad8-b6ee-0d121e753246,original_free,general,1,1,1.0,1,1,1.0,1,1,True,1.0
0ab947a0-95eb-4ad8-b6ee-0d121e753246,paid_brave,general,1,16,16.0,1,3,3.0,1,3,False,0.3333333333333333
0ab947a0-95eb-4ad8-b6ee-0d121e753246,paid_google,general,1,40,40.0,1,6,6.0,1,5,False,0.2
0ab947a0-95eb-4ad8-b6ee-0d121e753246,paid_other,general,1,38,38.0,1,7,7.0,1,7,False,0.14285714285714285
0ab947a0-95eb-4ad8-b6ee-0d121e753246,neural,general,1,89,89.0,1,18,18.0,1,16,False,0.0625
0ab947a0-95eb-4ad8-b6ee-0d121e753246,specialized,general,1,33,33.0,1,5,5.0,1,5,False,0.2
01549a9c-6584-4a48-ba0d-5e84a6501b44,original_free,general,7,7,1.0,2,2,1.0,2,2,True,1.0
01549a9c-6584-4a48-ba0d-5e84a6501b44,paid_brave,general,7,31,4.428571428571429,2,6,3.0,2,5,False,0.4
01549a9c-6584-4a48-ba0d-5e84a6501b44,paid_google,general,7,29,4.142857142857143,2,5,2.5,2,5,False,0.4
01549a9c-6584-4a48-ba0d-5e84a6501b44,paid_other,general,7,46,6.571428571428571,2,9,4.5,2,9,False,0.2222222222222222
01549a9c-6584-4a48-ba0d-5e84a6501b44,neural,general,7,96,13.714285714285714,2,18,9.0,2,18,False,0.1111111111111111
01549a9c-6584-4a48-ba0d-5e84a6501b44,specialized,general,7,78,11.142857142857142,2,11,5.5,2,9,False,0.2222222222222222
41ad24db-fa71-49c8-a9c0-7058cb87988f,original_free,general,7,7,1.0,2,2,1.0,2,2,True,1.0
41ad24db-fa71-49c8-a9c0-7058cb87988f,paid_brave,general,7,26,3.7142857142857144,2,5,2.5,2,5,False,0.4
41ad24db-fa71-49c8-a9c0-7058cb87988f,paid_google,general,7,61,8.714285714285714,2,9,4.5,2,8,False,0.1111111111111111
41ad24db-fa71-49c8-a9c0-7058cb87988f,paid_other,general,7,43,6.142857142857143,2,7,3.5,2,7,False,0.2857142857142857
41ad24db-fa71-49c8-a9c0-7058cb87988f,neural,general,7,113,16.142857142857142,2,19,9.5,2,19,False,0.10526315789473684
41ad24db-fa71-49c8-a9c0-7058cb87988f,specialized,general,7,60,8.571428571428571,2,9,4.5,2,8,False,0.1111111111111111
a84723d3-1e70-487a-ba0e-4d7cbefff6c5,original_free,general,53,53,1.0,7,7,1.0,6,6,True,1.0
a84723d3-1e70-487a-ba0e-4d7cbefff6c5,paid_brave,general,53,53,1.0,7,8,1.1428571428571428,6,7,False,0.4444444444444444
a84723d3-1e70-487a-ba0e-4d7cbefff6c5,paid_google,general,53,49,0.9245283018867925,7,8,1.1428571428571428,6,7,False,0.3
a84723d3-1e70-487a-ba0e-4d7cbefff6c5,paid_other,general,53,41,0.7735849056603774,7,7,1.0,6,6,False,0.3333333333333333
a84723d3-1e70-487a-ba0e-4d7cbefff6c5,neural,general,53,86,1.6226415094339623,7,14,2.0,6,13,False,0.46153846153846156
a84723d3-1e70-487a-ba0e-4d7cbefff6c5,specialized,general,53,57,1.0754716981132075,7,9,1.2857142857142858,6,8,False,0.2727272727272727
159fb71f-42c6-4cdc-9977-4b0c6748579d,original_free,general,53,53,1.0,7,7,1.0,6,6,True,1.0
159fb71f-42c6-4cdc-9977-4b0c6748579d,paid_brave,general,53,53,1.0,7,8,1.1428571428571428,6,7,False,0.4444444444444444
159fb71f-42c6-4cdc-9977-4b0c6748579d,paid_google,general,53,49,0.9245283018867925,7,8,1.1428571428571428,6,7,False,0.3
159fb71f-42c6-4cdc-9977-4b0c6748579d,paid_other,general,53,41,0.7735849056603774,7,7,1.0,6,6,False,0.3333333333333333
159fb71f-42c6-4cdc-9977-4b0c6748579d,neural,general,53,86,1.6226415094339623,7,14,2.0,6,13,False,0.46153846153846156
159fb71f-42c6-4cdc-9977-4b0c6748579d,specialized,general,53,57,1.0754716981132075,7,9,1.2857142857142858,6,8,False,0.2727272727272727
d3d39102-4e52-4653-83a8-be5e15cc24a8,original_free,general,30,30,1.0,5,5,1.0,4,4,True,1.0
d3d39102-4e52-4653-83a8-be5e15cc24a8,paid_brave,general,30,58,1.9333333333333333,5,9,1.8,4,7,False,0.5714285714285714
d3d39102-4e52-4653-83a8-be5e15cc24a8,paid_google,general,30,66,2.2,5,9,1.8,4,8,False,0.5
d3d39102-4e52-4653-83a8-be5e15cc24a8,paid_other,general,30,56,1.8666666666666667,5,10,2.0,4,9,False,0.4444444444444444
d3d39102-4e52-4653-83a8-be5e15cc24a8,neural,general,30,152,5.066666666666666,5,21,4.2,4,20,False,0.2
d3d39102-4e52-4653-83a8-be5e15cc24a8,specialized,general,30,52,1.7333333333333334,5,10,2.0,4,7,False,0.2222222222222222
4ccd808f-d969-4018-8f65-65b780b10991,original_free,general,53,53,1.0,7,7,1.0,6,6,True,1.0
4ccd808f-d969-4018-8f65-65b780b10991,paid_brave,general,53,58,1.0943396226415094,7,9,1.2857142857142858,6,7,False,0.4444444444444444
4ccd808f-d969-4018-8f65-65b780b10991,paid_google,general,53,61,1.150943396226415,7,9,1.2857142857142858,6,8,False,0.5555555555555556
4ccd808f-d969-4018-8f65-65b780b10991,paid_other,general,53,46,0.8679245283018868,7,8,1.1428571428571428,6,7,False,0.18181818181818182
4ccd808f-d969-4018-8f65-65b780b10991,neural,general,53,90,1.6981132075471699,7,15,2.142857142857143,6,14,False,0.42857142857142855
4ccd808f-d969-4018-8f65-65b780b10991,specialized,general,53,56,1.0566037735849056,7,9,1.2857142857142858,6,7,False,0.3
b6cb0e8e-e2a9-470a-af83-b61a5a4930a9,original_free,general,53,53,1.0,7,7,1.0,6,6,True,1.0
b6cb0e8e-e2a9-470a-af83-b61a5a4930a9,paid_brave,general,53,58,1.0943396226415094,7,9,1.2857142857142858,6,7,False,0.4444444444444444
b6cb0e8e-e2a9-470a-af83-b61a5a4930a9,paid_google,general,53,61,1.150943396226415,7,9,1.2857142857142858,6,8,False,0.5555555555555556
b6cb0e8e-e2a9-470a-af83-b61a5a4930a9,paid_other,general,53,46,0.8679245283018868,7,8,1.1428571428571428,6,7,False,0.18181818181818182
b6cb0e8e-e2a9-470a-af83-b61a5a4930a9,neural,general,53,90,1.6981132075471699,7,15,2.142857142857143,6,14,False,0.42857142857142855
b6cb0e8e-e2a9-470a-af83-b61a5a4930a9,specialized,general,53,56,1.0566037735849056,7,9,1.2857142857142858,6,7,False,0.3
6b15798b-45e9-44f4-bbc2-003866d3c063,original_free,general,53,53,1.0,7,7,1.0,6,6,True,1.0
6b15798b-45e9-44f4-bbc2-003866d3c063,paid_brave,general,53,58,1.0943396226415094,7,9,1.2857142857142858,6,7,False,0.4444444444444444
6b15798b-45e9-44f4-bbc2-003866d3c063,paid_google,general,53,61,1.150943396226415,7,9,1.2857142857142858,6,8,False,0.5555555555555556
6b15798b-45e9-44f4-bbc2-003866d3c063,paid_other,general,53,46,0.8679245283018868,7,8,1.1428571428571428,6,7,False,0.18181818181818182
6b15798b-45e9-44f4-bbc2-003866d3c063,neural,general,53,90,1.6981132075471699,7,15,2.142857142857143,6,14,False,0.42857142857142855
6b15798b-45e9-44f4-bbc2-003866d3c063,specialized,general,53,56,1.0566037735849056,7,9,1.2857142857142858,6,7,False,0.3
6aa7715d-207e-4181-b8c9-9ea599be71cd,original_free,general,53,53,1.0,7,7,1.0,6,6,True,1.0
6aa7715d-207e-4181-b8c9-9ea599be71cd,paid_brave,general,53,53,1.0,7,8,1.1428571428571428,6,7,False,0.4444444444444444
6aa7715d-207e-4181-b8c9-9ea599be71cd,paid_google,general,53,49,0.9245283018867925,7,8,1.1428571428571428,6,7,False,0.3
6aa7715d-207e-4181-b8c9-9ea599be71cd,paid_other,general,53,41,0.7735849056603774,7,7,1.0,6,6,False,0.3333333333333333
6aa7715d-207e-4181-b8c9-9ea599be71cd,neural,general,53,86,1.6226415094339623,7,14,2.0,6,13,False,0.46153846153846156
6aa7715d-207e-4181-b8c9-9ea599be71cd,specialized,general,53,57,1.0754716981132075,7,9,1.2857142857142858,6,8,False,0.2727272727272727
7938e1e8-127c-4f61-b806-41787a547a54,original_free,general,53,53,1.0,7,7,1.0,6,6,True,1.0
7938e1e8-127c-4f61-b806-41787a547a54,paid_brave,general,53,75,1.4150943396226414,7,11,1.5714285714285714,6,9,False,0.36363636363636365
7938e1e8-127c-4f61-b806-41787a547a54,paid_google,general,53,79,1.490566037735849,7,12,1.7142857142857142,6,11,False,0.3076923076923077
7938e1e8-127c-4f61-b806-41787a547a54,paid_other,general,53,56,1.0566037735849056,7,9,1.2857142857142858,6,8,False,0.16666666666666666
7938e1e8-127c-4f61-b806-41787a547a54,neural,general,53,195,3.6792452830188678,7,30,4.285714285714286,6,29,False,0.20689655172413793
7938e1e8-127c-4f61-b806-41787a547a54,specialized,general,53,76,1.4339622641509433,7,13,1.8571428571428572,6,11,False,0.0625
30c226e2-dcfb-45a7-9bb6-6f9ac104b004,original_free,general,53,53,1.0,7,7,1.0,6,6,True,1.0
30c226e2-dcfb-45a7-9bb6-6f9ac104b004,paid_brave,general,53,53,1.0,7,8,1.1428571428571428,6,7,False,0.4444444444444444
30c226e2-dcfb-45a7-9bb6-6f9ac104b004,paid_google,general,53,68,1.2830188679245282,7,11,1.5714285714285714,6,10,False,0.23076923076923078
30c226e2-dcfb-45a7-9bb6-6f9ac104b004,paid_other,general,53,58,1.0943396226415094,7,10,1.4285714285714286,6,9,False,0.36363636363636365
30c226e2-dcfb-45a7-9bb6-6f9ac104b004,neural,general,53,168,3.169811320754717,7,26,3.7142857142857144,6,25,False,0.24
30c226e2-dcfb-45a7-9bb6-6f9ac104b004,specialized,general,53,81,1.528301886792453,7,12,1.7142857142857142,6,11,False,0.13333333333333333
f85c89c2-8c53-45b8-91a8-6d1a7e6c455e,original_free,general,54,54,1.0,10,10,1.0,10,10,True,1.0
f85c89c2-8c53-45b8-91a8-6d1a7e6c455e,paid_brave,general,54,157,2.9074074074074074,10,13,1.3,10,13,False,0.7692307692307693
f85c89c2-8c53-45b8-91a8-6d1a7e6c455e,paid_google,general,54,157,2.9074074074074074,10,13,1.3,10,13,False,0.7692307692307693
f85c89c2-8c53-45b8-91a8-6d1a7e6c455e,paid_other,general,54,157,2.9074074074074074,10,13,1.3,10,13,False,0.7692307692307693
f85c89c2-8c53-45b8-91a8-6d1a7e6c455e,neural,general,54,54,1.0,10,10,1.0,10,10,True,1.0
f85c89c2-8c53-45b8-91a8-6d1a7e6c455e,specialized,general,54,54,1.0,10,10,1.0,10,10,True,1.0
cdd8ec3f-5799-48ca-a0ad-f66027e7e5c4,original_free,general,53,53,1.0,7,7,1.0,6,6,True,1.0
cdd8ec3f-5799-48ca-a0ad-f66027e7e5c4,paid_brave,general,53,58,1.0943396226415094,7,9,1.2857142857142858,6,7,False,0.4444444444444444
cdd8ec3f-5799-48ca-a0ad-f66027e7e5c4,paid_google,general,53,74,1.3962264150943395,7,10,1.4285714285714286,6,10,False,0.0
cdd8ec3f-5799-48ca-a0ad-f66027e7e5c4,paid_other,general,53,72,1.3584905660377358,7,10,1.4285714285714286,6,9,False,0.36363636363636365
cdd8ec3f-5799-48ca-a0ad-f66027e7e5c4,neural,general,53,185,3.490566037735849,7,28,4.0,6,27,False,0.17857142857142858
cdd8ec3f-5799-48ca-a0ad-f66027e7e5c4,specialized,general,53,83,1.5660377358490567,7,14,2.0,6,13,False,0.11764705882352941
48c59936-e018-4ef0-b519-13adf421b183,original_free,general,53,53,1.0,7,7,1.0,6,6,True,1.0
48c59936-e018-4ef0-b519-13adf421b183,paid_brave,general,53,58,1.0943396226415094,7,9,1.2857142857142858,6,7,False,0.4444444444444444
48c59936-e018-4ef0-b519-13adf421b183,paid_google,general,53,63,1.1886792452830188,7,10,1.4285714285714286,6,9,False,0.25
48c59936-e018-4ef0-b519-13adf421b183,paid_other,general,53,73,1.3773584905660377,7,12,1.7142857142857142,6,11,False,0.21428571428571427
48c59936-e018-4ef0-b519-13adf421b183,neural,general,53,186,3.509433962264151,7,29,4.142857142857143,6,28,False,0.21428571428571427
48c59936-e018-4ef0-b519-13adf421b183,specialized,general,53,87,1.6415094339622642,7,12,1.7142857142857142,6,9,False,0.15384615384615385
92b70a13-752e-40c0-8267-2ac79ca5b214,original_free,general,53,53,1.0,7,7,1.0,6,6,True,1.0
92b70a13-752e-40c0-8267-2ac79ca5b214,paid_brave,general,53,53,1.0,7,8,1.1428571428571428,6,7,False,0.4444444444444444
92b70a13-752e-40c0-8267-2ac79ca5b214,paid_google,general,53,67,1.2641509433962264,7,10,1.4285714285714286,6,9,False,0.5
92b70a13-752e-40c0-8267-2ac79ca5b214,paid_other,general,53,49,0.9245283018867925,7,9,1.2857142857142858,6,8,False,0.2727272727272727
92b70a13-752e-40c0-8267-2ac79ca5b214,neural,general,53,88,1.6603773584905661,7,13,1.8571428571428572,6,12,False,0.5
92b70a13-752e-40c0-8267-2ac79ca5b214,specialized,general,53,56,1.0566037735849056,7,9,1.2857142857142858,6,7,False,0.3
0038e066-c8aa-40ce-8b94-579cbd33481b,original_free,general,41,41,1.0,8,8,1.0,5,5,True,1.0
0038e066-c8aa-40ce-8b94-579cbd33481b,paid_brave,general,41,134,3.268292682926829,8,18,2.25,5,15,False,0.3333333333333333
0038e066-c8aa-40ce-8b94-579cbd33481b,paid_google,general,41,134,3.268292682926829,8,18,2.25,5,15,False,0.3333333333333333
0038e066-c8aa-40ce-8b94-579cbd33481b,paid_other,general,41,134,3.268292682926829,8,18,2.25,5,15,False,0.3333333333333333
0038e066-c8aa-40ce-8b94-579cbd33481b,neural,general,41,41,1.0,8,8,1.0,5,5,True,1.0
0038e066-c8aa-40ce-8b94-579cbd33481b,specialized,general,41,41,1.0,8,8,1.0,5,5,True,1.0
0372cd8c-0ec9-47a6-a000-462a4c548328,original_free,general,53,53,1.0,7,7,1.0,6,6,True,1.0
0372cd8c-0ec9-47a6-a000-462a4c548328,paid_brave,general,53,53,1.0,7,8,1.1428571428571428,6,7,False,0.4444444444444444
0372cd8c-0ec9-47a6-a000-462a4c548328,paid_google,general,53,69,1.3018867924528301,7,10,1.4285714285714286,6,9,False,0.6666666666666666
0372cd8c-0ec9-47a6-a000-462a4c548328,paid_other,general,53,65,1.2264150943396226,7,10,1.4285714285714286,6,9,False,0.36363636363636365
0372cd8c-0ec9-47a6-a000-462a4c548328,neural,general,53,116,2.188679245283019,7,16,2.2857142857142856,6,15,False,0.4
0372cd8c-0ec9-47a6-a000-462a4c548328,specialized,general,53,67,1.2641509433962264,7,10,1.4285714285714286,6,7,False,0.625
cd5b798f-283c-49c5-b9cf-1215d199b925,original_free,general,7,7,1.0,2,2,1.0,2,2,True,1.0
cd5b798f-283c-49c5-b9cf-1215d199b925,paid_brave,general,7,14,2.0,2,3,1.5,2,3,False,0.6666666666666666
cd5b798f-283c-49c5-b9cf-1215d199b925,paid_google,general,7,39,5.571428571428571,2,7,3.5,2,6,False,0.3333333333333333
cd5b798f-283c-49c5-b9cf-1215d199b925,paid_other,general,7,46,6.571428571428571,2,7,3.5,2,7,False,0.2857142857142857
cd5b798f-283c-49c5-b9cf-1215d199b925,neural,general,7,104,14.857142857142858,2,17,8.5,2,17,False,0.11764705882352941
cd5b798f-283c-49c5-b9cf-1215d199b925,specialized,general,7,51,7.285714285714286,2,8,4.0,2,6,False,0.3333333333333333
b25f17a1-ed6f-426c-887e-524370f28f54,original_free,general,14,14,1.0,2,2,1.0,2,2,True,1.0
b25f17a1-ed6f-426c-887e-524370f28f54,paid_brave,general,14,37,2.642857142857143,2,6,3.0,2,5,False,0.4
b25f17a1-ed6f-426c-887e-524370f28f54,paid_google,general,14,54,3.857142857142857,2,7,3.5,2,7,False,0.2857142857142857
b25f17a1-ed6f-426c-887e-524370f28f54,paid_other,general,14,62,4.428571428571429,2,10,5.0,2,10,False,0.2
b25f17a1-ed6f-426c-887e-524370f28f54,neural,general,14,93,6.642857142857143,2,16,8.0,2,17,False,0.11764705882352941
b25f17a1-ed6f-426c-887e-524370f28f54,specialized,general,14,67,4.785714285714286,2,8,4.0,2,8,False,0.1111111111111111
6ff79ac6-c0d2-407a-9d88-35227f349e66,original_free,general,14,14,1.0,2,2,1.0,2,2,True,1.0
6ff79ac6-c0d2-407a-9d88-35227f349e66,paid_brave,general,14,37,2.642857142857143,2,6,3.0,2,5,False,0.4
6ff79ac6-c0d2-407a-9d88-35227f349e66,paid_google,general,14,54,3.857142857142857,2,7,3.5,2,7,False,0.2857142857142857
6ff79ac6-c0d2-407a-9d88-35227f349e66,paid_other,general,14,62,4.428571428571429,2,10,5.0,2,10,False,0.2
6ff79ac6-c0d2-407a-9d88-35227f349e66,neural,general,14,93,6.642857142857143,2,16,8.0,2,17,False,0.11764705882352941
6ff79ac6-c0d2-407a-9d88-35227f349e66,specialized,general,14,67,4.785714285714286,2,8,4.0,2,8,False,0.1111111111111111
be197ffe-44c4-410b-b121-9d418ba59d2b,original_free,general,14,14,1.0,2,2,1.0,2,2,True,1.0
be197ffe-44c4-410b-b121-9d418ba59d2b,paid_brave,general,14,37,2.642857142857143,2,6,3.0,2,5,False,0.4
be197ffe-44c4-410b-b121-9d418ba59d2b,paid_google,general,14,50,3.5714285714285716,2,7,3.5,2,7,False,0.2857142857142857
be197ffe-44c4-410b-b121-9d418ba59d2b,paid_other,general,14,56,4.0,2,8,4.0,2,8,False,0.1111111111111111
be197ffe-44c4-410b-b121-9d418ba59d2b,neural,general,14,90,6.428571428571429,2,16,8.0,2,15,False,0.13333333333333333
be197ffe-44c4-410b-b121-9d418ba59d2b,specialized,general,14,52,3.7142857142857144,2,7,3.5,2,6,False,0.3333333333333333
3857e0e7-b5f1-4a36-a13b-262d80162061,original_free,general,14,14,1.0,2,2,1.0,2,2,True,1.0
3857e0e7-b5f1-4a36-a13b-262d80162061,paid_brave,general,14,37,2.642857142857143,2,6,3.0,2,5,False,0.4
3857e0e7-b5f1-4a36-a13b-262d80162061,paid_google,general,14,50,3.5714285714285716,2,7,3.5,2,7,False,0.2857142857142857
3857e0e7-b5f1-4a36-a13b-262d80162061,paid_other,general,14,56,4.0,2,8,4.0,2,8,False,0.1111111111111111
3857e0e7-b5f1-4a36-a13b-262d80162061,neural,general,14,90,6.428571428571429,2,16,8.0,2,15,False,0.13333333333333333
3857e0e7-b5f1-4a36-a13b-262d80162061,specialized,general,14,52,3.7142857142857144,2,7,3.5,2,6,False,0.3333333333333333
2600e567-407e-4469-a2ff-4cca36353988,original_free,general,14,14,1.0,2,2,1.0,2,2,True,1.0
2600e567-407e-4469-a2ff-4cca36353988,paid_brave,general,14,37,2.642857142857143,2,6,3.0,2,5,False,0.4
2600e567-407e-4469-a2ff-4cca36353988,paid_google,general,14,50,3.5714285714285716,2,7,3.5,2,7,False,0.2857142857142857
2600e567-407e-4469-a2ff-4cca36353988,paid_other,general,14,56,4.0,2,8,4.0,2,8,False,0.1111111111111111
2600e567-407e-4469-a2ff-4cca36353988,neural,general,14,90,6.428571428571429,2,16,8.0,2,15,False,0.13333333333333333
2600e567-407e-4469-a2ff-4cca36353988,specialized,general,14,52,3.7142857142857144,2,7,3.5,2,6,False,0.3333333333333333
ac959d2c-3d5d-46a7-b2c7-e7da6cdac34d,original_free,general,14,14,1.0,2,2,1.0,2,2,True,1.0
ac959d2c-3d5d-46a7-b2c7-e7da6cdac34d,paid_brave,general,14,37,2.642857142857143,2,6,3.0,2,5,False,0.4
ac959d2c-3d5d-46a7-b2c7-e7da6cdac34d,paid_google,general,14,54,3.857142857142857,2,7,3.5,2,7,False,0.2857142857142857
ac959d2c-3d5d-46a7-b2c7-e7da6cdac34d,paid_other,general,14,62,4.428571428571429,2,10,5.0,2,10,False,0.2
ac959d2c-3d5d-46a7-b2c7-e7da6cdac34d,neural,general,14,93,6.642857142857143,2,16,8.0,2,17,False,0.11764705882352941
ac959d2c-3d5d-46a7-b2c7-e7da6cdac34d,specialized,general,14,67,4.785714285714286,2,8,4.0,2,8,False,0.1111111111111111
deee9f33-9672-41d1-ab6f-994b8e41738f,original_free,general,14,14,1.0,2,2,1.0,2,2,True,1.0
deee9f33-9672-41d1-ab6f-994b8e41738f,paid_brave,general,14,37,2.642857142857143,2,6,3.0,2,5,False,0.4
deee9f33-9672-41d1-ab6f-994b8e41738f,paid_google,general,14,59,4.214285714285714,2,8,4.0,2,8,False,0.25
deee9f33-9672-41d1-ab6f-994b8e41738f,paid_other,general,14,57,4.071428571428571,2,7,3.5,2,7,False,0.2857142857142857
deee9f33-9672-41d1-ab6f-994b8e41738f,neural,general,14,85,6.071428571428571,2,15,7.5,2,14,False,0.14285714285714285
deee9f33-9672-41d1-ab6f-994b8e41738f,specialized,general,14,55,3.9285714285714284,2,6,3.0,2,6,False,0.3333333333333333
86ef4491-f1ee-4d64-bba9-080f803b0083,original_free,general,14,14,1.0,2,2,1.0,2,2,True,1.0
86ef4491-f1ee-4d64-bba9-080f803b0083,paid_brave,general,14,67,4.785714285714286,2,10,5.0,2,9,False,0.2222222222222222
86ef4491-f1ee-4d64-bba9-080f803b0083,paid_google,general,14,48,3.4285714285714284,2,7,3.5,2,7,False,0.2857142857142857
86ef4491-f1ee-4d64-bba9-080f803b0083,paid_other,general,14,65,4.642857142857143,2,9,4.5,2,9,False,0.2222222222222222
86ef4491-f1ee-4d64-bba9-080f803b0083,neural,general,14,97,6.928571428571429,2,20,10.0,2,20,False,0.1
86ef4491-f1ee-4d64-bba9-080f803b0083,specialized,general,14,79,5.642857142857143,2,10,5.0,2,8,False,0.0
ceb7705f-e9b0-4c11-85d3-6c480b604151,original_free,general,14,14,1.0,2,2,1.0,2,2,True,1.0
ceb7705f-e9b0-4c11-85d3-6c480b604151,paid_brave,general,14,48,3.4285714285714284,2,8,4.0,2,6,False,0.3333333333333333
ceb7705f-e9b0-4c11-85d3-6c480b604151,paid_google,general,14,50,3.5714285714285716,2,7,3.5,2,6,False,0.3333333333333333
ceb7705f-e9b0-4c11-85d3-6c480b604151,paid_other,general,14,57,4.071428571428571,2,8,4.0,2,8,False,0.25
ceb7705f-e9b0-4c11-85d3-6c480b604151,neural,general,14,111,7.928571428571429,2,19,9.5,2,18,False,0.1111111111111111
ceb7705f-e9b0-4c11-85d3-6c480b604151,specialized,general,14,43,3.0714285714285716,2,7,3.5,2,4,False,0.0
e21f8086-87e6-4c67-a7e5-f6b63d831342,original_free,general,14,14,1.0,2,2,1.0,2,2,True,1.0
e21f8086-87e6-4c67-a7e5-f6b63d831342,paid_brave,general,14,37,2.642857142857143,2,6,3.0,2,5,False,0.4
e21f8086-87e6-4c67-a7e5-f6b63d831342,paid_google,general,14,50,3.5714285714285716,2,7,3.5,2,7,False,0.2857142857142857
e21f8086-87e6-4c67-a7e5-f6b63d831342,paid_other,general,14,48,3.4285714285714284,2,9,4.5,2,9,False,0.2222222222222222
e21f8086-87e6-4c67-a7e5-f6b63d831342,neural,general,14,96,6.857142857142857,2,17,8.5,2,17,False,0.11764705882352941
e21f8086-87e6-4c67-a7e5-f6b63d831342,specialized,general,14,51,3.642857142857143,2,7,3.5,2,6,False,0.14285714285714285
759ac087-8c4a-4832-96ca-bb52df6e3362,original_free,general,75,75,1.0,11,11,1.0,11,11,True,1.0
759ac087-8c4a-4832-96ca-bb52df6e3362,paid_brave,general,75,60,0.8,11,9,0.8181818181818182,11,8,False,0.35714285714285715
759ac087-8c4a-4832-96ca-bb52df6e3362,paid_google,general,75,49,0.6533333333333333,11,7,0.6363636363636364,11,7,False,0.2
759ac087-8c4a-4832-96ca-bb52df6e3362,paid_other,general,75,73,0.9733333333333334,11,11,1.0,11,11,False,0.2222222222222222
759ac087-8c4a-4832-96ca-bb52df6e3362,neural,general,75,182,2.4266666666666667,11,24,2.1818181818181817,11,24,False,0.2962962962962963
759ac087-8c4a-4832-96ca-bb52df6e3362,specialized,general,75,74,0.9866666666666667,11,10,0.9090909090909091,11,9,False,0.25
9af714c9-f4c9-4969-b202-c31b1edbdbdb,original_free,general,75,75,1.0,11,11,1.0,11,11,True,1.0
9af714c9-f4c9-4969-b202-c31b1edbdbdb,paid_brave,general,75,60,0.8,11,9,0.8181818181818182,11,8,False,0.35714285714285715
9af714c9-f4c9-4969-b202-c31b1edbdbdb,paid_google,general,75,49,0.6533333333333333,11,7,0.6363636363636364,11,7,False,0.2
9af714c9-f4c9-4969-b202-c31b1edbdbdb,paid_other,general,75,73,0.9733333333333334,11,11,1.0,11,11,False,0.2222222222222222
9af714c9-f4c9-4969-b202-c31b1edbdbdb,neural,general,75,182,2.4266666666666667,11,24,2.1818181818181817,11,24,False,0.2962962962962963
9af714c9-f4c9-4969-b202-c31b1edbdbdb,specialized,general,75,74,0.9866666666666667,11,10,0.9090909090909091,11,9,False,0.25
2734a0bc-625a-44e8-8bdf-ddb8c42fe1a1,original_free,general,78,78,1.0,9,9,1.0,8,8,True,1.0
2734a0bc-625a-44e8-8bdf-ddb8c42fe1a1,paid_brave,general,78,57,0.7307692307692307,9,8,0.8888888888888888,8,7,False,0.36363636363636365
2734a0bc-625a-44e8-8bdf-ddb8c42fe1a1,paid_google,general,78,76,0.9743589743589743,9,10,1.1111111111111112,8,9,False,0.3076923076923077
2734a0bc-625a-44e8-8bdf-ddb8c42fe1a1,paid_other,general,78,67,0.8589743589743589,9,7,0.7777777777777778,8,5,False,0.08333333333333333
2734a0bc-625a-44e8-8bdf-ddb8c42fe1a1,neural,general,78,242,3.1025641025641026,9,27,3.0,8,27,False,0.25
2734a0bc-625a-44e8-8bdf-ddb8c42fe1a1,specialized,general,78,51,0.6538461538461539,9,8,0.8888888888888888,8,7,False,0.25
70ae03fd-0561-4b1d-9452-8f4ba8ba8099,original_free,general,68,68,1.0,9,9,1.0,7,7,True,1.0
70ae03fd-0561-4b1d-9452-8f4ba8ba8099,paid_brave,general,68,58,0.8529411764705882,9,9,1.0,7,7,False,0.75
70ae03fd-0561-4b1d-9452-8f4ba8ba8099,paid_google,general,68,68,1.0,9,10,1.1111111111111112,7,8,False,0.5
70ae03fd-0561-4b1d-9452-8f4ba8ba8099,paid_other,general,68,77,1.1323529411764706,9,9,1.0,7,9,False,0.45454545454545453
70ae03fd-0561-4b1d-9452-8f4ba8ba8099,neural,general,68,207,3.0441176470588234,9,29,3.2222222222222223,7,29,False,0.058823529411764705
70ae03fd-0561-4b1d-9452-8f4ba8ba8099,specialized,general,68,88,1.2941176470588236,9,13,1.4444444444444444,7,11,False,0.2
e3cb0d83-0836-42c5-8de9-14dc755d2b88,original_free,general,84,84,1.0,13,13,1.0,13,13,True,1.0
e3cb0d83-0836-42c5-8de9-14dc755d2b88,paid_brave,general,84,64,0.7619047619047619,13,11,0.8461538461538461,13,10,False,0.35294117647058826
e3cb0d83-0836-42c5-8de9-14dc755d2b88,paid_google,general,84,74,0.8809523809523809,13,10,0.7692307692307693,13,9,False,0.2222222222222222
e3cb0d83-0836-42c5-8de9-14dc755d2b88,paid_other,general,84,52,0.6190476190476191,13,9,0.6923076923076923,13,9,False,0.2222222222222222
e3cb0d83-0836-42c5-8de9-14dc755d2b88,neural,general,84,268,3.1904761904761907,13,35,2.6923076923076925,13,34,False,0.20512820512820512
e3cb0d83-0836-42c5-8de9-14dc755d2b88,specialized,general,84,84,1.0,13,14,1.0769230769230769,13,12,False,0.3157894736842105
d432c5f1-e749-4744-bbd2-f9cf5ddef71c,original_free,general,119,119,1.0,16,16,1.0,15,15,True,1.0
d432c5f1-e749-4744-bbd2-f9cf5ddef71c,paid_brave,general,119,59,0.4957983193277311,16,10,0.625,15,9,False,0.3333333333333333
d432c5f1-e749-4744-bbd2-f9cf5ddef71c,paid_google,general,119,93,0.7815126050420168,16,13,0.8125,15,12,False,0.35
d432c5f1-e749-4744-bbd2-f9cf5ddef71c,paid_other,general,119,116,0.9747899159663865,16,15,0.9375,15,14,False,0.16
d432c5f1-e749-4744-bbd2-f9cf5ddef71c,neural,general,119,244,2.0504201680672267,16,32,2.0,15,30,False,0.25
d432c5f1-e749-4744-bbd2-f9cf5ddef71c,specialized,general,119,71,0.5966386554621849,16,9,0.5625,15,7,False,0.1
0a057781-bdf2-4f0b-9ea6-28bce8d08679,original_free,general,84,84,1.0,10,10,1.0,10,10,True,1.0
0a057781-bdf2-4f0b-9ea6-28bce8d08679,paid_brave,general,84,77,0.9166666666666666,10,11,1.1,10,10,False,0.17647058823529413
0a057781-bdf2-4f0b-9ea6-28bce8d08679,paid_google,general,84,99,1.1785714285714286,10,13,1.3,10,11,False,0.3125
0a057781-bdf2-4f0b-9ea6-28bce8d08679,paid_other,general,84,94,1.119047619047619,10,13,1.3,10,11,False,0.16666666666666666
0a057781-bdf2-4f0b-9ea6-28bce8d08679,neural,general,84,223,2.6547619047619047,10,36,3.6,10,36,False,0.06976744186046512
0a057781-bdf2-4f0b-9ea6-28bce8d08679,specialized,general,84,87,1.0357142857142858,10,12,1.2,10,10,False,0.0
98cf6e4a-b943-4a23-9639-0240ad7d76fd,original_free,general,7,7,1.0,2,2,1.0,2,2,True,1.0
98cf6e4a-b943-4a23-9639-0240ad7d76fd,paid_brave,general,7,36,5.142857142857143,2,7,3.5,2,5,False,0.4
98cf6e4a-b943-4a23-9639-0240ad7d76fd,paid_google,general,7,38,5.428571428571429,2,5,2.5,2,5,False,0.4
98cf6e4a-b943-4a23-9639-0240ad7d76fd,paid_other,general,7,25,3.5714285714285716,2,5,2.5,2,5,False,0.4
98cf6e4a-b943-4a23-9639-0240ad7d76fd,neural,general,7,108,15.428571428571429,2,19,9.5,2,19,False,0.10526315789473684
98cf6e4a-b943-4a23-9639-0240ad7d76fd,specialized,general,7,50,7.142857142857143,2,8,4.0,2,6,False,0.0
e5a970d6-a230-4603-9e9c-27a1a4e1338b,original_free,general,94,94,1.0,14,14,1.0,12,12,True,1.0
e5a970d6-a230-4603-9e9c-27a1a4e1338b,paid_brave,general,94,70,0.7446808510638298,14,11,0.7857142857142857,12,9,False,0.6153846153846154
e5a970d6-a230-4603-9e9c-27a1a4e1338b,paid_google,general,94,87,0.925531914893617,14,14,1.0,12,10,False,0.29411764705882354
e5a970d6-a230-4603-9e9c-27a1a4e1338b,paid_other,general,94,78,0.8297872340425532,14,12,0.8571428571428571,12,10,False,0.29411764705882354
e5a970d6-a230-4603-9e9c-27a1a4e1338b,neural,general,94,188,2.0,14,27,1.9285714285714286,12,24,False,0.2413793103448276
e5a970d6-a230-4603-9e9c-27a1a4e1338b,specialized,general,94,83,0.8829787234042553,14,14,1.0,12,10,False,0.375
69308eb8-f047-4a02-9918-6be9f7ab1108,original_free,general,1,1,1.0,1,1,1.0,1,1,True,1.0
69308eb8-f047-4a02-9918-6be9f7ab1108,paid_brave,general,1,16,16.0,1,3,3.0,1,3,False,0.3333333333333333
69308eb8-f047-4a02-9918-6be9f7ab1108,paid_google,general,1,28,28.0,1,5,5.0,1,4,False,0.25
69308eb8-f047-4a02-9918-6be9f7ab1108,paid_other,general,1,26,26.0,1,4,4.0,1,4,False,0.25
69308eb8-f047-4a02-9918-6be9f7ab1108,neural,general,1,135,135.0,1,17,17.0,1,17,False,0.058823529411764705
69308eb8-f047-4a02-9918-6be9f7ab1108,specialized,general,1,46,46.0,1,8,8.0,1,7,False,0.14285714285714285
942292d8-73f6-41f1-bb50-c56a365ca196,original_free,general,76,76,1.0,10,10,1.0,10,10,True,1.0
942292d8-73f6-41f1-bb50-c56a365ca196,paid_brave,general,76,64,0.8421052631578947,10,10,1.0,10,9,False,0.46153846153846156
942292d8-73f6-41f1-bb50-c56a365ca196,paid_google,general,76,82,1.0789473684210527,10,9,0.9,10,9,False,0.46153846153846156
942292d8-73f6-41f1-bb50-c56a365ca196,paid_other,general,76,55,0.7236842105263158,10,9,0.9,10,9,False,0.26666666666666666
942292d8-73f6-41f1-bb50-c56a365ca196,neural,general,76,198,2.6052631578947367,10,28,2.8,10,27,False,0.27586206896551724
942292d8-73f6-41f1-bb50-c56a365ca196,specialized,general,76,78,1.0263157894736843,10,10,1.0,10,9,False,0.46153846153846156
833ffff7-3926-4a78-82ee-578294550e52,original_free,general,36,36,1.0,6,6,1.0,5,5,True,1.0
833ffff7-3926-4a78-82ee-578294550e52,paid_brave,general,36,61,1.6944444444444444,6,9,1.5,5,8,False,0.625
833ffff7-3926-4a78-82ee-578294550e52,paid_google,general,36,75,2.0833333333333335,6,11,1.8333333333333333,5,11,False,0.14285714285714285
833ffff7-3926-4a78-82ee-578294550e52,paid_other,general,36,67,1.8611111111111112,6,9,1.5,5,9,False,0.0
833ffff7-3926-4a78-82ee-578294550e52,neural,general,36,213,5.916666666666667,6,29,4.833333333333333,5,28,False,0.13793103448275862
833ffff7-3926-4a78-82ee-578294550e52,specialized,general,36,102,2.8333333333333335,6,10,1.6666666666666667,5,9,False,0.16666666666666666
9f3ec071-94b6-414b-b672-a3c1418a0d67,original_free,general,80,80,1.0,9,9,1.0,9,9,True,1.0
9f3ec071-94b6-414b-b672-a3c1418a0d67,paid_brave,general,80,89,1.1125,9,10,1.1111111111111112,9,10,False,0.9
9f3ec071-94b6-414b-b672-a3c1418a0d67,paid_google,general,80,63,0.7875,9,9,1.0,9,8,False,0.4166666666666667
9f3ec071-94b6-414b-b672-a3c1418a0d67,paid_other,general,80,77,0.9625,9,9,1.0,9,9,False,0.125
9f3ec071-94b6-414b-b672-a3c1418a0d67,neural,general,80,237,2.9625,9,30,3.3333333333333335,9,28,False,0.15625
9f3ec071-94b6-414b-b672-a3c1418a0d67,specialized,general,80,60,0.75,9,8,0.8888888888888888,9,7,False,0.23076923076923078
7c1af73d-df29-4be6-ac40-c2ca2e3d864d,original_free,general,61,61,1.0,7,7,1.0,7,7,True,1.0
7c1af73d-df29-4be6-ac40-c2ca2e3d864d,paid_brave,general,61,70,1.1475409836065573,7,9,1.2857142857142858,7,8,False,0.5
7c1af73d-df29-4be6-ac40-c2ca2e3d864d,paid_google,general,61,79,1.2950819672131149,7,9,1.2857142857142858,7,8,False,0.36363636363636365
7c1af73d-df29-4be6-ac40-c2ca2e3d864d,paid_other,general,61,74,1.2131147540983607,7,9,1.2857142857142858,7,9,False,0.14285714285714285
7c1af73d-df29-4be6-ac40-c2ca2e3d864d,neural,general,61,184,3.0163934426229506,7,22,3.142857142857143,7,22,False,0.20833333333333334
7c1af73d-df29-4be6-ac40-c2ca2e3d864d,specialized,general,61,92,1.5081967213114753,7,10,1.4285714285714286,7,8,False,0.15384615384615385
e077183f-1926-4f72-bce4-af5449f42753,original_free,general,58,58,1.0,7,7,1.0,7,7,True,1.0
e077183f-1926-4f72-bce4-af5449f42753,paid_brave,general,58,48,0.8275862068965517,7,7,1.0,7,6,False,0.3
e077183f-1926-4f72-bce4-af5449f42753,paid_google,general,58,101,1.7413793103448276,7,12,1.7142857142857142,7,11,False,0.058823529411764705
e077183f-1926-4f72-bce4-af5449f42753,paid_other,general,58,65,1.1206896551724137,7,9,1.2857142857142858,7,8,False,0.25
e077183f-1926-4f72-bce4-af5449f42753,neural,general,58,196,3.3793103448275863,7,25,3.5714285714285716,7,25,False,0.23076923076923078
e077183f-1926-4f72-bce4-af5449f42753,specialized,general,58,121,2.086206896551724,7,16,2.2857142857142856,7,14,False,0.3125
1a57af3f-a4f5-4f5a-8654-9d3ce652530c,original_free,general,62,62,1.0,8,8,1.0,8,8,True,1.0
1a57af3f-a4f5-4f5a-8654-9d3ce652530c,paid_brave,general,62,52,0.8387096774193549,8,7,0.875,8,7,False,0.6666666666666666
1a57af3f-a4f5-4f5a-8654-9d3ce652530c,paid_google,general,62,67,1.0806451612903225,8,8,1.0,8,8,False,0.14285714285714285
1a57af3f-a4f5-4f5a-8654-9d3ce652530c,paid_other,general,62,103,1.6612903225806452,8,12,1.5,8,11,False,0.11764705882352941
1a57af3f-a4f5-4f5a-8654-9d3ce652530c,neural,general,62,132,2.129032258064516,8,17,2.125,8,17,False,0.13636363636363635
1a57af3f-a4f5-4f5a-8654-9d3ce652530c,specialized,general,62,76,1.2258064516129032,8,9,1.125,8,9,False,0.7
3e907bf1-1860-45a3-8c78-38a7ce91f2fa,original_free,general,53,53,1.0,7,7,1.0,7,7,True,1.0
3e907bf1-1860-45a3-8c78-38a7ce91f2fa,paid_brave,general,53,54,1.0188679245283019,7,7,1.0,7,7,False,0.75
3e907bf1-1860-45a3-8c78-38a7ce91f2fa,paid_google,general,53,58,1.0943396226415094,7,8,1.1428571428571428,7,8,False,0.07142857142857142
3e907bf1-1860-45a3-8c78-38a7ce91f2fa,paid_other,general,53,66,1.2452830188679245,7,8,1.1428571428571428,7,8,False,0.15384615384615385
3e907bf1-1860-45a3-8c78-38a7ce91f2fa,neural,general,53,119,2.2452830188679247,7,17,2.4285714285714284,7,17,False,0.4117647058823529
3e907bf1-1860-45a3-8c78-38a7ce91f2fa,specialized,general,53,105,1.9811320754716981,7,13,1.8571428571428572,7,12,False,0.26666666666666666
7588b98d-b986-4b7f-9a4e-5740bd38abba,original_free,general,59,59,1.0,7,7,1.0,7,7,True,1.0
7588b98d-b986-4b7f-9a4e-5740bd38abba,paid_brave,general,59,67,1.1355932203389831,7,9,1.2857142857142858,7,8,False,0.5
7588b98d-b986-4b7f-9a4e-5740bd38abba,paid_google,general,59,81,1.3728813559322033,7,11,1.5714285714285714,7,11,False,0.5
7588b98d-b986-4b7f-9a4e-5740bd38abba,paid_other,general,59,84,1.423728813559322,7,10,1.4285714285714286,7,10,False,0.7
7588b98d-b986-4b7f-9a4e-5740bd38abba,neural,general,59,153,2.593220338983051,7,21,3.0,7,21,False,0.21739130434782608
7588b98d-b986-4b7f-9a4e-5740bd38abba,specialized,general,59,65,1.1016949152542372,7,9,1.2857142857142858,7,8,False,0.36363636363636365
e54874db-e3b4-4824-9ba6-c13b57041834,original_free,general,63,63,1.0,8,8,1.0,8,8,True,1.0
e54874db-e3b4-4824-9ba6-c13b57041834,paid_brave,general,63,62,0.9841269841269841,8,9,1.125,8,8,False,0.45454545454545453
e54874db-e3b4-4824-9ba6-c13b57041834,paid_google,general,63,69,1.0952380952380953,8,8,1.0,8,8,False,0.45454545454545453
e54874db-e3b4-4824-9ba6-c13b57041834,paid_other,general,63,58,0.9206349206349206,8,9,1.125,8,9,False,0.3076923076923077
e54874db-e3b4-4824-9ba6-c13b57041834,neural,general,63,164,2.6031746031746033,8,25,3.125,8,25,False,0.2692307692307692
e54874db-e3b4-4824-9ba6-c13b57041834,specialized,general,63,84,1.3333333333333333,8,10,1.25,8,9,False,0.5454545454545454
c92991f1-fa6b-4dff-96ba-0528c6ac6cb3,original_free,general,54,54,1.0,8,8,1.0,8,8,True,1.0
c92991f1-fa6b-4dff-96ba-0528c6ac6cb3,paid_brave,general,54,53,0.9814814814814815,8,8,1.0,8,7,False,0.36363636363636365
c92991f1-fa6b-4dff-96ba-0528c6ac6cb3,paid_google,general,54,54,1.0,8,8,1.0,8,8,False,0.14285714285714285
c92991f1-fa6b-4dff-96ba-0528c6ac6cb3,paid_other,general,54,56,1.037037037037037,8,9,1.125,8,9,False,0.3076923076923077
c92991f1-fa6b-4dff-96ba-0528c6ac6cb3,neural,general,54,188,3.4814814814814814,8,23,2.875,8,23,False,0.19230769230769232
c92991f1-fa6b-4dff-96ba-0528c6ac6cb3,specialized,general,54,91,1.6851851851851851,8,11,1.375,8,10,False,0.2
dbcf6a51-20a9-40c7-a5f0-c539f06170c8,original_free,general,64,64,1.0,8,8,1.0,8,8,True,1.0
dbcf6a51-20a9-40c7-a5f0-c539f06170c8,paid_brave,general,64,53,0.828125,8,7,0.875,8,7,False,0.6666666666666666
dbcf6a51-20a9-40c7-a5f0-c539f06170c8,paid_google,general,64,46,0.71875,8,7,0.875,8,5,False,0.08333333333333333
dbcf6a51-20a9-40c7-a5f0-c539f06170c8,paid_other,general,64,49,0.765625,8,6,0.75,8,6,False,0.2727272727272727
dbcf6a51-20a9-40c7-a5f0-c539f06170c8,neural,general,64,146,2.28125,8,22,2.75,8,22,False,0.2
dbcf6a51-20a9-40c7-a5f0-c539f06170c8,specialized,general,64,51,0.796875,8,5,0.625,8,5,False,0.4444444444444444
1674d04e-d964-43c3-956c-1e200a89cce3,original_free,general,43,43,1.0,5,5,1.0,5,5,True,1.0
1674d04e-d964-43c3-956c-1e200a89cce3,paid_brave,general,43,65,1.5116279069767442,5,9,1.8,5,8,False,0.625
1674d04e-d964-43c3-956c-1e200a89cce3,paid_google,general,43,96,2.2325581395348837,5,11,2.2,5,11,False,0.14285714285714285
1674d04e-d964-43c3-956c-1e200a89cce3,paid_other,general,43,82,1.9069767441860466,5,10,2.0,5,10,False,0.15384615384615385
1674d04e-d964-43c3-956c-1e200a89cce3,neural,general,43,211,4.906976744186046,5,28,5.6,5,28,False,0.17857142857142858
1674d04e-d964-43c3-956c-1e200a89cce3,specialized,general,43,67,1.558139534883721,5,9,1.8,5,8,False,0.0
6310b0f1-bd46-46d7-b94a-4aec48d22452,original_free,general,65,65,1.0,8,8,1.0,8,8,True,1.0
6310b0f1-bd46-46d7-b94a-4aec48d22452,paid_brave,general,65,71,1.0923076923076922,8,10,1.25,8,9,False,0.5454545454545454
6310b0f1-bd46-46d7-b94a-4aec48d22452,paid_google,general,65,59,0.9076923076923077,8,5,0.625,8,5,False,0.18181818181818182
6310b0f1-bd46-46d7-b94a-4aec48d22452,paid_other,general,65,50,0.7692307692307693,8,7,0.875,8,7,False,0.36363636363636365
6310b0f1-bd46-46d7-b94a-4aec48d22452,neural,general,65,184,2.830769230769231,8,26,3.25,8,26,False,0.25925925925925924
6310b0f1-bd46-46d7-b94a-4aec48d22452,specialized,general,65,80,1.2307692307692308,8,10,1.25,8,8,False,0.45454545454545453
5dd7a25e-c62b-4c98-a387-254f206555c4,original_free,general,49,49,1.0,8,8,1.0,8,8,True,1.0
5dd7a25e-c62b-4c98-a387-254f206555c4,paid_brave,general,49,49,1.0,8,8,1.0,8,8,True,1.0
5dd7a25e-c62b-4c98-a387-254f206555c4,paid_google,general,49,58,1.183673469387755,8,6,0.75,8,6,False,0.16666666666666666
5dd7a25e-c62b-4c98-a387-254f206555c4,paid_other,general,49,76,1.5510204081632653,8,12,1.5,8,10,False,0.38461538461538464
5dd7a25e-c62b-4c98-a387-254f206555c4,neural,general,49,140,2.857142857142857,8,22,2.75,8,22,False,0.25
5dd7a25e-c62b-4c98-a387-254f206555c4,specialized,general,49,53,1.0816326530612246,8,6,0.75,8,6,False,0.4
23cea32b-0ff5-46df-be99-d95ab67015f6,original_free,general,76,76,1.0,10,10,1.0,9,9,True,1.0
23cea32b-0ff5-46df-be99-d95ab67015f6,paid_brave,general,76,49,0.6447368421052632,10,6,0.6,9,5,False,0.16666666666666666
23cea32b-0ff5-46df-be99-d95ab67015f6,paid_google,general,76,67,0.881578947368421,10,10,1.0,9,10,False,0.46153846153846156
23cea32b-0ff5-46df-be99-d95ab67015f6,paid_other,general,76,58,0.7631578947368421,10,9,0.9,9,8,False,0.3076923076923077
23cea32b-0ff5-46df-be99-d95ab67015f6,neural,general,76,156,2.0526315789473686,10,20,2.0,9,19,False,0.4
23cea32b-0ff5-46df-be99-d95ab67015f6,specialized,general,76,113,1.486842105263158,10,12,1.2,9,11,False,0.5384615384615384
28f114f2-8f03-460d-80c7-8703f582eabd,original_free,general,66,66,1.0,9,9,1.0,9,9,True,1.0
28f114f2-8f03-460d-80c7-8703f582eabd,paid_brave,general,66,37,0.5606060606060606,9,6,0.6666666666666666,9,6,False,0.25
28f114f2-8f03-460d-80c7-8703f582eabd,paid_google,general,66,54,0.8181818181818182,9,8,0.8888888888888888,9,6,False,0.25
28f114f2-8f03-460d-80c7-8703f582eabd,paid_other,general,66,38,0.5757575757575758,9,6,0.6666666666666666,9,6,False,0.15384615384615385
28f114f2-8f03-460d-80c7-8703f582eabd,neural,general,66,97,1.4696969696969697,9,18,2.0,9,18,False,0.42105263157894735
28f114f2-8f03-460d-80c7-8703f582eabd,specialized,general,66,53,0.803030303030303,9,6,0.6666666666666666,9,6,False,0.15384615384615385
2c0064d3-4568-4d9a-9ebd-26d9232483cd,original_free,general,70,70,1.0,10,10,1.0,10,10,True,1.0
2c0064d3-4568-4d9a-9ebd-26d9232483cd,paid_brave,general,70,64,0.9142857142857143,10,9,0.9,10,8,False,0.38461538461538464
2c0064d3-4568-4d9a-9ebd-26d9232483cd,paid_google,general,70,57,0.8142857142857143,10,7,0.7,10,7,False,0.21428571428571427
2c0064d3-4568-4d9a-9ebd-26d9232483cd,paid_other,general,70,60,0.8571428571428571,10,10,1.0,10,10,False,0.25
2c0064d3-4568-4d9a-9ebd-26d9232483cd,neural,general,70,173,2.4714285714285715,10,24,2.4,10,24,False,0.3076923076923077
2c0064d3-4568-4d9a-9ebd-26d9232483cd,specialized,general,70,62,0.8857142857142857,10,8,0.8,10,7,False,0.13333333333333333
9cb4a6d4-143d-4818-ad59-f50afb5b6d2a,original_free,general,60,60,1.0,8,8,1.0,8,8,True,1.0
9cb4a6d4-143d-4818-ad59-f50afb5b6d2a,paid_brave,general,60,46,0.7666666666666667,8,6,0.75,8,6,False,0.5555555555555556
9cb4a6d4-143d-4818-ad59-f50afb5b6d2a,paid_google,general,60,66,1.1,8,9,1.125,8,8,False,0.14285714285714285
9cb4a6d4-143d-4818-ad59-f50afb5b6d2a,paid_other,general,60,50,0.8333333333333334,8,6,0.75,8,6,False,0.4
9cb4a6d4-143d-4818-ad59-f50afb5b6d2a,neural,general,60,71,1.1833333333333333,8,12,1.5,8,12,False,0.3333333333333333
9cb4a6d4-143d-4818-ad59-f50afb5b6d2a,specialized,general,60,56,0.9333333333333333,8,6,0.75,8,6,False,0.4
18db6b8c-c80d-4ca0-800b-f6ad19687874,original_free,general,61,61,1.0,8,8,1.0,7,7,True,1.0
18db6b8c-c80d-4ca0-800b-f6ad19687874,paid_brave,general,61,57,0.9344262295081968,8,8,1.0,7,6,False,0.3
18db6b8c-c80d-4ca0-800b-f6ad19687874,paid_google,general,61,53,0.8688524590163934,8,6,0.75,7,5,False,0.5
18db6b8c-c80d-4ca0-800b-f6ad19687874,paid_other,general,61,54,0.8852459016393442,8,7,0.875,7,7,False,0.4
18db6b8c-c80d-4ca0-800b-f6ad19687874,neural,general,61,97,1.5901639344262295,8,15,1.875,7,13,False,0.17647058823529413
18db6b8c-c80d-4ca0-800b-f6ad19687874,specialized,general,61,76,1.2459016393442623,8,8,1.0,7,7,False,0.4
b56d74c4-6158-4087-ace2-91848c70cf3b,original_free,general,66,66,1.0,8,8,1.0,8,8,True,1.0
b56d74c4-6158-4087-ace2-91848c70cf3b,paid_brave,general,66,68,1.0303030303030303,8,9,1.125,8,8,False,0.45454545454545453
b56d74c4-6158-4087-ace2-91848c70cf3b,paid_google,general,66,62,0.9393939393939394,8,10,1.25,8,10,False,0.38461538461538464
b56d74c4-6158-4087-ace2-91848c70cf3b,paid_other,general,66,52,0.7878787878787878,8,8,1.0,8,8,False,0.3333333333333333
b56d74c4-6158-4087-ace2-91848c70cf3b,neural,general,66,126,1.9090909090909092,8,17,2.125,8,17,False,0.3157894736842105
b56d74c4-6158-4087-ace2-91848c70cf3b,specialized,general,66,45,0.6818181818181818,8,7,0.875,8,6,False,0.07692307692307693
4f87a47e-10e3-454b-a9eb-38ee37248304,original_free,general,53,53,1.0,9,9,1.0,9,9,True,1.0
4f87a47e-10e3-454b-a9eb-38ee37248304,paid_brave,general,53,62,1.169811320754717,9,10,1.1111111111111112,9,9,False,0.6363636363636364
4f87a47e-10e3-454b-a9eb-38ee37248304,paid_google,general,53,76,1.4339622641509433,9,8,0.8888888888888888,9,8,False,0.3076923076923077
4f87a47e-10e3-454b-a9eb-38ee37248304,paid_other,general,53,127,2.3962264150943398,9,18,2.0,9,18,False,0.125
4f87a47e-10e3-454b-a9eb-38ee37248304,neural,general,53,255,4.811320754716981,9,37,4.111111111111111,9,37,False,0.06976744186046512
4f87a47e-10e3-454b-a9eb-38ee37248304,specialized,general,53,49,0.9245283018867925,9,8,0.8888888888888888,9,8,False,0.5454545454545454
63dab63f-afa3-485e-bea8-1086c132ca45,original_free,general,54,54,1.0,6,6,1.0,6,6,True,1.0
63dab63f-afa3-485e-bea8-1086c132ca45,paid_brave,general,54,56,1.037037037037037,6,6,1.0,6,6,False,0.7142857142857143
63dab63f-afa3-485e-bea8-1086c132ca45,paid_google,general,54,61,1.1296296296296295,6,7,1.1666666666666667,6,7,False,0.08333333333333333
63dab63f-afa3-485e-bea8-1086c132ca45,paid_other,general,54,83,1.537037037037037,6,9,1.5,6,9,False,0.36363636363636365
63dab63f-afa3-485e-bea8-1086c132ca45,neural,general,54,101,1.8703703703703705,6,12,2.0,6,12,False,0.2
63dab63f-afa3-485e-bea8-1086c132ca45,specialized,general,54,67,1.2407407407407407,6,8,1.3333333333333333,6,8,False,0.2727272727272727
1c32f2eb-e71a-4f5e-8a73-def9acdd950b,original_free,general,61,61,1.0,9,9,1.0,9,9,True,1.0
1c32f2eb-e71a-4f5e-8a73-def9acdd950b,paid_brave,general,61,77,1.2622950819672132,9,12,1.3333333333333333,9,11,False,0.6666666666666666
1c32f2eb-e71a-4f5e-8a73-def9acdd950b,paid_google,general,61,75,1.2295081967213115,9,9,1.0,9,9,False,0.2857142857142857
1c32f2eb-e71a-4f5e-8a73-def9acdd950b,paid_other,general,61,84,1.3770491803278688,9,11,1.2222222222222223,9,11,False,0.17647058823529413
1c32f2eb-e71a-4f5e-8a73-def9acdd950b,neural,general,61,213,3.4918032786885247,9,28,3.111111111111111,9,28,False,0.23333333333333334
1c32f2eb-e71a-4f5e-8a73-def9acdd950b,specialized,general,61,63,1.0327868852459017,9,10,1.1111111111111112,9,9,False,0.125
72b0145e-249c-4258-ac35-a651a305f87f,original_free,general,55,55,1.0,9,9,1.0,8,8,True,1.0
72b0145e-249c-4258-ac35-a651a305f87f,paid_brave,general,55,46,0.8363636363636363,9,8,0.8888888888888888,8,7,False,0.36363636363636365
72b0145e-249c-4258-ac35-a651a305f87f,paid_google,general,55,53,0.9636363636363636,9,7,0.7777777777777778,8,7,False,0.36363636363636365
72b0145e-249c-4258-ac35-a651a305f87f,paid_other,general,55,84,1.5272727272727273,9,12,1.3333333333333333,8,12,False,0.17647058823529413
72b0145e-249c-4258-ac35-a651a305f87f,neural,general,55,195,3.5454545454545454,9,24,2.6666666666666665,8,23,False,0.19230769230769232
72b0145e-249c-4258-ac35-a651a305f87f,specialized,general,55,60,1.0909090909090908,9,8,0.8888888888888888,8,7,False,0.36363636363636365
08142df9-4005-4840-9b7d-8cba94da0494,original_free,general,57,57,1.0,8,8,1.0,8,8,True,1.0
08142df9-4005-4840-9b7d-8cba94da0494,paid_brave,general,57,59,1.0350877192982457,8,9,1.125,8,8,False,0.45454545454545453
08142df9-4005-4840-9b7d-8cba94da0494,paid_google,general,57,57,1.0,8,8,1.0,8,8,False,0.14285714285714285
08142df9-4005-4840-9b7d-8cba94da0494,paid_other,general,57,70,1.2280701754385965,8,10,1.25,8,10,False,0.2857142857142857
08142df9-4005-4840-9b7d-8cba94da0494,neural,general,57,146,2.56140350877193,8,19,2.375,8,19,False,0.35
08142df9-4005-4840-9b7d-8cba94da0494,specialized,general,57,62,1.087719298245614,8,8,1.0,8,8,False,0.45454545454545453
ed21f834-1625-4f6c-aee3-978500509276,original_free,general,51,51,1.0,5,5,1.0,5,5,True,1.0
ed21f834-1625-4f6c-aee3-978500509276,paid_brave,general,51,61,1.196078431372549,5,7,1.4,5,6,False,0.375
ed21f834-1625-4f6c-aee3-978500509276,paid_google,general,51,77,1.5098039215686274,5,9,1.8,5,9,False,0.4
ed21f834-1625-4f6c-aee3-978500509276,paid_other,general,51,85,1.6666666666666667,5,10,2.0,5,10,False,0.36363636363636365
ed21f834-1625-4f6c-aee3-978500509276,neural,general,51,227,4.450980392156863,5,27,5.4,5,27,False,0.10344827586206896
ed21f834-1625-4f6c-aee3-978500509276,specialized,general,51,61,1.196078431372549,5,6,1.2,5,6,False,0.5714285714285714
f50b0b2f-0b8b-4a17-a30f-306f34190ac7,original_free,general,58,58,1.0,8,8,1.0,8,8,True,1.0
f50b0b2f-0b8b-4a17-a30f-306f34190ac7,paid_brave,general,58,68,1.1724137931034482,8,10,1.25,8,9,False,0.5454545454545454
f50b0b2f-0b8b-4a17-a30f-306f34190ac7,paid_google,general,58,80,1.3793103448275863,8,10,1.25,8,10,False,0.2857142857142857
f50b0b2f-0b8b-4a17-a30f-306f34190ac7,paid_other,general,58,72,1.2413793103448276,8,10,1.25,8,10,False,0.125
f50b0b2f-0b8b-4a17-a30f-306f34190ac7,neural,general,58,215,3.706896551724138,8,30,3.75,8,30,False,0.22580645161290322
f50b0b2f-0b8b-4a17-a30f-306f34190ac7,specialized,general,58,103,1.7758620689655173,8,13,1.625,8,12,False,0.42857142857142855
3a216269-db7c-43f0-83fc-5492401724ee,original_free,general,67,67,1.0,11,11,1.0,9,9,True,1.0
3a216269-db7c-43f0-83fc-5492401724ee,paid_brave,general,67,65,0.9701492537313433,11,10,0.9090909090909091,9,8,False,0.4166666666666667
3a216269-db7c-43f0-83fc-5492401724ee,paid_google,general,67,83,1.2388059701492538,11,11,1.0,9,9,False,0.38461538461538464
3a216269-db7c-43f0-83fc-5492401724ee,paid_other,general,67,67,1.0,11,9,0.8181818181818182,9,9,False,0.2
3a216269-db7c-43f0-83fc-5492401724ee,neural,general,67,241,3.5970149253731343,11,34,3.090909090909091,9,32,False,0.20588235294117646
3a216269-db7c-43f0-83fc-5492401724ee,specialized,general,67,80,1.1940298507462686,11,12,1.0909090909090908,9,9,False,0.5
2444ee7c-ecbc-4c24-aa1c-f1ab20d85f7d,original_free,general,44,44,1.0,8,8,1.0,8,8,True,1.0
2444ee7c-ecbc-4c24-aa1c-f1ab20d85f7d,paid_brave,general,44,45,1.0227272727272727,8,8,1.0,8,7,False,0.5
2444ee7c-ecbc-4c24-aa1c-f1ab20d85f7d,paid_google,general,44,57,1.2954545454545454,8,8,1.0,8,7,False,0.07142857142857142
2444ee7c-ecbc-4c24-aa1c-f1ab20d85f7d,paid_other,general,44,52,1.1818181818181819,8,9,1.125,8,8,False,0.23076923076923078
2444ee7c-ecbc-4c24-aa1c-f1ab20d85f7d,neural,general,44,112,2.5454545454545454,8,17,2.125,8,16,False,0.2631578947368421
2444ee7c-ecbc-4c24-aa1c-f1ab20d85f7d,specialized,general,44,73,1.6590909090909092,8,9,1.125,8,9,False,0.21428571428571427
8afe5b0a-6004-4f5b-8927-63299d413f2f,original_free,general,52,52,1.0,9,9,1.0,8,8,True,1.0
8afe5b0a-6004-4f5b-8927-63299d413f2f,paid_brave,general,52,78,1.5,9,12,1.3333333333333333,8,10,False,0.6363636363636364
8afe5b0a-6004-4f5b-8927-63299d413f2f,paid_google,general,52,69,1.3269230769230769,9,10,1.1111111111111112,8,10,False,0.5
8afe5b0a-6004-4f5b-8927-63299d413f2f,paid_other,general,52,54,1.0384615384615385,9,10,1.1111111111111112,8,9,False,0.5454545454545454
8afe5b0a-6004-4f5b-8927-63299d413f2f,neural,general,52,204,3.923076923076923,9,32,3.5555555555555554,8,31,False,0.21875
8afe5b0a-6004-4f5b-8927-63299d413f2f,specialized,general,52,85,1.6346153846153846,9,12,1.3333333333333333,8,10,False,0.6363636363636364
433d7d7f-4152-4c71-ba5b-01e27c4f52ed,original_free,general,37,37,1.0,6,6,1.0,5,5,True,1.0
433d7d7f-4152-4c71-ba5b-01e27c4f52ed,paid_brave,general,37,40,1.0810810810810811,6,7,1.1666666666666667,5,6,False,0.375
433d7d7f-4152-4c71-ba5b-01e27c4f52ed,paid_google,general,37,59,1.5945945945945945,6,9,1.5,5,9,False,0.2727272727272727
433d7d7f-4152-4c71-ba5b-01e27c4f52ed,paid_other,general,37,43,1.162162162162162,6,6,1.0,5,6,False,0.2222222222222222
433d7d7f-4152-4c71-ba5b-01e27c4f52ed,neural,general,37,174,4.702702702702703,6,27,4.5,5,26,False,0.14814814814814814
433d7d7f-4152-4c71-ba5b-01e27c4f52ed,specialized,general,37,66,1.7837837837837838,6,8,1.3333333333333333,5,6,False,0.2222222222222222
70376984-d59e-47a4-8a2c-3fc4227ab9a9,original_free,general,60,60,1.0,7,7,1.0,6,6,True,1.0
70376984-d59e-47a4-8a2c-3fc4227ab9a9,paid_brave,general,60,39,0.65,7,5,0.7142857142857143,6,5,False,0.375
70376984-d59e-47a4-8a2c-3fc4227ab9a9,paid_google,general,60,48,0.8,7,7,1.0,6,5,False,0.375
70376984-d59e-47a4-8a2c-3fc4227ab9a9,paid_other,general,60,48,0.8,7,6,0.8571428571428571,6,6,False,0.5
70376984-d59e-47a4-8a2c-3fc4227ab9a9,neural,general,60,118,1.9666666666666666,7,17,2.4285714285714284,6,16,False,0.375
70376984-d59e-47a4-8a2c-3fc4227ab9a9,specialized,general,60,62,1.0333333333333334,7,7,1.0,6,6,False,0.2
10c276b0-8e6d-4a1b-a14a-a85e5816f82f,original_free,general,41,41,1.0,5,5,1.0,5,5,True,1.0
10c276b0-8e6d-4a1b-a14a-a85e5816f82f,paid_brave,general,41,56,1.3658536585365855,5,8,1.6,5,7,False,0.2
10c276b0-8e6d-4a1b-a14a-a85e5816f82f,paid_google,general,41,54,1.3170731707317074,5,7,1.4,5,7,False,0.2
10c276b0-8e6d-4a1b-a14a-a85e5816f82f,paid_other,general,41,52,1.2682926829268293,5,7,1.4,5,7,False,0.2
10c276b0-8e6d-4a1b-a14a-a85e5816f82f,neural,general,41,101,2.4634146341463414,5,15,3.0,5,15,False,0.25
10c276b0-8e6d-4a1b-a14a-a85e5816f82f,specialized,general,41,52,1.2682926829268293,5,7,1.4,5,7,False,0.5
f9f8c48c-42b3-4d41-bbba-fdc274484fa7,original_free,general,41,41,1.0,6,6,1.0,5,5,True,1.0
f9f8c48c-42b3-4d41-bbba-fdc274484fa7,paid_brave,general,41,38,0.926829268292683,6,6,1.0,5,5,False,0.25
f9f8c48c-42b3-4d41-bbba-fdc274484fa7,paid_google,general,41,66,1.6097560975609757,6,9,1.5,5,9,False,0.16666666666666666
f9f8c48c-42b3-4d41-bbba-fdc274484fa7,paid_other,general,41,43,1.048780487804878,6,7,1.1666666666666667,5,6,False,0.375
f9f8c48c-42b3-4d41-bbba-fdc274484fa7,neural,general,41,152,3.707317073170732,6,22,3.6666666666666665,5,22,False,0.17391304347826086
f9f8c48c-42b3-4d41-bbba-fdc274484fa7,specialized,general,41,51,1.2439024390243902,6,8,1.3333333333333333,5,6,False,0.2222222222222222
92464d9f-bb8a-45a3-972e-034ef276e378,original_free,general,52,52,1.0,8,8,1.0,7,7,True,1.0
92464d9f-bb8a-45a3-972e-034ef276e378,paid_brave,general,52,48,0.9230769230769231,8,9,1.125,7,7,False,0.4
92464d9f-bb8a-45a3-972e-034ef276e378,paid_google,general,52,46,0.8846153846153846,8,6,0.75,7,6,False,0.4444444444444444
92464d9f-bb8a-45a3-972e-034ef276e378,paid_other,general,52,56,1.0769230769230769,8,8,1.0,7,8,False,0.25
92464d9f-bb8a-45a3-972e-034ef276e378,neural,general,52,141,2.7115384615384617,8,23,2.875,7,23,False,0.15384615384615385
92464d9f-bb8a-45a3-972e-034ef276e378,specialized,general,52,60,1.1538461538461537,8,8,1.0,7,7,False,0.2727272727272727
b3bf8bde-f024-4b6d-bd4c-4d3449861976,original_free,general,69,69,1.0,9,9,1.0,9,9,True,1.0
b3bf8bde-f024-4b6d-bd4c-4d3449861976,paid_brave,general,69,71,1.0289855072463767,9,10,1.1111111111111112,9,9,False,0.5
b3bf8bde-f024-4b6d-bd4c-4d3449861976,paid_google,general,69,85,1.2318840579710144,9,11,1.2222222222222223,9,11,False,0.3333333333333333
b3bf8bde-f024-4b6d-bd4c-4d3449861976,paid_other,general,69,79,1.144927536231884,9,12,1.3333333333333333,9,12,False,0.6153846153846154
b3bf8bde-f024-4b6d-bd4c-4d3449861976,neural,general,69,188,2.7246376811594204,9,24,2.6666666666666665,9,24,False,0.2222222222222222
b3bf8bde-f024-4b6d-bd4c-4d3449861976,specialized,general,69,83,1.2028985507246377,9,11,1.2222222222222223,9,9,False,0.2857142857142857
08d0fb2a-aa2d-4883-81af-c9c77c23c2cb,original_free,general,35,35,1.0,6,6,1.0,5,5,True,1.0
08d0fb2a-aa2d-4883-81af-c9c77c23c2cb,paid_brave,general,35,42,1.2,6,8,1.3333333333333333,5,6,False,0.375
08d0fb2a-aa2d-4883-81af-c9c77c23c2cb,paid_google,general,35,47,1.3428571428571427,6,6,1.0,5,6,False,0.2222222222222222
08d0fb2a-aa2d-4883-81af-c9c77c23c2cb,paid_other,general,35,51,1.457142857142857,6,7,1.1666666666666667,5,7,False,0.3333333333333333
08d0fb2a-aa2d-4883-81af-c9c77c23c2cb,neural,general,35,136,3.8857142857142857,6,22,3.6666666666666665,5,21,False,0.23809523809523808
08d0fb2a-aa2d-4883-81af-c9c77c23c2cb,specialized,general,35,56,1.6,6,9,1.5,5,8,False,0.4444444444444444
25a7f8be-342a-4fcc-bdb5-2b1b8027639b,original_free,general,46,46,1.0,7,7,1.0,7,7,True,1.0
25a7f8be-342a-4fcc-bdb5-2b1b8027639b,paid_brave,general,46,81,1.7608695652173914,7,12,1.7142857142857142,7,11,False,0.6363636363636364
25a7f8be-342a-4fcc-bdb5-2b1b8027639b,paid_google,general,46,65,1.4130434782608696,7,9,1.2857142857142858,7,9,False,0.23076923076923078
25a7f8be-342a-4fcc-bdb5-2b1b8027639b,paid_other,general,46,65,1.4130434782608696,7,9,1.2857142857142858,7,9,False,0.3333333333333333
25a7f8be-342a-4fcc-bdb5-2b1b8027639b,neural,general,46,182,3.9565217391304346,7,25,3.5714285714285716,7,25,False,0.10344827586206896
25a7f8be-342a-4fcc-bdb5-2b1b8027639b,specialized,general,46,46,1.0,7,7,1.0,7,6,False,0.4444444444444444
2d8d7be9-318d-4b8b-8a5e-41216db148c7,original_free,general,66,66,1.0,9,9,1.0,9,9,True,1.0
2d8d7be9-318d-4b8b-8a5e-41216db148c7,paid_brave,general,66,67,1.0151515151515151,9,10,1.1111111111111112,9,9,False,0.5
2d8d7be9-318d-4b8b-8a5e-41216db148c7,paid_google,general,66,65,0.9848484848484849,9,9,1.0,9,9,False,0.2857142857142857
2d8d7be9-318d-4b8b-8a5e-41216db148c7,paid_other,general,66,74,1.121212121212121,9,12,1.3333333333333333,9,12,False,0.3125
2d8d7be9-318d-4b8b-8a5e-41216db148c7,neural,general,66,184,2.787878787878788,9,26,2.888888888888889,9,26,False,0.25
2d8d7be9-318d-4b8b-8a5e-41216db148c7,specialized,general,66,68,1.0303030303030303,9,10,1.1111111111111112,9,9,False,0.5
1a9dde98-62bf-4200-90c8-96fa7e5f258f,original_free,general,7,7,1.0,2,2,1.0,2,2,True,1.0
1a9dde98-62bf-4200-90c8-96fa7e5f258f,paid_brave,general,7,37,5.285714285714286,2,6,3.0,2,5,False,0.4
1a9dde98-62bf-4200-90c8-96fa7e5f258f,paid_google,general,7,38,5.428571428571429,2,5,2.5,2,5,False,0.4
1a9dde98-62bf-4200-90c8-96fa7e5f258f,paid_other,general,7,49,7.0,2,8,4.0,2,8,False,0.25
1a9dde98-62bf-4200-90c8-96fa7e5f258f,neural,general,7,90,12.857142857142858,2,16,8.0,2,16,False,0.125
1a9dde98-62bf-4200-90c8-96fa7e5f258f,specialized,general,7,56,8.0,2,10,5.0,2,8,False,0.25
8314dd00-63db-4381-a46f-99288f1977c6,original_free,general,72,72,1.0,9,9,1.0,9,9,True,1.0
8314dd00-63db-4381-a46f-99288f1977c6,paid_brave,general,72,75,1.0416666666666667,9,9,1.0,9,9,False,0.6363636363636364
8314dd00-63db-4381-a46f-99288f1977c6,paid_google,general,72,72,1.0,9,9,1.0,9,9,False,0.6363636363636364
8314dd00-63db-4381-a46f-99288f1977c6,paid_other,general,72,76,1.0555555555555556,9,10,1.1111111111111112,9,10,False,0.46153846153846156
8314dd00-63db-4381-a46f-99288f1977c6,neural,general,72,207,2.875,9,26,2.888888888888889,9,26,False,0.34615384615384615
8314dd00-63db-4381-a46f-99288f1977c6,specialized,general,72,55,0.7638888888888888,9,7,0.7777777777777778,9,6,False,0.25
4083d219-574b-4765-91ee-2cb8dd0494ac,original_free,general,82,82,1.0,11,11,1.0,11,11,True,1.0
4083d219-574b-4765-91ee-2cb8dd0494ac,paid_brave,general,82,55,0.6707317073170732,11,8,0.7272727272727273,11,8,False,0.5833333333333334
4083d219-574b-4765-91ee-2cb8dd0494ac,paid_google,general,82,55,0.6707317073170732,11,8,0.7272727272727273,11,8,False,0.26666666666666666
4083d219-574b-4765-91ee-2cb8dd0494ac,paid_other,general,82,41,0.5,11,7,0.6363636363636364,11,7,False,0.125
4083d219-574b-4765-91ee-2cb8dd0494ac,neural,general,82,126,1.5365853658536586,11,19,1.7272727272727273,11,19,False,0.25
4083d219-574b-4765-91ee-2cb8dd0494ac,specialized,general,82,55,0.6707317073170732,11,9,0.8181818181818182,11,8,False,0.35714285714285715
bf0fca6a-31a3-4f2a-88c2-dad8e45a2ec5,original_free,general,80,80,1.0,10,10,1.0,10,10,True,1.0
bf0fca6a-31a3-4f2a-88c2-dad8e45a2ec5,paid_brave,general,80,63,0.7875,10,9,0.9,10,8,False,0.2857142857142857
bf0fca6a-31a3-4f2a-88c2-dad8e45a2ec5,paid_google,general,80,75,0.9375,10,9,0.9,10,9,False,0.5833333333333334
bf0fca6a-31a3-4f2a-88c2-dad8e45a2ec5,paid_other,general,80,40,0.5,10,6,0.6,10,6,False,0.14285714285714285
bf0fca6a-31a3-4f2a-88c2-dad8e45a2ec5,neural,general,80,186,2.325,10,23,2.3,10,23,False,0.2692307692307692
bf0fca6a-31a3-4f2a-88c2-dad8e45a2ec5,specialized,general,80,83,1.0375,10,12,1.2,10,11,False,0.6153846153846154
51acbb91-93a5-4828-8fd0-160941e54092,original_free,general,62,62,1.0,8,8,1.0,8,8,True,1.0
51acbb91-93a5-4828-8fd0-160941e54092,paid_brave,general,62,48,0.7741935483870968,8,7,0.875,8,7,False,0.36363636363636365
51acbb91-93a5-4828-8fd0-160941e54092,paid_google,general,62,59,0.9516129032258065,8,8,1.0,8,8,False,0.23076923076923078
51acbb91-93a5-4828-8fd0-160941e54092,paid_other,general,62,60,0.967741935483871,8,9,1.125,8,9,False,0.3076923076923077
51acbb91-93a5-4828-8fd0-160941e54092,neural,general,62,153,2.467741935483871,8,20,2.5,8,20,False,0.16666666666666666
51acbb91-93a5-4828-8fd0-160941e54092,specialized,general,62,63,1.0161290322580645,8,10,1.25,8,9,False,0.13333333333333333
11d88e70-c545-4cad-8ca2-c43b72661634,original_free,general,77,77,1.0,12,12,1.0,11,11,True,1.0
11d88e70-c545-4cad-8ca2-c43b72661634,paid_brave,general,77,64,0.8311688311688312,12,11,0.9166666666666666,11,9,False,0.42857142857142855
11d88e70-c545-4cad-8ca2-c43b72661634,paid_google,general,77,65,0.8441558441558441,12,8,0.6666666666666666,11,7,False,0.2
11d88e70-c545-4cad-8ca2-c43b72661634,paid_other,general,77,66,0.8571428571428571,12,11,0.9166666666666666,11,10,False,0.4
11d88e70-c545-4cad-8ca2-c43b72661634,neural,general,77,216,2.8051948051948052,12,32,2.6666666666666665,11,31,False,0.2727272727272727
11d88e70-c545-4cad-8ca2-c43b72661634,specialized,general,77,88,1.1428571428571428,12,12,1.0,11,10,False,0.4
2958b8e6-5553-4ab6-9abe-d3c76fc5eb23,original_free,general,106,106,1.0,13,13,1.0,11,11,True,1.0
2958b8e6-5553-4ab6-9abe-d3c76fc5eb23,paid_brave,general,106,61,0.5754716981132075,13,8,0.6153846153846154,11,7,False,0.2857142857142857
2958b8e6-5553-4ab6-9abe-d3c76fc5eb23,paid_google,general,106,76,0.7169811320754716,13,11,0.8461538461538461,11,9,False,0.17647058823529413
2958b8e6-5553-4ab6-9abe-d3c76fc5eb23,paid_other,general,106,55,0.5188679245283019,13,7,0.5384615384615384,11,7,False,0.125
2958b8e6-5553-4ab6-9abe-d3c76fc5eb23,neural,general,106,154,1.4528301886792452,13,22,1.6923076923076923,11,20,False,0.06896551724137931
2958b8e6-5553-4ab6-9abe-d3c76fc5eb23,specialized,general,106,67,0.6320754716981132,13,8,0.6153846153846154,11,7,False,0.2857142857142857
8369c3a3-545a-43b2-b435-97dfd96c7de2,original_free,general,91,91,1.0,8,8,1.0,7,7,True,1.0
8369c3a3-545a-43b2-b435-97dfd96c7de2,paid_brave,general,91,61,0.6703296703296703,8,8,1.0,7,7,False,0.4
8369c3a3-545a-43b2-b435-97dfd96c7de2,paid_google,general,91,78,0.8571428571428571,8,7,0.875,7,7,False,0.2727272727272727
8369c3a3-545a-43b2-b435-97dfd96c7de2,paid_other,general,91,58,0.6373626373626373,8,7,0.875,7,7,False,0.16666666666666666
8369c3a3-545a-43b2-b435-97dfd96c7de2,neural,general,91,176,1.934065934065934,8,21,2.625,7,21,False,0.16666666666666666
8369c3a3-545a-43b2-b435-97dfd96c7de2,specialized,general,91,77,0.8461538461538461,8,6,0.75,7,6,False,0.3
9ec823ed-63db-41c9-99cd-578729424418,original_free,general,104,104,1.0,14,14,1.0,13,13,True,1.0
9ec823ed-63db-41c9-99cd-578729424418,paid_brave,general,104,49,0.47115384615384615,14,9,0.6428571428571429,13,6,False,0.1875
9ec823ed-63db-41c9-99cd-578729424418,paid_google,general,104,67,0.6442307692307693,14,10,0.7142857142857143,13,9,False,0.2222222222222222
9ec823ed-63db-41c9-99cd-578729424418,paid_other,general,104,64,0.6153846153846154,14,8,0.5714285714285714,13,8,False,0.3125
9ec823ed-63db-41c9-99cd-578729424418,neural,general,104,138,1.3269230769230769,14,18,1.2857142857142858,13,18,False,0.14814814814814814
9ec823ed-63db-41c9-99cd-578729424418,specialized,general,104,47,0.4519230769230769,14,7,0.5,13,6,False,0.1875
75629b0c-dbae-4aed-acc9-625768dfc6bc,original_free,general,96,96,1.0,13,13,1.0,12,12,True,1.0
75629b0c-dbae-4aed-acc9-625768dfc6bc,paid_brave,general,96,87,0.90625,13,12,0.9230769230769231,12,11,False,0.5333333333333333
75629b0c-dbae-4aed-acc9-625768dfc6bc,paid_google,general,96,83,0.8645833333333334,13,12,0.9230769230769231,12,11,False,0.6428571428571429
75629b0c-dbae-4aed-acc9-625768dfc6bc,paid_other,general,96,70,0.7291666666666666,13,11,0.8461538461538461,12,10,False,0.4666666666666667
75629b0c-dbae-4aed-acc9-625768dfc6bc,neural,general,96,167,1.7395833333333333,13,25,1.9230769230769231,12,24,False,0.38461538461538464
75629b0c-dbae-4aed-acc9-625768dfc6bc,specialized,general,96,77,0.8020833333333334,13,10,0.7692307692307693,12,9,False,0.16666666666666666
082236f4-68b8-4781-b25e-93591178d839,original_free,general,95,95,1.0,7,7,1.0,7,7,True,1.0
082236f4-68b8-4781-b25e-93591178d839,paid_brave,general,95,67,0.7052631578947368,7,7,1.0,7,6,False,0.4444444444444444
082236f4-68b8-4781-b25e-93591178d839,paid_google,general,95,69,0.7263157894736842,7,10,1.4285714285714286,7,8,False,0.25
082236f4-68b8-4781-b25e-93591178d839,paid_other,general,95,51,0.5368421052631579,7,7,1.0,7,6,False,0.4444444444444444
082236f4-68b8-4781-b25e-93591178d839,neural,general,95,134,1.4105263157894736,7,20,2.857142857142857,7,18,False,0.13636363636363635
082236f4-68b8-4781-b25e-93591178d839,specialized,general,95,78,0.8210526315789474,7,10,1.4285714285714286,7,9,False,0.23076923076923078
ebab61ff-dd0a-4104-ad22-711b3ee3485e,original_free,general,103,103,1.0,13,13,1.0,13,13,True,1.0
ebab61ff-dd0a-4104-ad22-711b3ee3485e,paid_brave,general,103,88,0.8543689320388349,13,12,0.9230769230769231,13,11,False,0.5
ebab61ff-dd0a-4104-ad22-711b3ee3485e,paid_google,general,103,106,1.029126213592233,13,12,0.9230769230769231,13,12,False,0.5625
ebab61ff-dd0a-4104-ad22-711b3ee3485e,paid_other,general,103,98,0.9514563106796117,13,14,1.0769230769230769,13,14,False,0.6875
ebab61ff-dd0a-4104-ad22-711b3ee3485e,neural,general,103,172,1.6699029126213591,13,23,1.7692307692307692,13,23,False,0.38461538461538464
ebab61ff-dd0a-4104-ad22-711b3ee3485e,specialized,general,103,78,0.7572815533980582,13,10,0.7692307692307693,13,8,False,0.3125
6c2cc5aa-b382-49ec-b76a-aca1e93995e3,original_free,general,1,1,1.0,1,1,1.0,1,1,True,1.0
6c2cc5aa-b382-49ec-b76a-aca1e93995e3,paid_brave,general,1,39,39.0,1,6,6.0,1,5,False,0.2
6c2cc5aa-b382-49ec-b76a-aca1e93995e3,paid_google,general,1,32,32.0,1,5,5.0,1,5,False,0.2
6c2cc5aa-b382-49ec-b76a-aca1e93995e3,paid_other,general,1,29,29.0,1,5,5.0,1,5,False,0.2
6c2cc5aa-b382-49ec-b76a-aca1e93995e3,neural,general,1,109,109.0,1,19,19.0,1,19,False,0.05263157894736842
6c2cc5aa-b382-49ec-b76a-aca1e93995e3,specialized,general,1,37,37.0,1,7,7.0,1,6,False,0.16666666666666666
d5e9a5ea-f384-4e4a-823e-1df377413093,original_free,general,1,1,1.0,1,1,1.0,1,1,True,1.0
d5e9a5ea-f384-4e4a-823e-1df377413093,paid_brave,general,1,39,39.0,1,6,6.0,1,5,False,0.2
d5e9a5ea-f384-4e4a-823e-1df377413093,paid_google,general,1,24,24.0,1,4,4.0,1,4,False,0.25
d5e9a5ea-f384-4e4a-823e-1df377413093,paid_other,general,1,38,38.0,1,7,7.0,1,7,False,0.14285714285714285
d5e9a5ea-f384-4e4a-823e-1df377413093,neural,general,1,118,118.0,1,20,20.0,1,20,False,0.05
d5e9a5ea-f384-4e4a-823e-1df377413093,specialized,general,1,47,47.0,1,7,7.0,1,6,False,0.16666666666666666
c6363790-df2d-47f1-8b59-849c8f3be311,original_free,general,7,7,1.0,2,2,1.0,2,2,True,1.0
c6363790-df2d-47f1-8b59-849c8f3be311,paid_brave,general,7,31,4.428571428571429,2,6,3.0,2,5,False,0.4
c6363790-df2d-47f1-8b59-849c8f3be311,paid_google,general,7,33,4.714285714285714,2,6,3.0,2,6,False,0.3333333333333333
c6363790-df2d-47f1-8b59-849c8f3be311,paid_other,general,7,35,5.0,2,7,3.5,2,7,False,0.2857142857142857
c6363790-df2d-47f1-8b59-849c8f3be311,neural,general,7,88,12.571428571428571,2,17,8.5,2,16,False,0.125
c6363790-df2d-47f1-8b59-849c8f3be311,specialized,general,7,48,6.857142857142857,2,9,4.5,2,7,False,0.2857142857142857
b362625d-e7ea-40f4-8973-2caa022130ab,original_free,general,21,21,1.0,3,3,1.0,3,3,True,1.0
b362625d-e7ea-40f4-8973-2caa022130ab,paid_brave,general,21,48,2.2857142857142856,3,7,2.3333333333333335,3,6,False,0.5
b362625d-e7ea-40f4-8973-2caa022130ab,paid_google,general,21,43,2.0476190476190474,3,6,2.0,3,6,False,0.2857142857142857
b362625d-e7ea-40f4-8973-2caa022130ab,paid_other,general,21,47,2.238095238095238,3,8,2.6666666666666665,3,8,False,0.375
b362625d-e7ea-40f4-8973-2caa022130ab,neural,general,21,134,6.380952380952381,3,19,6.333333333333333,3,19,False,0.1
b362625d-e7ea-40f4-8973-2caa022130ab,specialized,general,21,49,2.3333333333333335,3,8,2.6666666666666665,3,6,False,0.0
985ae3bb-66f5-4c2b-91b9-82af74062e7d,original_free,general,21,21,1.0,3,3,1.0,3,3,True,1.0
985ae3bb-66f5-4c2b-91b9-82af74062e7d,paid_brave,general,21,48,2.2857142857142856,3,7,2.3333333333333335,3,6,False,0.5
985ae3bb-66f5-4c2b-91b9-82af74062e7d,paid_google,general,21,41,1.9523809523809523,3,6,2.0,3,6,False,0.2857142857142857
985ae3bb-66f5-4c2b-91b9-82af74062e7d,paid_other,general,21,39,1.8571428571428572,3,6,2.0,3,6,False,0.5
985ae3bb-66f5-4c2b-91b9-82af74062e7d,neural,general,21,99,4.714285714285714,3,16,5.333333333333333,3,16,False,0.11764705882352941
985ae3bb-66f5-4c2b-91b9-82af74062e7d,specialized,general,21,46,2.1904761904761907,3,8,2.6666666666666665,3,5,False,0.0
65c20585-e865-4706-a1b9-50ae4ccba6d3,original_free,general,40,40,1.0,5,5,1.0,5,5,True,1.0
65c20585-e865-4706-a1b9-50ae4ccba6d3,paid_brave,general,40,62,1.55,5,9,1.8,5,8,False,0.625
65c20585-e865-4706-a1b9-50ae4ccba6d3,paid_google,general,40,50,1.25,5,6,1.2,5,6,False,0.2222222222222222
65c20585-e865-4706-a1b9-50ae4ccba6d3,paid_other,general,40,66,1.65,5,10,2.0,5,10,False,0.5
65c20585-e865-4706-a1b9-50ae4ccba6d3,neural,general,40,177,4.425,5,24,4.8,5,24,False,0.16
65c20585-e865-4706-a1b9-50ae4ccba6d3,specialized,general,40,59,1.475,5,8,1.6,5,7,False,0.09090909090909091
10373513-d80f-4bc1-8352-8178e0a11fdb,original_free,general,35,35,1.0,5,5,1.0,5,5,True,1.0
10373513-d80f-4bc1-8352-8178e0a11fdb,paid_brave,general,35,42,1.2,5,6,1.2,5,6,False,0.8333333333333334
10373513-d80f-4bc1-8352-8178e0a11fdb,paid_google,general,35,63,1.8,5,10,2.0,5,9,False,0.5555555555555556
10373513-d80f-4bc1-8352-8178e0a11fdb,paid_other,general,35,76,2.1714285714285713,5,11,2.2,5,11,False,0.45454545454545453
10373513-d80f-4bc1-8352-8178e0a11fdb,neural,general,35,120,3.4285714285714284,5,17,3.4,5,17,False,0.29411764705882354
10373513-d80f-4bc1-8352-8178e0a11fdb,specialized,general,35,56,1.6,5,9,1.8,5,8,False,0.625
b0b7a170-2120-4dac-aef6-4309a0088247,original_free,general,35,35,1.0,5,5,1.0,5,5,True,1.0
b0b7a170-2120-4dac-aef6-4309a0088247,paid_brave,general,35,42,1.2,5,6,1.2,5,6,False,0.8333333333333334
b0b7a170-2120-4dac-aef6-4309a0088247,paid_google,general,35,58,1.6571428571428573,5,9,1.8,5,8,False,0.625
b0b7a170-2120-4dac-aef6-4309a0088247,paid_other,general,35,74,2.1142857142857143,5,9,1.8,5,9,False,0.4
b0b7a170-2120-4dac-aef6-4309a0088247,neural,general,35,121,3.4571428571428573,5,15,3.0,5,15,False,0.3333333333333333
b0b7a170-2120-4dac-aef6-4309a0088247,specialized,general,35,64,1.8285714285714285,5,10,2.0,5,9,False,0.5555555555555556
bcdeab72-4e6a-43eb-ac5e-51908da9ba92,original_free,general,20,20,1.0,4,4,1.0,3,3,True,1.0
bcdeab72-4e6a-43eb-ac5e-51908da9ba92,paid_brave,general,20,55,2.75,4,8,2.0,3,7,False,0.42857142857142855
bcdeab72-4e6a-43eb-ac5e-51908da9ba92,paid_google,general,20,40,2.0,4,7,1.75,3,5,False,0.3333333333333333
bcdeab72-4e6a-43eb-ac5e-51908da9ba92,paid_other,general,20,31,1.55,4,6,1.5,3,5,False,0.6
bcdeab72-4e6a-43eb-ac5e-51908da9ba92,neural,general,20,99,4.95,4,15,3.75,3,14,False,0.21428571428571427
bcdeab72-4e6a-43eb-ac5e-51908da9ba92,specialized,general,20,51,2.55,4,10,2.5,3,8,False,0.2222222222222222
62aae3f6-ba45-40fb-8349-5b427141747b,original_free,general,42,42,1.0,7,7,1.0,6,6,True,1.0
62aae3f6-ba45-40fb-8349-5b427141747b,paid_brave,general,42,49,1.1666666666666667,7,8,1.1428571428571428,6,7,False,0.8571428571428571
62aae3f6-ba45-40fb-8349-5b427141747b,paid_google,general,42,60,1.4285714285714286,7,9,1.2857142857142858,6,8,False,0.75
62aae3f6-ba45-40fb-8349-5b427141747b,paid_other,general,42,45,1.0714285714285714,7,7,1.0,6,7,False,0.4444444444444444
62aae3f6-ba45-40fb-8349-5b427141747b,neural,general,42,69,1.6428571428571428,7,11,1.5714285714285714,6,11,False,0.3076923076923077
62aae3f6-ba45-40fb-8349-5b427141747b,specialized,general,42,53,1.2619047619047619,7,8,1.1428571428571428,6,8,False,0.4
5d8aab44-fe7a-45a4-ad9f-f928facc8539,original_free,general,16,16,1.0,3,3,1.0,3,3,True,1.0
5d8aab44-fe7a-45a4-ad9f-f928facc8539,paid_brave,general,16,61,3.8125,3,9,3.0,3,8,False,0.375
5d8aab44-fe7a-45a4-ad9f-f928facc8539,paid_google,general,16,65,4.0625,3,8,2.6666666666666665,3,8,False,0.375
5d8aab44-fe7a-45a4-ad9f-f928facc8539,paid_other,general,16,45,2.8125,3,7,2.3333333333333335,3,7,False,0.42857142857142855
5d8aab44-fe7a-45a4-ad9f-f928facc8539,neural,general,16,156,9.75,3,22,7.333333333333333,3,22,False,0.13636363636363635
5d8aab44-fe7a-45a4-ad9f-f928facc8539,specialized,general,16,67,4.1875,3,9,3.0,3,8,False,0.375
ce9587cf-af16-4170-ba70-dc266b341c1c,original_free,general,44,44,1.0,6,6,1.0,6,6,True,1.0
ce9587cf-af16-4170-ba70-dc266b341c1c,paid_brave,general,44,61,1.3863636363636365,6,9,1.5,6,8,False,0.75
ce9587cf-af16-4170-ba70-dc266b341c1c,paid_google,general,44,54,1.2272727272727273,6,5,0.8333333333333334,6,5,False,0.2222222222222222
ce9587cf-af16-4170-ba70-dc266b341c1c,paid_other,general,44,43,0.9772727272727273,6,7,1.1666666666666667,6,7,False,0.18181818181818182
ce9587cf-af16-4170-ba70-dc266b341c1c,neural,general,44,178,4.045454545454546,6,23,3.8333333333333335,6,23,False,0.11538461538461539
ce9587cf-af16-4170-ba70-dc266b341c1c,specialized,general,44,45,1.0227272727272727,6,7,1.1666666666666667,6,6,False,0.2
c5483a53-c722-4583-a16c-46b58f23f324,original_free,general,57,57,1.0,7,7,1.0,6,6,True,1.0
c5483a53-c722-4583-a16c-46b58f23f324,paid_brave,general,57,68,1.1929824561403508,7,10,1.4285714285714286,6,8,False,0.16666666666666666
c5483a53-c722-4583-a16c-46b58f23f324,paid_google,general,57,74,1.2982456140350878,7,8,1.1428571428571428,6,7,False,0.3
c5483a53-c722-4583-a16c-46b58f23f324,paid_other,general,57,63,1.105263157894737,7,8,1.1428571428571428,6,8,False,0.5555555555555556
c5483a53-c722-4583-a16c-46b58f23f324,neural,general,57,173,3.0350877192982457,7,23,3.2857142857142856,6,22,False,0.21739130434782608
c5483a53-c722-4583-a16c-46b58f23f324,specialized,general,57,106,1.8596491228070176,7,13,1.8571428571428572,6,10,False,0.14285714285714285
f64262de-94e2-478e-9a61-ac22b70a0e03,original_free,general,54,54,1.0,7,7,1.0,7,7,True,1.0
f64262de-94e2-478e-9a61-ac22b70a0e03,paid_brave,general,54,70,1.2962962962962963,7,10,1.4285714285714286,7,9,False,0.7777777777777778
f64262de-94e2-478e-9a61-ac22b70a0e03,paid_google,general,54,59,1.0925925925925926,7,7,1.0,7,7,False,1.0
f64262de-94e2-478e-9a61-ac22b70a0e03,paid_other,general,54,66,1.2222222222222223,7,9,1.2857142857142858,7,9,False,0.6
f64262de-94e2-478e-9a61-ac22b70a0e03,neural,general,54,132,2.4444444444444446,7,18,2.5714285714285716,7,17,False,0.14285714285714285
f64262de-94e2-478e-9a61-ac22b70a0e03,specialized,general,54,58,1.0740740740740742,7,8,1.1428571428571428,7,7,False,0.4
acda7041-07c4-4add-bf68-183203e3dbf9,original_free,general,39,39,1.0,6,6,1.0,6,6,True,1.0
acda7041-07c4-4add-bf68-183203e3dbf9,paid_brave,general,39,65,1.6666666666666667,6,10,1.6666666666666667,6,8,False,0.75
acda7041-07c4-4add-bf68-183203e3dbf9,paid_google,general,39,65,1.6666666666666667,6,8,1.3333333333333333,6,8,False,0.75
acda7041-07c4-4add-bf68-183203e3dbf9,paid_other,general,39,52,1.3333333333333333,6,8,1.3333333333333333,6,8,False,0.75
acda7041-07c4-4add-bf68-183203e3dbf9,neural,general,39,76,1.9487179487179487,6,11,1.8333333333333333,6,11,False,0.21428571428571427
acda7041-07c4-4add-bf68-183203e3dbf9,specialized,general,39,88,2.2564102564102564,6,12,2.0,6,10,False,0.6
f81d3b7e-8e65-43ac-befa-76aa2fd665b2,original_free,general,52,52,1.0,6,6,1.0,6,6,True,1.0
f81d3b7e-8e65-43ac-befa-76aa2fd665b2,paid_brave,general,52,90,1.7307692307692308,6,11,1.8333333333333333,6,10,False,0.6
f81d3b7e-8e65-43ac-befa-76aa2fd665b2,paid_google,general,52,54,1.0384615384615385,6,8,1.3333333333333333,6,8,False,0.2727272727272727
f81d3b7e-8e65-43ac-befa-76aa2fd665b2,paid_other,general,52,75,1.4423076923076923,6,8,1.3333333333333333,6,8,False,0.5555555555555556
f81d3b7e-8e65-43ac-befa-76aa2fd665b2,neural,general,52,117,2.25,6,16,2.6666666666666665,6,16,False,0.375
f81d3b7e-8e65-43ac-befa-76aa2fd665b2,specialized,general,52,82,1.5769230769230769,6,10,1.6666666666666667,6,9,False,0.5
514b47fc-f747-468b-b354-f051d327d0c0,original_free,general,46,46,1.0,6,6,1.0,5,5,True,1.0
514b47fc-f747-468b-b354-f051d327d0c0,paid_brave,general,46,72,1.565217391304348,6,10,1.6666666666666667,5,8,False,0.625
514b47fc-f747-468b-b354-f051d327d0c0,paid_google,general,46,74,1.608695652173913,6,9,1.5,5,8,False,0.625
514b47fc-f747-468b-b354-f051d327d0c0,paid_other,general,46,61,1.326086956521739,6,9,1.5,5,8,False,0.3
514b47fc-f747-468b-b354-f051d327d0c0,neural,general,46,112,2.4347826086956523,6,18,3.0,5,17,False,0.2222222222222222
514b47fc-f747-468b-b354-f051d327d0c0,specialized,general,46,41,0.8913043478260869,6,5,0.8333333333333334,5,4,False,0.0
9da7142e-1ac6-48d2-b5f6-9f48f39f10b9,original_free,general,60,60,1.0,7,7,1.0,7,7,True,1.0
9da7142e-1ac6-48d2-b5f6-9f48f39f10b9,paid_brave,general,60,59,0.9833333333333333,7,9,1.2857142857142858,7,8,False,0.5
9da7142e-1ac6-48d2-b5f6-9f48f39f10b9,paid_google,general,60,49,0.8166666666666667,7,6,0.8571428571428571,7,6,False,0.4444444444444444
9da7142e-1ac6-48d2-b5f6-9f48f39f10b9,paid_other,general,60,62,1.0333333333333334,7,9,1.2857142857142858,7,8,False,0.25
9da7142e-1ac6-48d2-b5f6-9f48f39f10b9,neural,general,60,154,2.566666666666667,7,22,3.142857142857143,7,22,False,0.16
9da7142e-1ac6-48d2-b5f6-9f48f39f10b9,specialized,general,60,80,1.3333333333333333,7,10,1.4285714285714286,7,8,False,0.36363636363636365
1ad7cac7-6dc6-41dd-b976-393163ac7800,original_free,general,82,82,1.0,9,9,1.0,9,9,True,1.0
1ad7cac7-6dc6-41dd-b976-393163ac7800,paid_brave,general,82,94,1.146341463414634,9,11,1.2222222222222223,9,11,False,0.6666666666666666
1ad7cac7-6dc6-41dd-b976-393163ac7800,paid_google,general,82,68,0.8292682926829268,9,8,0.8888888888888888,9,8,False,0.3076923076923077
1ad7cac7-6dc6-41dd-b976-393163ac7800,paid_other,general,82,61,0.7439024390243902,9,8,0.8888888888888888,9,8,False,0.3076923076923077
1ad7cac7-6dc6-41dd-b976-393163ac7800,neural,general,82,176,2.1463414634146343,9,25,2.7777777777777777,9,25,False,0.36
1ad7cac7-6dc6-41dd-b976-393163ac7800,specialized,general,82,92,1.1219512195121952,9,12,1.3333333333333333,9,10,False,0.26666666666666666
237e6c8a-0750-40d2-a8f9-351e85f9aea3,original_free,general,55,55,1.0,8,8,1.0,8,8,True,1.0
237e6c8a-0750-40d2-a8f9-351e85f9aea3,paid_brave,general,55,62,1.1272727272727272,8,10,1.25,8,9,False,0.5454545454545454
237e6c8a-0750-40d2-a8f9-351e85f9aea3,paid_google,general,55,55,1.0,8,7,0.875,8,7,False,0.36363636363636365
237e6c8a-0750-40d2-a8f9-351e85f9aea3,paid_other,general,55,54,0.9818181818181818,8,8,1.0,8,8,False,0.3333333333333333
237e6c8a-0750-40d2-a8f9-351e85f9aea3,neural,general,55,163,2.963636363636364,8,24,3.0,8,24,False,0.18518518518518517
237e6c8a-0750-40d2-a8f9-351e85f9aea3,specialized,general,55,69,1.2545454545454546,8,10,1.25,8,9,False,0.3076923076923077
47a6723e-28ce-42aa-ab5f-7811dafa5c1a,original_free,general,59,59,1.0,8,8,1.0,8,8,True,1.0
47a6723e-28ce-42aa-ab5f-7811dafa5c1a,paid_brave,general,59,59,1.0,8,9,1.125,8,8,False,0.45454545454545453
47a6723e-28ce-42aa-ab5f-7811dafa5c1a,paid_google,general,59,36,0.6101694915254238,8,5,0.625,8,5,False,0.3
47a6723e-28ce-42aa-ab5f-7811dafa5c1a,paid_other,general,59,46,0.7796610169491526,8,8,1.0,8,8,False,0.06666666666666667
47a6723e-28ce-42aa-ab5f-7811dafa5c1a,neural,general,59,109,1.847457627118644,8,15,1.875,8,15,False,0.2777777777777778
47a6723e-28ce-42aa-ab5f-7811dafa5c1a,specialized,general,59,57,0.9661016949152542,8,9,1.125,8,8,False,0.45454545454545453
24f74c5a-5a75-4c91-83e8-65fdd4565f68,original_free,general,82,82,1.0,8,8,1.0,7,7,True,1.0
24f74c5a-5a75-4c91-83e8-65fdd4565f68,paid_brave,general,82,66,0.8048780487804879,8,9,1.125,7,7,False,0.4
24f74c5a-5a75-4c91-83e8-65fdd4565f68,paid_google,general,82,65,0.7926829268292683,8,7,0.875,7,6,False,0.4444444444444444
24f74c5a-5a75-4c91-83e8-65fdd4565f68,paid_other,general,82,80,0.975609756097561,8,10,1.25,7,9,False,0.3333333333333333
24f74c5a-5a75-4c91-83e8-65fdd4565f68,neural,general,82,169,2.0609756097560976,8,23,2.875,7,22,False,0.20833333333333334
24f74c5a-5a75-4c91-83e8-65fdd4565f68,specialized,general,82,90,1.0975609756097562,8,11,1.375,7,9,False,0.3333333333333333
e991815f-170a-4ebb-b8c7-30e2a66653c2,original_free,general,79,79,1.0,9,9,1.0,9,9,True,1.0
e991815f-170a-4ebb-b8c7-30e2a66653c2,paid_brave,general,79,62,0.7848101265822784,9,9,1.0,9,8,False,0.4166666666666667
e991815f-170a-4ebb-b8c7-30e2a66653c2,paid_google,general,79,89,1.1265822784810127,9,10,1.1111111111111112,9,9,False,0.2857142857142857
e991815f-170a-4ebb-b8c7-30e2a66653c2,paid_other,general,79,72,0.9113924050632911,9,9,1.0,9,9,False,0.2857142857142857
e991815f-170a-4ebb-b8c7-30e2a66653c2,neural,general,79,190,2.4050632911392404,9,22,2.4444444444444446,9,22,False,0.19230769230769232
e991815f-170a-4ebb-b8c7-30e2a66653c2,specialized,general,79,76,0.9620253164556962,9,10,1.1111111111111112,9,9,False,0.2857142857142857
a646bcb3-16dc-4cbb-88b3-e5614b0f14f4,original_free,general,120,120,1.0,17,17,1.0,14,14,True,1.0
a646bcb3-16dc-4cbb-88b3-e5614b0f14f4,paid_brave,general,120,234,1.95,17,22,1.2941176470588236,14,20,False,0.7
a646bcb3-16dc-4cbb-88b3-e5614b0f14f4,paid_google,general,120,234,1.95,17,22,1.2941176470588236,14,20,False,0.7
a646bcb3-16dc-4cbb-88b3-e5614b0f14f4,paid_other,general,120,234,1.95,17,22,1.2941176470588236,14,20,False,0.7
a646bcb3-16dc-4cbb-88b3-e5614b0f14f4,neural,general,120,120,1.0,17,17,1.0,14,14,True,1.0
a646bcb3-16dc-4cbb-88b3-e5614b0f14f4,specialized,general,120,120,1.0,17,17,1.0,14,14,True,1.0
926dc624-bc88-4c11-bf93-78f33efc43cd,original_free,general,106,106,1.0,14,14,1.0,12,12,True,1.0
926dc624-bc88-4c11-bf93-78f33efc43cd,paid_brave,general,106,233,2.19811320754717,14,21,1.5,12,20,False,0.6
926dc624-bc88-4c11-bf93-78f33efc43cd,paid_google,general,106,233,2.19811320754717,14,21,1.5,12,20,False,0.6
926dc624-bc88-4c11-bf93-78f33efc43cd,paid_other,general,106,233,2.19811320754717,14,21,1.5,12,20,False,0.6
926dc624-bc88-4c11-bf93-78f33efc43cd,neural,general,106,106,1.0,14,14,1.0,12,12,True,1.0
926dc624-bc88-4c11-bf93-78f33efc43cd,specialized,general,106,106,1.0,14,14,1.0,12,12,True,1.0
6e12ab59-bb11-4b7e-a1b3-db32b3d9f540,original_free,general,111,111,1.0,15,15,1.0,14,14,True,1.0
6e12ab59-bb11-4b7e-a1b3-db32b3d9f540,paid_brave,general,111,195,1.7567567567567568,15,16,1.0666666666666667,14,16,False,0.875
6e12ab59-bb11-4b7e-a1b3-db32b3d9f540,paid_google,general,111,195,1.7567567567567568,15,16,1.0666666666666667,14,16,False,0.875
6e12ab59-bb11-4b7e-a1b3-db32b3d9f540,paid_other,general,111,195,1.7567567567567568,15,16,1.0666666666666667,14,16,False,0.875
6e12ab59-bb11-4b7e-a1b3-db32b3d9f540,neural,general,111,111,1.0,15,15,1.0,14,14,True,1.0
6e12ab59-bb11-4b7e-a1b3-db32b3d9f540,specialized,general,111,111,1.0,15,15,1.0,14,14,True,1.0
82d35294-043d-4eed-a9ed-6a9dbfc6ad8c,original_free,general,47,47,1.0,5,5,1.0,5,5,True,1.0
82d35294-043d-4eed-a9ed-6a9dbfc6ad8c,paid_brave,general,47,168,3.574468085106383,5,16,3.2,5,15,False,0.3333333333333333
82d35294-043d-4eed-a9ed-6a9dbfc6ad8c,paid_google,general,47,168,3.574468085106383,5,16,3.2,5,15,False,0.3333333333333333
82d35294-043d-4eed-a9ed-6a9dbfc6ad8c,paid_other,general,47,168,3.574468085106383,5,16,3.2,5,15,False,0.3333333333333333
82d35294-043d-4eed-a9ed-6a9dbfc6ad8c,neural,general,47,47,1.0,5,5,1.0,5,5,True,1.0
82d35294-043d-4eed-a9ed-6a9dbfc6ad8c,specialized,general,47,47,1.0,5,5,1.0,5,5,True,1.0
da625182-a1bb-433e-9ade-d49fd3e884a5,original_free,general,56,56,1.0,6,6,1.0,6,6,True,1.0
da625182-a1bb-433e-9ade-d49fd3e884a5,paid_brave,general,56,165,2.9464285714285716,6,14,2.3333333333333335,6,14,False,0.42857142857142855
da625182-a1bb-433e-9ade-d49fd3e884a5,paid_google,general,56,165,2.9464285714285716,6,14,2.3333333333333335,6,14,False,0.42857142857142855
da625182-a1bb-433e-9ade-d49fd3e884a5,paid_other,general,56,165,2.9464285714285716,6,14,2.3333333333333335,6,14,False,0.42857142857142855
da625182-a1bb-433e-9ade-d49fd3e884a5,neural,general,56,56,1.0,6,6,1.0,6,6,True,1.0
da625182-a1bb-433e-9ade-d49fd3e884a5,specialized,general,56,56,1.0,6,6,1.0,6,6,True,1.0
ee1fa91b-f40a-4a6a-bcf4-fc8d0345bacc,original_free,general,32,32,1.0,7,7,1.0,7,7,True,1.0
ee1fa91b-f40a-4a6a-bcf4-fc8d0345bacc,paid_brave,general,32,142,4.4375,7,18,2.5714285714285716,7,18,False,0.3888888888888889
ee1fa91b-f40a-4a6a-bcf4-fc8d0345bacc,paid_google,general,32,142,4.4375,7,18,2.5714285714285716,7,18,False,0.3888888888888889
ee1fa91b-f40a-4a6a-bcf4-fc8d0345bacc,paid_other,general,32,142,4.4375,7,18,2.5714285714285716,7,18,False,0.3888888888888889
ee1fa91b-f40a-4a6a-bcf4-fc8d0345bacc,neural,general,32,32,1.0,7,7,1.0,7,7,True,1.0
ee1fa91b-f40a-4a6a-bcf4-fc8d0345bacc,specialized,general,32,32,1.0,7,7,1.0,7,7,True,1.0
7fe156f4-f1f2-448c-a12b-d2177e045abe,original_free,general,41,41,1.0,7,7,1.0,7,7,True,1.0
7fe156f4-f1f2-448c-a12b-d2177e045abe,paid_brave,general,41,158,3.8536585365853657,7,19,2.7142857142857144,7,19,False,0.3684210526315789
7fe156f4-f1f2-448c-a12b-d2177e045abe,paid_google,general,41,158,3.8536585365853657,7,19,2.7142857142857144,7,19,False,0.3684210526315789
7fe156f4-f1f2-448c-a12b-d2177e045abe,paid_other,general,41,158,3.8536585365853657,7,19,2.7142857142857144,7,19,False,0.3684210526315789
7fe156f4-f1f2-448c-a12b-d2177e045abe,neural,general,41,41,1.0,7,7,1.0,7,7,True,1.0
7fe156f4-f1f2-448c-a12b-d2177e045abe,specialized,general,41,41,1.0,7,7,1.0,7,7,True,1.0
7740fb15-17b7-4983-9e1e-3284340e24f1,original_free,general,7,7,1.0,2,2,1.0,2,2,True,1.0
7740fb15-17b7-4983-9e1e-3284340e24f1,paid_brave,general,7,31,4.428571428571429,2,6,3.0,2,5,False,0.4
7740fb15-17b7-4983-9e1e-3284340e24f1,paid_google,general,7,46,6.571428571428571,2,7,3.5,2,7,False,0.125
7740fb15-17b7-4983-9e1e-3284340e24f1,paid_other,general,7,33,4.714285714285714,2,6,3.0,2,6,False,0.3333333333333333
7740fb15-17b7-4983-9e1e-3284340e24f1,neural,general,7,101,14.428571428571429,2,18,9.0,2,18,False,0.1111111111111111
7740fb15-17b7-4983-9e1e-3284340e24f1,specialized,general,7,56,8.0,2,8,4.0,2,8,False,0.25
06eed339-934e-4087-90ce-a6e2569befdf,original_free,general,95,95,1.0,14,14,1.0,13,13,True,1.0
06eed339-934e-4087-90ce-a6e2569befdf,paid_brave,general,95,201,2.1157894736842104,14,20,1.4285714285714286,13,19,False,0.6842105263157895
06eed339-934e-4087-90ce-a6e2569befdf,paid_google,general,95,201,2.1157894736842104,14,20,1.4285714285714286,13,19,False,0.6842105263157895
06eed339-934e-4087-90ce-a6e2569befdf,paid_other,general,95,201,2.1157894736842104,14,20,1.4285714285714286,13,19,False,0.6842105263157895
06eed339-934e-4087-90ce-a6e2569befdf,neural,general,95,95,1.0,14,14,1.0,13,13,True,1.0
06eed339-934e-4087-90ce-a6e2569befdf,specialized,general,95,95,1.0,14,14,1.0,13,13,True,1.0
8bfdd929-8a24-4904-95d4-7664cad1d051,original_free,general,74,74,1.0,11,11,1.0,10,10,True,1.0
8bfdd929-8a24-4904-95d4-7664cad1d051,paid_brave,general,74,60,0.8108108108108109,11,10,0.9090909090909091,10,9,False,0.7272727272727273
8bfdd929-8a24-4904-95d4-7664cad1d051,paid_google,general,74,90,1.2162162162162162,11,12,1.0909090909090908,10,11,False,0.4
8bfdd929-8a24-4904-95d4-7664cad1d051,paid_other,general,74,124,1.6756756756756757,11,13,1.1818181818181819,10,13,False,0.045454545454545456
8bfdd929-8a24-4904-95d4-7664cad1d051,neural,general,74,248,3.3513513513513513,11,30,2.727272727272727,10,29,False,0.02631578947368421
8bfdd929-8a24-4904-95d4-7664cad1d051,specialized,general,74,85,1.1486486486486487,11,11,1.0,10,10,False,0.17647058823529413
dd93361a-f639-4b26-852d-e2f4985ccf07,original_free,general,105,105,1.0,14,14,1.0,13,13,True,1.0
dd93361a-f639-4b26-852d-e2f4985ccf07,paid_brave,general,105,84,0.8,14,11,0.7857142857142857,13,10,False,0.6428571428571429
dd93361a-f639-4b26-852d-e2f4985ccf07,paid_google,general,105,110,1.0476190476190477,14,15,1.0714285714285714,13,13,False,0.18181818181818182
dd93361a-f639-4b26-852d-e2f4985ccf07,paid_other,general,105,106,1.0095238095238095,14,13,0.9285714285714286,13,13,False,0.0
dd93361a-f639-4b26-852d-e2f4985ccf07,neural,general,105,333,3.1714285714285713,14,42,3.0,13,37,False,0.041666666666666664
dd93361a-f639-4b26-852d-e2f4985ccf07,specialized,general,105,98,0.9333333333333333,14,13,0.9285714285714286,13,12,False,0.5625
b2c0632e-d1b4-4928-a760-46e9b4377393,original_free,general,148,148,1.0,17,17,1.0,17,17,True,1.0
b2c0632e-d1b4-4928-a760-46e9b4377393,paid_brave,general,148,70,0.47297297297297297,17,10,0.5882352941176471,17,9,False,0.3
b2c0632e-d1b4-4928-a760-46e9b4377393,paid_google,general,148,91,0.6148648648648649,17,10,0.5882352941176471,17,10,False,0.17391304347826086
b2c0632e-d1b4-4928-a760-46e9b4377393,paid_other,general,148,125,0.8445945945945946,17,16,0.9411764705882353,17,16,False,0.5
b2c0632e-d1b4-4928-a760-46e9b4377393,neural,general,148,287,1.9391891891891893,17,38,2.235294117647059,17,38,False,0.34146341463414637
b2c0632e-d1b4-4928-a760-46e9b4377393,specialized,general,148,107,0.722972972972973,17,14,0.8235294117647058,17,12,False,0.45
51897f66-9e4b-4f3f-9ce3-01212ce18926,original_free,general,7,7,1.0,2,2,1.0,2,2,True,1.0
51897f66-9e4b-4f3f-9ce3-01212ce18926,paid_brave,general,7,31,4.428571428571429,2,6,3.0,2,5,False,0.4
51897f66-9e4b-4f3f-9ce3-01212ce18926,paid_google,general,7,28,4.0,2,5,2.5,2,5,False,0.4
51897f66-9e4b-4f3f-9ce3-01212ce18926,paid_other,general,7,42,6.0,2,7,3.5,2,7,False,0.2857142857142857
51897f66-9e4b-4f3f-9ce3-01212ce18926,neural,general,7,74,10.571428571428571,2,14,7.0,2,14,False,0.14285714285714285
51897f66-9e4b-4f3f-9ce3-01212ce18926,specialized,general,7,49,7.0,2,8,4.0,2,7,False,0.0
e9e18c32-2ccc-4244-bd3e-4f7281f26b87,original_free,general,84,84,1.0,11,11,1.0,11,11,True,1.0
e9e18c32-2ccc-4244-bd3e-4f7281f26b87,paid_brave,general,84,68,0.8095238095238095,11,10,0.9090909090909091,11,9,False,0.42857142857142855
e9e18c32-2ccc-4244-bd3e-4f7281f26b87,paid_google,general,84,63,0.75,11,9,0.8181818181818182,11,9,False,0.0
e9e18c32-2ccc-4244-bd3e-4f7281f26b87,paid_other,general,84,73,0.8690476190476191,11,9,0.8181818181818182,11,9,False,0.17647058823529413
e9e18c32-2ccc-4244-bd3e-4f7281f26b87,neural,general,84,258,3.0714285714285716,11,36,3.272727272727273,11,36,False,0.20512820512820512
e9e18c32-2ccc-4244-bd3e-4f7281f26b87,specialized,general,84,92,1.0952380952380953,11,12,1.0909090909090908,11,11,False,0.2222222222222222
2f1e95d7-c8ec-4802-b6a6-891315aa1704,original_free,general,81,81,1.0,11,11,1.0,11,11,True,1.0
2f1e95d7-c8ec-4802-b6a6-891315aa1704,paid_brave,general,81,168,2.074074074074074,11,14,1.2727272727272727,11,14,False,0.7857142857142857
2f1e95d7-c8ec-4802-b6a6-891315aa1704,paid_google,general,81,168,2.074074074074074,11,14,1.2727272727272727,11,14,False,0.7857142857142857
2f1e95d7-c8ec-4802-b6a6-891315aa1704,paid_other,general,81,168,2.074074074074074,11,14,1.2727272727272727,11,14,False,0.7857142857142857
2f1e95d7-c8ec-4802-b6a6-891315aa1704,neural,general,81,81,1.0,11,11,1.0,11,11,True,1.0
2f1e95d7-c8ec-4802-b6a6-891315aa1704,specialized,general,81,81,1.0,11,11,1.0,11,11,True,1.0
f7c4a5c3-b875-433d-9cbb-ed2e90118edd,original_free,general,80,80,1.0,11,11,1.0,11,11,True,1.0
f7c4a5c3-b875-433d-9cbb-ed2e90118edd,paid_brave,general,80,77,0.9625,11,11,1.0,11,11,False,0.5714285714285714
f7c4a5c3-b875-433d-9cbb-ed2e90118edd,paid_google,general,80,76,0.95,11,9,0.8181818181818182,11,8,False,0.05555555555555555
f7c4a5c3-b875-433d-9cbb-ed2e90118edd,paid_other,general,80,76,0.95,11,10,0.9090909090909091,11,10,False,0.05
f7c4a5c3-b875-433d-9cbb-ed2e90118edd,neural,general,80,223,2.7875,11,29,2.6363636363636362,11,26,False,0.27586206896551724
f7c4a5c3-b875-433d-9cbb-ed2e90118edd,specialized,general,80,66,0.825,11,10,0.9090909090909091,11,9,False,0.42857142857142855
8d98806d-2c30-483f-8850-dc3d2723d356,original_free,general,73,73,1.0,12,12,1.0,11,11,True,1.0
8d98806d-2c30-483f-8850-dc3d2723d356,paid_brave,general,73,80,1.095890410958904,12,13,1.0833333333333333,11,11,False,0.5714285714285714
8d98806d-2c30-483f-8850-dc3d2723d356,paid_google,general,73,57,0.7808219178082192,12,8,0.6666666666666666,11,8,False,0.35714285714285715
8d98806d-2c30-483f-8850-dc3d2723d356,paid_other,general,73,59,0.8082191780821918,12,9,0.75,11,8,False,0.26666666666666666
8d98806d-2c30-483f-8850-dc3d2723d356,neural,general,73,204,2.7945205479452055,12,31,2.5833333333333335,11,30,False,0.28125
8d98806d-2c30-483f-8850-dc3d2723d356,specialized,general,73,60,0.821917808219178,12,10,0.8333333333333334,11,8,False,0.46153846153846156
5c3bb872-51d7-416e-a5f6-48906f9a0ac9,original_free,general,93,93,1.0,14,14,1.0,12,12,True,1.0
5c3bb872-51d7-416e-a5f6-48906f9a0ac9,paid_brave,general,93,52,0.5591397849462365,14,9,0.6428571428571429,12,6,False,0.2
5c3bb872-51d7-416e-a5f6-48906f9a0ac9,paid_google,general,93,73,0.7849462365591398,14,10,0.7142857142857143,12,9,False,0.3125
5c3bb872-51d7-416e-a5f6-48906f9a0ac9,paid_other,general,93,90,0.967741935483871,14,12,0.8571428571428571,12,9,False,0.3125
5c3bb872-51d7-416e-a5f6-48906f9a0ac9,neural,general,93,247,2.6559139784946235,14,35,2.5,12,31,False,0.2647058823529412
5c3bb872-51d7-416e-a5f6-48906f9a0ac9,specialized,general,93,74,0.7956989247311828,14,11,0.7857142857142857,12,8,False,0.3333333333333333
fac9b8c3-a3d3-4b9b-959e-35a672713181,original_free,general,80,80,1.0,10,10,1.0,10,10,True,1.0
fac9b8c3-a3d3-4b9b-959e-35a672713181,paid_brave,general,80,91,1.1375,10,12,1.2,10,11,False,0.6153846153846154
fac9b8c3-a3d3-4b9b-959e-35a672713181,paid_google,general,80,80,1.0,10,10,1.0,10,10,False,0.5384615384615384
fac9b8c3-a3d3-4b9b-959e-35a672713181,paid_other,general,80,80,1.0,10,11,1.1,10,11,False,0.6153846153846154
fac9b8c3-a3d3-4b9b-959e-35a672713181,neural,general,80,179,2.2375,10,25,2.5,10,25,False,0.2962962962962963
fac9b8c3-a3d3-4b9b-959e-35a672713181,specialized,general,80,112,1.4,10,14,1.4,10,12,False,0.4666666666666667
157b2a73-63d4-4b6f-a920-61619492c058,original_free,general,93,93,1.0,12,12,1.0,10,10,True,1.0
157b2a73-63d4-4b6f-a920-61619492c058,paid_brave,general,93,61,0.6559139784946236,12,9,0.75,10,6,False,0.23076923076923078
157b2a73-63d4-4b6f-a920-61619492c058,paid_google,general,93,42,0.45161290322580644,12,5,0.4166666666666667,10,5,False,0.25
157b2a73-63d4-4b6f-a920-61619492c058,paid_other,general,93,62,0.6666666666666666,12,9,0.75,10,9,False,0.11764705882352941
157b2a73-63d4-4b6f-a920-61619492c058,neural,general,93,131,1.4086021505376345,12,18,1.5,10,17,False,0.35
157b2a73-63d4-4b6f-a920-61619492c058,specialized,general,93,78,0.8387096774193549,12,10,0.8333333333333334,10,9,False,0.35714285714285715
62203d2c-8711-431d-b73c-6f523b1a9fcd,original_free,general,137,137,1.0,16,16,1.0,16,16,True,1.0
62203d2c-8711-431d-b73c-6f523b1a9fcd,paid_brave,general,137,80,0.583941605839416,16,10,0.625,16,9,False,0.3157894736842105
62203d2c-8711-431d-b73c-6f523b1a9fcd,paid_google,general,137,143,1.0437956204379562,16,16,1.0,16,16,False,0.6
62203d2c-8711-431d-b73c-6f523b1a9fcd,paid_other,general,137,80,0.583941605839416,16,10,0.625,16,10,False,0.3684210526315789
62203d2c-8711-431d-b73c-6f523b1a9fcd,neural,general,137,207,1.510948905109489,16,25,1.5625,16,24,False,0.42857142857142855
62203d2c-8711-431d-b73c-6f523b1a9fcd,specialized,general,137,124,0.9051094890510949,16,14,0.875,16,12,False,0.21739130434782608
e6d8368f-d5dd-4920-a1c8-5e3cfface94f,original_free,general,105,105,1.0,13,13,1.0,11,11,True,1.0
e6d8368f-d5dd-4920-a1c8-5e3cfface94f,paid_brave,general,105,87,0.8285714285714286,13,10,0.7692307692307693,11,10,False,0.5
e6d8368f-d5dd-4920-a1c8-5e3cfface94f,paid_google,general,105,97,0.9238095238095239,13,12,0.9230769230769231,11,10,False,0.23529411764705882
e6d8368f-d5dd-4920-a1c8-5e3cfface94f,paid_other,general,105,108,1.0285714285714285,13,12,0.9230769230769231,11,11,False,0.5714285714285714
e6d8368f-d5dd-4920-a1c8-5e3cfface94f,neural,general,105,261,2.4857142857142858,13,34,2.6153846153846154,11,32,False,0.2647058823529412
e6d8368f-d5dd-4920-a1c8-5e3cfface94f,specialized,general,105,70,0.6666666666666666,13,9,0.6923076923076923,11,8,False,0.1875
ef853143-54bf-4a93-8a94-c543dec24e89,original_free,general,89,89,1.0,10,10,1.0,10,10,True,1.0
ef853143-54bf-4a93-8a94-c543dec24e89,paid_brave,general,89,43,0.48314606741573035,10,6,0.6,10,6,False,0.23076923076923078
ef853143-54bf-4a93-8a94-c543dec24e89,paid_google,general,89,86,0.9662921348314607,10,9,0.9,10,9,False,0.46153846153846156
ef853143-54bf-4a93-8a94-c543dec24e89,paid_other,general,89,51,0.5730337078651685,10,8,0.8,10,8,False,0.38461538461538464
ef853143-54bf-4a93-8a94-c543dec24e89,neural,general,89,198,2.2247191011235956,10,27,2.7,10,26,False,0.16129032258064516
ef853143-54bf-4a93-8a94-c543dec24e89,specialized,general,89,72,0.8089887640449438,10,8,0.8,10,8,False,0.6363636363636364
b5590d05-9b04-4e2a-92db-c5e9ae1193a7,original_free,general,70,70,1.0,10,10,1.0,9,9,True,1.0
b5590d05-9b04-4e2a-92db-c5e9ae1193a7,paid_brave,general,70,62,0.8857142857142857,10,9,0.9,9,8,False,0.7
b5590d05-9b04-4e2a-92db-c5e9ae1193a7,paid_google,general,70,71,1.0142857142857142,10,11,1.1,9,10,False,0.5833333333333334
b5590d05-9b04-4e2a-92db-c5e9ae1193a7,paid_other,general,70,81,1.1571428571428573,10,10,1.0,9,10,False,0.0
b5590d05-9b04-4e2a-92db-c5e9ae1193a7,neural,general,70,234,3.342857142857143,10,33,3.3,9,31,False,0.1111111111111111
b5590d05-9b04-4e2a-92db-c5e9ae1193a7,specialized,general,70,90,1.2857142857142858,10,13,1.3,9,12,False,0.5
706e25f2-220f-4525-acfb-4151cd967cc4,original_free,general,80,80,1.0,11,11,1.0,11,11,True,1.0
706e25f2-220f-4525-acfb-4151cd967cc4,paid_brave,general,80,60,0.75,11,7,0.6363636363636364,11,7,False,0.2857142857142857
706e25f2-220f-4525-acfb-4151cd967cc4,paid_google,general,80,81,1.0125,11,10,0.9090909090909091,11,10,False,0.10526315789473684
706e25f2-220f-4525-acfb-4151cd967cc4,paid_other,general,80,53,0.6625,11,7,0.6363636363636364,11,7,False,0.2857142857142857
706e25f2-220f-4525-acfb-4151cd967cc4,neural,general,80,219,2.7375,11,29,2.6363636363636362,11,28,False,0.14705882352941177
706e25f2-220f-4525-acfb-4151cd967cc4,specialized,general,80,91,1.1375,11,12,1.0909090909090908,11,10,False,0.3125
79887d11-a38b-494e-baa2-bfbaed28bb5f,original_free,general,84,84,1.0,11,11,1.0,11,11,True,1.0
79887d11-a38b-494e-baa2-bfbaed28bb5f,paid_brave,general,84,221,2.630952380952381,11,23,2.090909090909091,11,22,False,0.5
79887d11-a38b-494e-baa2-bfbaed28bb5f,paid_google,general,84,221,2.630952380952381,11,23,2.090909090909091,11,22,False,0.5
79887d11-a38b-494e-baa2-bfbaed28bb5f,paid_other,general,84,221,2.630952380952381,11,23,2.090909090909091,11,22,False,0.5
79887d11-a38b-494e-baa2-bfbaed28bb5f,neural,general,84,84,1.0,11,11,1.0,11,11,True,1.0
79887d11-a38b-494e-baa2-bfbaed28bb5f,specialized,general,84,84,1.0,11,11,1.0,11,11,True,1.0
faab9864-fe9c-4eff-adcb-9ab2b7c7cb6e,original_free,general,92,92,1.0,11,11,1.0,10,10,True,1.0
faab9864-fe9c-4eff-adcb-9ab2b7c7cb6e,paid_brave,general,92,208,2.260869565217391,11,18,1.6363636363636365,10,17,False,0.5882352941176471
faab9864-fe9c-4eff-adcb-9ab2b7c7cb6e,paid_google,general,92,208,2.260869565217391,11,18,1.6363636363636365,10,17,False,0.5882352941176471
faab9864-fe9c-4eff-adcb-9ab2b7c7cb6e,paid_other,general,92,208,2.260869565217391,11,18,1.6363636363636365,10,17,False,0.5882352941176471
faab9864-fe9c-4eff-adcb-9ab2b7c7cb6e,neural,general,92,92,1.0,11,11,1.0,10,10,True,1.0
faab9864-fe9c-4eff-adcb-9ab2b7c7cb6e,specialized,general,92,92,1.0,11,11,1.0,10,10,True,1.0
502b3507-3501-4fda-a8cf-e15a07ea5fd3,original_free,general,86,86,1.0,12,12,1.0,11,11,True,1.0
502b3507-3501-4fda-a8cf-e15a07ea5fd3,paid_brave,general,86,224,2.604651162790698,12,20,1.6666666666666667,11,18,False,0.6111111111111112
502b3507-3501-4fda-a8cf-e15a07ea5fd3,paid_google,general,86,224,2.604651162790698,12,20,1.6666666666666667,11,18,False,0.6111111111111112
502b3507-3501-4fda-a8cf-e15a07ea5fd3,paid_other,general,86,224,2.604651162790698,12,20,1.6666666666666667,11,18,False,0.6111111111111112
502b3507-3501-4fda-a8cf-e15a07ea5fd3,neural,general,86,86,1.0,12,12,1.0,11,11,True,1.0
502b3507-3501-4fda-a8cf-e15a07ea5fd3,specialized,general,86,86,1.0,12,12,1.0,11,11,True,1.0
74483a5a-baf4-4e8d-a8fe-b8756bab080a,original_free,general,81,81,1.0,11,11,1.0,10,10,True,1.0
74483a5a-baf4-4e8d-a8fe-b8756bab080a,paid_brave,general,81,71,0.8765432098765432,11,10,0.9090909090909091,10,8,False,0.38461538461538464
74483a5a-baf4-4e8d-a8fe-b8756bab080a,paid_google,general,81,74,0.9135802469135802,11,9,0.8181818181818182,10,9,False,0.35714285714285715
74483a5a-baf4-4e8d-a8fe-b8756bab080a,paid_other,general,81,75,0.9259259259259259,11,10,0.9090909090909091,10,9,False,0.05555555555555555
74483a5a-baf4-4e8d-a8fe-b8756bab080a,neural,general,81,252,3.111111111111111,11,34,3.090909090909091,10,31,False,0.24242424242424243
74483a5a-baf4-4e8d-a8fe-b8756bab080a,specialized,general,81,68,0.8395061728395061,11,8,0.7272727272727273,10,8,False,0.2857142857142857
7b1ab636-c0f8-4b23-b805-77662bdda8a9,original_free,general,82,82,1.0,12,12,1.0,11,11,True,1.0
7b1ab636-c0f8-4b23-b805-77662bdda8a9,paid_brave,general,82,60,0.7317073170731707,12,9,0.75,11,8,False,0.5833333333333334
7b1ab636-c0f8-4b23-b805-77662bdda8a9,paid_google,general,82,74,0.9024390243902439,12,9,0.75,11,9,False,0.05263157894736842
7b1ab636-c0f8-4b23-b805-77662bdda8a9,paid_other,general,82,91,1.1097560975609757,12,11,0.9166666666666666,11,9,False,0.25
7b1ab636-c0f8-4b23-b805-77662bdda8a9,neural,general,82,215,2.6219512195121952,12,34,2.8333333333333335,11,34,False,0.18421052631578946
7b1ab636-c0f8-4b23-b805-77662bdda8a9,specialized,general,82,105,1.2804878048780488,12,15,1.25,11,14,False,0.5625
7b673e20-1fe9-4c5b-897a-d9fbe3a4911c,original_free,general,37,37,1.0,4,4,1.0,3,3,True,1.0
7b673e20-1fe9-4c5b-897a-d9fbe3a4911c,paid_brave,general,37,53,1.4324324324324325,4,7,1.75,3,5,False,0.3333333333333333
7b673e20-1fe9-4c5b-897a-d9fbe3a4911c,paid_google,general,37,64,1.7297297297297298,4,8,2.0,3,6,False,0.2857142857142857
7b673e20-1fe9-4c5b-897a-d9fbe3a4911c,paid_other,general,37,47,1.2702702702702702,4,7,1.75,3,5,False,0.3333333333333333
7b673e20-1fe9-4c5b-897a-d9fbe3a4911c,neural,general,37,126,3.4054054054054053,4,17,4.25,3,16,False,0.1875
7b673e20-1fe9-4c5b-897a-d9fbe3a4911c,specialized,general,37,35,0.9459459459459459,4,4,1.0,3,3,False,0.5
0a7fdcde-1509-4732-8d14-c330585f6cc9,original_free,general,31,31,1.0,4,4,1.0,3,3,True,1.0
0a7fdcde-1509-4732-8d14-c330585f6cc9,paid_brave,general,31,47,1.5161290322580645,4,6,1.5,3,5,False,0.6
0a7fdcde-1509-4732-8d14-c330585f6cc9,paid_google,general,31,56,1.8064516129032258,4,7,1.75,3,5,False,0.3333333333333333
0a7fdcde-1509-4732-8d14-c330585f6cc9,paid_other,general,31,45,1.4516129032258065,4,6,1.5,3,5,False,0.6
0a7fdcde-1509-4732-8d14-c330585f6cc9,neural,general,31,97,3.129032258064516,4,13,3.25,3,13,False,0.14285714285714285
0a7fdcde-1509-4732-8d14-c330585f6cc9,specialized,general,31,29,0.9354838709677419,4,4,1.0,3,3,False,0.5
764d08bd-f7ae-4801-b4a9-5205a0a79302,original_free,general,36,36,1.0,4,4,1.0,3,3,True,1.0
764d08bd-f7ae-4801-b4a9-5205a0a79302,paid_brave,general,36,43,1.1944444444444444,4,5,1.25,3,4,False,0.75
764d08bd-f7ae-4801-b4a9-5205a0a79302,paid_google,general,36,61,1.6944444444444444,4,7,1.75,3,5,False,0.3333333333333333
764d08bd-f7ae-4801-b4a9-5205a0a79302,paid_other,general,36,48,1.3333333333333333,4,7,1.75,3,7,False,0.25
764d08bd-f7ae-4801-b4a9-5205a0a79302,neural,general,36,84,2.3333333333333335,4,12,3.0,3,12,False,0.15384615384615385
764d08bd-f7ae-4801-b4a9-5205a0a79302,specialized,general,36,47,1.3055555555555556,4,7,1.75,3,5,False,0.3333333333333333
f62ca042-85c6-4743-b423-06a24bae2b8b,original_free,general,85,85,1.0,12,12,1.0,12,12,True,1.0
f62ca042-85c6-4743-b423-06a24bae2b8b,paid_brave,general,85,56,0.6588235294117647,12,9,0.75,12,8,False,0.42857142857142855
f62ca042-85c6-4743-b423-06a24bae2b8b,paid_google,general,85,59,0.6941176470588235,12,10,0.8333333333333334,12,9,False,0.4
f62ca042-85c6-4743-b423-06a24bae2b8b,paid_other,general,85,56,0.6588235294117647,12,8,0.6666666666666666,12,8,False,0.25
f62ca042-85c6-4743-b423-06a24bae2b8b,neural,general,85,224,2.635294117647059,12,31,2.5833333333333335,12,31,False,0.13157894736842105
f62ca042-85c6-4743-b423-06a24bae2b8b,specialized,general,85,48,0.5647058823529412,12,9,0.75,12,9,False,0.5
9f80ea09-9c4e-4657-8997-ec85dcd205c1,original_free,general,82,82,1.0,11,11,1.0,11,11,True,1.0
9f80ea09-9c4e-4657-8997-ec85dcd205c1,paid_brave,general,82,57,0.6951219512195121,11,9,0.8181818181818182,11,8,False,0.46153846153846156
9f80ea09-9c4e-4657-8997-ec85dcd205c1,paid_google,general,82,66,0.8048780487804879,11,8,0.7272727272727273,11,7,False,0.2
9f80ea09-9c4e-4657-8997-ec85dcd205c1,paid_other,general,82,64,0.7804878048780488,11,10,0.9090909090909091,11,10,False,0.6153846153846154
9f80ea09-9c4e-4657-8997-ec85dcd205c1,neural,general,82,190,2.317073170731707,11,27,2.4545454545454546,11,27,False,0.15151515151515152
9f80ea09-9c4e-4657-8997-ec85dcd205c1,specialized,general,82,87,1.0609756097560976,11,13,1.1818181818181819,11,12,False,0.6428571428571429
c543c071-7421-4fd4-87a5-9d5c7db6f7b1,original_free,general,103,103,1.0,13,13,1.0,13,13,True,1.0
c543c071-7421-4fd4-87a5-9d5c7db6f7b1,paid_brave,general,103,69,0.6699029126213593,13,8,0.6153846153846154,13,8,False,0.4
c543c071-7421-4fd4-87a5-9d5c7db6f7b1,paid_google,general,103,76,0.7378640776699029,13,8,0.6153846153846154,13,8,False,0.23529411764705882
c543c071-7421-4fd4-87a5-9d5c7db6f7b1,paid_other,general,103,55,0.5339805825242718,13,7,0.5384615384615384,13,7,False,0.17647058823529413
c543c071-7421-4fd4-87a5-9d5c7db6f7b1,neural,general,103,225,2.1844660194174756,13,34,2.6153846153846154,13,34,False,0.175
c543c071-7421-4fd4-87a5-9d5c7db6f7b1,specialized,general,103,64,0.6213592233009708,13,8,0.6153846153846154,13,8,False,0.4
b221a7ab-29d2-4ae3-927d-7d13147ae5ed,original_free,general,102,102,1.0,12,12,1.0,12,12,True,1.0
b221a7ab-29d2-4ae3-927d-7d13147ae5ed,paid_brave,general,102,69,0.6764705882352942,12,10,0.8333333333333334,12,10,False,0.4666666666666667
b221a7ab-29d2-4ae3-927d-7d13147ae5ed,paid_google,general,102,53,0.5196078431372549,12,7,0.5833333333333334,12,7,False,0.35714285714285715
b221a7ab-29d2-4ae3-927d-7d13147ae5ed,paid_other,general,102,41,0.4019607843137255,12,7,0.5833333333333334,12,7,False,0.1875
b221a7ab-29d2-4ae3-927d-7d13147ae5ed,neural,general,102,198,1.9411764705882353,12,29,2.4166666666666665,12,28,False,0.14285714285714285
b221a7ab-29d2-4ae3-927d-7d13147ae5ed,specialized,general,102,129,1.2647058823529411,12,13,1.0833333333333333,12,11,False,0.2777777777777778
53f2c062-024d-4900-bc96-2bffc2631ab5,original_free,general,106,106,1.0,12,12,1.0,11,11,True,1.0
53f2c062-024d-4900-bc96-2bffc2631ab5,paid_brave,general,106,73,0.6886792452830188,12,10,0.8333333333333334,11,9,False,0.6666666666666666
53f2c062-024d-4900-bc96-2bffc2631ab5,paid_google,general,106,70,0.660377358490566,12,11,0.9166666666666666,11,10,False,0.6153846153846154
53f2c062-024d-4900-bc96-2bffc2631ab5,paid_other,general,106,87,0.8207547169811321,12,10,0.8333333333333334,11,11,False,0.29411764705882354
53f2c062-024d-4900-bc96-2bffc2631ab5,neural,general,106,234,2.207547169811321,12,32,2.6666666666666665,11,31,False,0.16666666666666666
53f2c062-024d-4900-bc96-2bffc2631ab5,specialized,general,106,61,0.5754716981132075,12,9,0.75,11,8,False,0.35714285714285715
782e22ad-b784-4ce7-b9e7-5c5344934275,original_free,general,106,106,1.0,12,12,1.0,10,10,True,1.0
782e22ad-b784-4ce7-b9e7-5c5344934275,paid_brave,general,106,238,2.2452830188679247,12,23,1.9166666666666667,10,20,False,0.5
782e22ad-b784-4ce7-b9e7-5c5344934275,paid_google,general,106,238,2.2452830188679247,12,23,1.9166666666666667,10,20,False,0.5
782e22ad-b784-4ce7-b9e7-5c5344934275,paid_other,general,106,238,2.2452830188679247,12,23,1.9166666666666667,10,20,False,0.5
782e22ad-b784-4ce7-b9e7-5c5344934275,neural,general,106,106,1.0,12,12,1.0,10,10,True,1.0
782e22ad-b784-4ce7-b9e7-5c5344934275,specialized,general,106,106,1.0,12,12,1.0,10,10,True,1.0
be8bc310-c3f8-48f3-bc17-8ccef8b2c403,original_free,general,99,99,1.0,13,13,1.0,11,11,True,1.0
be8bc310-c3f8-48f3-bc17-8ccef8b2c403,paid_brave,general,99,220,2.2222222222222223,13,14,1.0769230769230769,11,13,False,0.8461538461538461
be8bc310-c3f8-48f3-bc17-8ccef8b2c403,paid_google,general,99,220,2.2222222222222223,13,14,1.0769230769230769,11,13,False,0.8461538461538461
be8bc310-c3f8-48f3-bc17-8ccef8b2c403,paid_other,general,99,220,2.2222222222222223,13,14,1.0769230769230769,11,13,False,0.8461538461538461
be8bc310-c3f8-48f3-bc17-8ccef8b2c403,neural,general,99,99,1.0,13,13,1.0,11,11,True,1.0
be8bc310-c3f8-48f3-bc17-8ccef8b2c403,specialized,general,99,99,1.0,13,13,1.0,11,11,True,1.0
ebf764b2-dc49-477c-87b4-547dd0dc765a,original_free,general,92,92,1.0,11,11,1.0,9,9,True,1.0
ebf764b2-dc49-477c-87b4-547dd0dc765a,paid_brave,general,92,214,2.3260869565217392,11,18,1.6363636363636365,9,16,False,0.5625
ebf764b2-dc49-477c-87b4-547dd0dc765a,paid_google,general,92,214,2.3260869565217392,11,18,1.6363636363636365,9,16,False,0.5625
ebf764b2-dc49-477c-87b4-547dd0dc765a,paid_other,general,92,214,2.3260869565217392,11,18,1.6363636363636365,9,16,False,0.5625
ebf764b2-dc49-477c-87b4-547dd0dc765a,neural,general,92,92,1.0,11,11,1.0,9,9,True,1.0
ebf764b2-dc49-477c-87b4-547dd0dc765a,specialized,general,92,92,1.0,11,11,1.0,9,9,True,1.0
a0a953aa-0887-4090-9cd4-838ce67657dd,original_free,general,92,92,1.0,12,12,1.0,11,11,True,1.0
a0a953aa-0887-4090-9cd4-838ce67657dd,paid_brave,general,92,248,2.6956521739130435,12,17,1.4166666666666667,11,16,False,0.6875
a0a953aa-0887-4090-9cd4-838ce67657dd,paid_google,general,92,248,2.6956521739130435,12,17,1.4166666666666667,11,16,False,0.6875
a0a953aa-0887-4090-9cd4-838ce67657dd,paid_other,general,92,248,2.6956521739130435,12,17,1.4166666666666667,11,16,False,0.6875
a0a953aa-0887-4090-9cd4-838ce67657dd,neural,general,92,92,1.0,12,12,1.0,11,11,True,1.0
a0a953aa-0887-4090-9cd4-838ce67657dd,specialized,general,92,92,1.0,12,12,1.0,11,11,True,1.0
078375dc-4a8a-4dd7-8b2f-2df9ef3dc009,original_free,general,95,95,1.0,13,13,1.0,12,12,True,1.0
078375dc-4a8a-4dd7-8b2f-2df9ef3dc009,paid_brave,general,95,44,0.4631578947368421,13,6,0.46153846153846156,12,6,False,0.5
078375dc-4a8a-4dd7-8b2f-2df9ef3dc009,paid_google,general,95,89,0.9368421052631579,13,13,1.0,12,11,False,0.5333333333333333
078375dc-4a8a-4dd7-8b2f-2df9ef3dc009,paid_other,general,95,62,0.6526315789473685,13,9,0.6923076923076923,12,7,False,0.11764705882352941
078375dc-4a8a-4dd7-8b2f-2df9ef3dc009,neural,general,95,249,2.6210526315789475,13,32,2.4615384615384617,12,32,False,0.1282051282051282
078375dc-4a8a-4dd7-8b2f-2df9ef3dc009,specialized,general,95,60,0.631578947368421,13,10,0.7692307692307693,12,9,False,0.23529411764705882
50ddb1c7-5916-4b9a-bbd4-e45b1eb8deb1,original_free,general,67,67,1.0,10,10,1.0,9,9,True,1.0
50ddb1c7-5916-4b9a-bbd4-e45b1eb8deb1,paid_brave,general,67,43,0.6417910447761194,10,8,0.8,9,7,False,0.6
50ddb1c7-5916-4b9a-bbd4-e45b1eb8deb1,paid_google,general,67,47,0.7014925373134329,10,7,0.7,9,7,False,0.45454545454545453
50ddb1c7-5916-4b9a-bbd4-e45b1eb8deb1,paid_other,general,67,85,1.2686567164179106,10,12,1.2,9,12,False,0.23529411764705882
50ddb1c7-5916-4b9a-bbd4-e45b1eb8deb1,neural,general,67,167,2.4925373134328357,10,24,2.4,9,23,False,0.03225806451612903
50ddb1c7-5916-4b9a-bbd4-e45b1eb8deb1,specialized,general,67,57,0.8507462686567164,10,8,0.8,9,7,False,0.3333333333333333
f10ccd76-12be-4457-972b-18edffca5ff2,original_free,general,89,89,1.0,14,14,1.0,14,14,True,1.0
f10ccd76-12be-4457-972b-18edffca5ff2,paid_brave,general,89,96,1.0786516853932584,14,13,0.9285714285714286,14,12,False,0.3
f10ccd76-12be-4457-972b-18edffca5ff2,paid_google,general,89,43,0.48314606741573035,14,7,0.5,14,7,False,0.23529411764705882
f10ccd76-12be-4457-972b-18edffca5ff2,paid_other,general,89,79,0.8876404494382022,14,10,0.7142857142857143,14,10,False,0.14285714285714285
f10ccd76-12be-4457-972b-18edffca5ff2,neural,general,89,300,3.3707865168539324,14,38,2.7142857142857144,14,34,False,0.09090909090909091
f10ccd76-12be-4457-972b-18edffca5ff2,specialized,general,89,63,0.7078651685393258,14,11,0.7857142857142857,14,9,False,0.35294117647058826
e1653e6e-d355-4d8d-bdaa-110e5a4d062e,original_free,general,72,72,1.0,11,11,1.0,10,10,True,1.0
e1653e6e-d355-4d8d-bdaa-110e5a4d062e,paid_brave,general,72,68,0.9444444444444444,11,11,1.0,10,10,False,0.8181818181818182
e1653e6e-d355-4d8d-bdaa-110e5a4d062e,paid_google,general,72,74,1.0277777777777777,11,12,1.0909090909090908,10,10,False,0.1111111111111111
e1653e6e-d355-4d8d-bdaa-110e5a4d062e,paid_other,general,72,55,0.7638888888888888,11,8,0.7272727272727273,10,8,False,0.058823529411764705
e1653e6e-d355-4d8d-bdaa-110e5a4d062e,neural,general,72,261,3.625,11,35,3.1818181818181817,10,35,False,0.18421052631578946
e1653e6e-d355-4d8d-bdaa-110e5a4d062e,specialized,general,72,80,1.1111111111111112,11,10,0.9090909090909091,10,10,False,0.6666666666666666
1afc4490-367c-491d-b355-4547ed98af20,original_free,general,119,119,1.0,17,17,1.0,17,17,True,1.0
1afc4490-367c-491d-b355-4547ed98af20,paid_brave,general,119,55,0.46218487394957986,17,9,0.5294117647058824,17,8,False,0.25
1afc4490-367c-491d-b355-4547ed98af20,paid_google,general,119,61,0.5126050420168067,17,8,0.47058823529411764,17,8,False,0.08695652173913043
1afc4490-367c-491d-b355-4547ed98af20,paid_other,general,119,72,0.6050420168067226,17,9,0.5294117647058824,17,9,False,0.18181818181818182
1afc4490-367c-491d-b355-4547ed98af20,neural,general,119,194,1.6302521008403361,17,29,1.7058823529411764,17,27,False,0.07317073170731707
1afc4490-367c-491d-b355-4547ed98af20,specialized,general,119,52,0.4369747899159664,17,9,0.5294117647058824,17,9,False,0.23809523809523808
da2b7444-d758-4b02-b039-517403c885a9,original_free,general,57,57,1.0,7,7,1.0,5,5,True,1.0
da2b7444-d758-4b02-b039-517403c885a9,paid_brave,general,57,67,1.1754385964912282,7,10,1.4285714285714286,5,7,False,0.5
da2b7444-d758-4b02-b039-517403c885a9,paid_google,general,57,49,0.8596491228070176,7,7,1.0,5,5,False,0.42857142857142855
da2b7444-d758-4b02-b039-517403c885a9,paid_other,general,57,63,1.105263157894737,7,9,1.2857142857142858,5,7,False,0.3333333333333333
da2b7444-d758-4b02-b039-517403c885a9,neural,general,57,180,3.1578947368421053,7,27,3.857142857142857,5,25,False,0.1111111111111111
da2b7444-d758-4b02-b039-517403c885a9,specialized,general,57,74,1.2982456140350878,7,10,1.4285714285714286,5,8,False,0.625
695b9e26-7ae5-4986-ba6d-e8beb52e9715,original_free,general,60,60,1.0,6,6,1.0,6,6,True,1.0
695b9e26-7ae5-4986-ba6d-e8beb52e9715,paid_brave,general,60,70,1.1666666666666667,6,9,1.5,6,8,False,0.5555555555555556
695b9e26-7ae5-4986-ba6d-e8beb52e9715,paid_google,general,60,63,1.05,6,10,1.6666666666666667,6,8,False,0.4
695b9e26-7ae5-4986-ba6d-e8beb52e9715,paid_other,general,60,60,1.0,6,9,1.5,6,8,False,0.5555555555555556
695b9e26-7ae5-4986-ba6d-e8beb52e9715,neural,general,60,183,3.05,6,23,3.8333333333333335,6,23,False,0.20833333333333334
695b9e26-7ae5-4986-ba6d-e8beb52e9715,specialized,general,60,77,1.2833333333333334,6,9,1.5,6,9,False,0.6666666666666666
232ab87d-c137-4dc8-bfb6-6a2ca93492fe,original_free,general,60,60,1.0,8,8,1.0,7,7,True,1.0
232ab87d-c137-4dc8-bfb6-6a2ca93492fe,paid_brave,general,60,54,0.9,8,9,1.125,7,7,False,0.4
232ab87d-c137-4dc8-bfb6-6a2ca93492fe,paid_google,general,60,56,0.9333333333333333,8,8,1.0,7,7,False,0.4
232ab87d-c137-4dc8-bfb6-6a2ca93492fe,paid_other,general,60,77,1.2833333333333334,8,9,1.125,7,8,False,0.36363636363636365
232ab87d-c137-4dc8-bfb6-6a2ca93492fe,neural,general,60,169,2.816666666666667,8,23,2.875,7,22,False,0.3181818181818182
232ab87d-c137-4dc8-bfb6-6a2ca93492fe,specialized,general,60,67,1.1166666666666667,8,9,1.125,7,8,False,0.875
4eabe5e1-1a8a-4692-87ac-942b2f5e9488,original_free,general,43,43,1.0,6,6,1.0,5,5,True,1.0
4eabe5e1-1a8a-4692-87ac-942b2f5e9488,paid_brave,general,43,50,1.1627906976744187,6,7,1.1666666666666667,5,6,False,0.8333333333333334
4eabe5e1-1a8a-4692-87ac-942b2f5e9488,paid_google,general,43,62,1.441860465116279,6,9,1.5,5,8,False,0.625
4eabe5e1-1a8a-4692-87ac-942b2f5e9488,paid_other,general,43,51,1.186046511627907,6,7,1.1666666666666667,5,6,False,0.8333333333333334
4eabe5e1-1a8a-4692-87ac-942b2f5e9488,neural,general,43,126,2.9302325581395348,6,18,3.0,5,18,False,0.09523809523809523
4eabe5e1-1a8a-4692-87ac-942b2f5e9488,specialized,general,43,53,1.2325581395348837,6,8,1.3333333333333333,5,6,False,0.5714285714285714
7842beca-0867-49fb-bad7-20b348e9020f,original_free,general,49,49,1.0,5,5,1.0,5,5,True,1.0
7842beca-0867-49fb-bad7-20b348e9020f,paid_brave,general,49,72,1.469387755102041,5,9,1.8,5,8,False,0.625
7842beca-0867-49fb-bad7-20b348e9020f,paid_google,general,49,62,1.2653061224489797,5,7,1.4,5,7,False,0.5
7842beca-0867-49fb-bad7-20b348e9020f,paid_other,general,49,70,1.4285714285714286,5,9,1.8,5,9,False,0.5555555555555556
7842beca-0867-49fb-bad7-20b348e9020f,neural,general,49,108,2.204081632653061,5,14,2.8,5,14,False,0.26666666666666666
7842beca-0867-49fb-bad7-20b348e9020f,specialized,general,49,54,1.1020408163265305,5,6,1.2,5,6,False,0.8333333333333334
8d369886-ff91-45e4-8a11-b9b93d4f9c8b,original_free,general,46,46,1.0,6,6,1.0,5,5,True,1.0
8d369886-ff91-45e4-8a11-b9b93d4f9c8b,paid_brave,general,46,69,1.5,6,10,1.6666666666666667,5,8,False,0.625
8d369886-ff91-45e4-8a11-b9b93d4f9c8b,paid_google,general,46,70,1.5217391304347827,6,8,1.3333333333333333,5,7,False,0.7142857142857143
8d369886-ff91-45e4-8a11-b9b93d4f9c8b,paid_other,general,46,63,1.3695652173913044,6,9,1.5,5,8,False,0.625
8d369886-ff91-45e4-8a11-b9b93d4f9c8b,neural,general,46,112,2.4347826086956523,6,16,2.6666666666666665,5,15,False,0.3333333333333333
8d369886-ff91-45e4-8a11-b9b93d4f9c8b,specialized,general,46,66,1.434782608695652,6,10,1.6666666666666667,5,8,False,0.625
448e0fc0-b3e8-4172-85a6-200305eeb55e,original_free,general,37,37,1.0,4,4,1.0,4,4,True,1.0
448e0fc0-b3e8-4172-85a6-200305eeb55e,paid_brave,general,37,60,1.6216216216216217,4,8,2.0,4,7,False,0.5714285714285714
448e0fc0-b3e8-4172-85a6-200305eeb55e,paid_google,general,37,44,1.1891891891891893,4,5,1.25,4,5,False,0.2857142857142857
448e0fc0-b3e8-4172-85a6-200305eeb55e,paid_other,general,37,56,1.5135135135135136,4,7,1.75,4,7,False,0.5714285714285714
448e0fc0-b3e8-4172-85a6-200305eeb55e,neural,general,37,119,3.2162162162162162,4,15,3.75,4,15,False,0.1875
448e0fc0-b3e8-4172-85a6-200305eeb55e,specialized,general,37,60,1.6216216216216217,4,7,1.75,4,6,False,0.25
5f837868-5f48-47c1-a9ca-620fdcea6f55,original_free,general,44,44,1.0,6,6,1.0,4,4,True,1.0
5f837868-5f48-47c1-a9ca-620fdcea6f55,paid_brave,general,44,69,1.5681818181818181,6,9,1.5,4,7,False,0.5714285714285714
5f837868-5f48-47c1-a9ca-620fdcea6f55,paid_google,general,44,75,1.7045454545454546,6,9,1.5,4,7,False,0.375
5f837868-5f48-47c1-a9ca-620fdcea6f55,paid_other,general,44,63,1.4318181818181819,6,9,1.5,4,7,False,0.5714285714285714
5f837868-5f48-47c1-a9ca-620fdcea6f55,neural,general,44,115,2.6136363636363638,6,18,3.0,4,16,False,0.25
5f837868-5f48-47c1-a9ca-620fdcea6f55,specialized,general,44,69,1.5681818181818181,6,11,1.8333333333333333,4,8,False,0.5
31a8738c-5d51-43f2-8539-6e3ccb788939,original_free,general,41,41,1.0,4,4,1.0,4,4,True,1.0
31a8738c-5d51-43f2-8539-6e3ccb788939,paid_brave,general,41,64,1.5609756097560976,4,8,2.0,4,7,False,0.5714285714285714
31a8738c-5d51-43f2-8539-6e3ccb788939,paid_google,general,41,59,1.4390243902439024,4,6,1.5,4,6,False,0.42857142857142855
31a8738c-5d51-43f2-8539-6e3ccb788939,paid_other,general,41,50,1.2195121951219512,4,5,1.25,4,5,False,0.2857142857142857
31a8738c-5d51-43f2-8539-6e3ccb788939,neural,general,41,155,3.7804878048780486,4,18,4.5,4,18,False,0.2222222222222222
31a8738c-5d51-43f2-8539-6e3ccb788939,specialized,general,41,69,1.6829268292682926,4,8,2.0,4,7,False,0.375
726e1cd3-c21b-43a5-b2e8-397cc72123b1,original_free,general,28,28,1.0,4,4,1.0,4,4,True,1.0
726e1cd3-c21b-43a5-b2e8-397cc72123b1,paid_brave,general,28,51,1.8214285714285714,4,8,2.0,4,7,False,0.5714285714285714
726e1cd3-c21b-43a5-b2e8-397cc72123b1,paid_google,general,28,54,1.9285714285714286,4,7,1.75,4,7,False,0.5714285714285714
726e1cd3-c21b-43a5-b2e8-397cc72123b1,paid_other,general,28,41,1.4642857142857142,4,7,1.75,4,7,False,0.1
726e1cd3-c21b-43a5-b2e8-397cc72123b1,neural,general,28,112,4.0,4,15,3.75,4,15,False,0.26666666666666666
726e1cd3-c21b-43a5-b2e8-397cc72123b1,specialized,general,28,57,2.0357142857142856,4,8,2.0,4,7,False,0.2222222222222222
9ec646ae-fe7d-4f30-bd06-6e2ef26fe94a,original_free,general,39,39,1.0,5,5,1.0,4,4,True,1.0
9ec646ae-fe7d-4f30-bd06-6e2ef26fe94a,paid_brave,general,39,62,1.5897435897435896,5,9,1.8,4,7,False,0.5714285714285714
9ec646ae-fe7d-4f30-bd06-6e2ef26fe94a,paid_google,general,39,68,1.7435897435897436,5,8,1.6,4,7,False,0.5714285714285714
9ec646ae-fe7d-4f30-bd06-6e2ef26fe94a,paid_other,general,39,44,1.1282051282051282,5,7,1.4,4,7,False,0.375
9ec646ae-fe7d-4f30-bd06-6e2ef26fe94a,neural,general,39,120,3.076923076923077,5,18,3.6,4,17,False,0.23529411764705882
9ec646ae-fe7d-4f30-bd06-6e2ef26fe94a,specialized,general,39,51,1.3076923076923077,5,6,1.2,4,5,False,0.2857142857142857
c73e6215-f7cf-41b1-aacc-8d10cc86fb48,original_free,general,49,49,1.0,6,6,1.0,6,6,True,1.0
c73e6215-f7cf-41b1-aacc-8d10cc86fb48,paid_brave,general,49,72,1.469387755102041,6,9,1.5,6,9,False,0.6666666666666666
c73e6215-f7cf-41b1-aacc-8d10cc86fb48,paid_google,general,49,71,1.4489795918367347,6,9,1.5,6,9,False,0.6666666666666666
c73e6215-f7cf-41b1-aacc-8d10cc86fb48,paid_other,general,49,66,1.346938775510204,6,9,1.5,6,9,False,0.6666666666666666
c73e6215-f7cf-41b1-aacc-8d10cc86fb48,neural,general,49,98,2.0,6,17,2.8333333333333335,6,16,False,0.29411764705882354
c73e6215-f7cf-41b1-aacc-8d10cc86fb48,specialized,general,49,53,1.0816326530612246,6,8,1.3333333333333333,6,8,False,0.5555555555555556
f86682f5-30e6-4c9f-bc5c-6998d2ab5dbc,original_free,general,75,75,1.0,11,11,1.0,11,11,True,1.0
f86682f5-30e6-4c9f-bc5c-6998d2ab5dbc,paid_brave,general,75,77,1.0266666666666666,11,11,1.0,11,10,False,0.5
f86682f5-30e6-4c9f-bc5c-6998d2ab5dbc,paid_google,general,75,57,0.76,11,9,0.8181818181818182,11,9,False,0.5384615384615384
f86682f5-30e6-4c9f-bc5c-6998d2ab5dbc,paid_other,general,75,63,0.84,11,9,0.8181818181818182,11,9,False,0.42857142857142855
f86682f5-30e6-4c9f-bc5c-6998d2ab5dbc,neural,general,75,223,2.973333333333333,11,32,2.909090909090909,11,30,False,0.28125
f86682f5-30e6-4c9f-bc5c-6998d2ab5dbc,specialized,general,75,90,1.2,11,12,1.0909090909090908,11,11,False,0.375
79eaebe9-a71e-4e52-9c59-a065beaa4a6c,original_free,general,103,103,1.0,12,12,1.0,12,12,True,1.0
79eaebe9-a71e-4e52-9c59-a065beaa4a6c,paid_brave,general,103,65,0.6310679611650486,12,9,0.75,12,9,False,0.4
79eaebe9-a71e-4e52-9c59-a065beaa4a6c,paid_google,general,103,68,0.6601941747572816,12,9,0.75,12,9,False,0.4
79eaebe9-a71e-4e52-9c59-a065beaa4a6c,paid_other,general,103,45,0.4368932038834951,12,7,0.5833333333333334,12,7,False,0.11764705882352941
79eaebe9-a71e-4e52-9c59-a065beaa4a6c,neural,general,103,204,1.9805825242718447,12,29,2.4166666666666665,12,29,False,0.17142857142857143
79eaebe9-a71e-4e52-9c59-a065beaa4a6c,specialized,general,103,53,0.5145631067961165,12,9,0.75,12,7,False,0.11764705882352941
0b2d081c-ffaf-48c3-9edf-0e52b2977a51,original_free,general,103,103,1.0,18,18,1.0,16,16,True,1.0
0b2d081c-ffaf-48c3-9edf-0e52b2977a51,paid_brave,general,103,227,2.203883495145631,18,24,1.3333333333333333,16,24,False,0.6666666666666666
0b2d081c-ffaf-48c3-9edf-0e52b2977a51,paid_google,general,103,227,2.203883495145631,18,24,1.3333333333333333,16,24,False,0.6666666666666666
0b2d081c-ffaf-48c3-9edf-0e52b2977a51,paid_other,general,103,227,2.203883495145631,18,24,1.3333333333333333,16,24,False,0.6666666666666666
0b2d081c-ffaf-48c3-9edf-0e52b2977a51,neural,general,103,103,1.0,18,18,1.0,16,16,True,1.0
0b2d081c-ffaf-48c3-9edf-0e52b2977a51,specialized,general,103,103,1.0,18,18,1.0,16,16,True,1.0
ccb7bd82-30cb-4954-9a8d-0b93afbe1462,original_free,general,86,86,1.0,13,13,1.0,12,12,True,1.0
ccb7bd82-30cb-4954-9a8d-0b93afbe1462,paid_brave,general,86,53,0.6162790697674418,13,8,0.6153846153846154,12,7,False,0.46153846153846156
ccb7bd82-30cb-4954-9a8d-0b93afbe1462,paid_google,general,86,48,0.5581395348837209,13,7,0.5384615384615384,12,7,False,0.35714285714285715
ccb7bd82-30cb-4954-9a8d-0b93afbe1462,paid_other,general,86,63,0.7325581395348837,13,10,0.7692307692307693,12,9,False,0.23529411764705882
ccb7bd82-30cb-4954-9a8d-0b93afbe1462,neural,general,86,144,1.6744186046511629,13,22,1.6923076923076923,12,21,False,0.13793103448275862
ccb7bd82-30cb-4954-9a8d-0b93afbe1462,specialized,general,86,73,0.8488372093023255,13,11,0.8461538461538461,12,10,False,0.6923076923076923
4dd421b5-9733-4798-9db3-3b6785e14770,original_free,general,47,47,1.0,6,6,1.0,6,6,True,1.0
4dd421b5-9733-4798-9db3-3b6785e14770,paid_brave,general,47,38,0.8085106382978723,6,5,0.8333333333333334,6,4,False,0.42857142857142855
4dd421b5-9733-4798-9db3-3b6785e14770,paid_google,general,47,48,1.0212765957446808,6,7,1.1666666666666667,6,6,False,0.5
4dd421b5-9733-4798-9db3-3b6785e14770,paid_other,general,47,42,0.8936170212765957,6,5,0.8333333333333334,6,5,False,0.5714285714285714
4dd421b5-9733-4798-9db3-3b6785e14770,neural,general,47,88,1.872340425531915,6,12,2.0,6,12,False,0.5
4dd421b5-9733-4798-9db3-3b6785e14770,specialized,general,47,59,1.2553191489361701,6,7,1.1666666666666667,6,7,False,0.625
dc285158-0dfb-44e4-b207-a71182965eca,original_free,general,34,34,1.0,4,4,1.0,4,4,True,1.0
dc285158-0dfb-44e4-b207-a71182965eca,paid_brave,general,34,39,1.1470588235294117,4,6,1.5,4,5,False,0.2857142857142857
dc285158-0dfb-44e4-b207-a71182965eca,paid_google,general,34,62,1.8235294117647058,4,7,1.75,4,7,False,0.5714285714285714
dc285158-0dfb-44e4-b207-a71182965eca,paid_other,general,34,49,1.4411764705882353,4,8,2.0,4,7,False,0.2222222222222222
dc285158-0dfb-44e4-b207-a71182965eca,neural,general,34,128,3.764705882352941,4,19,4.75,4,19,False,0.21052631578947367
dc285158-0dfb-44e4-b207-a71182965eca,specialized,general,34,27,0.7941176470588235,4,4,1.0,4,3,False,0.4
67488f96-0d49-4d3a-ae68-84a8934414b8,original_free,general,35,35,1.0,5,5,1.0,4,4,True,1.0
67488f96-0d49-4d3a-ae68-84a8934414b8,paid_brave,general,35,42,1.2,5,6,1.2,4,5,False,0.8
67488f96-0d49-4d3a-ae68-84a8934414b8,paid_google,general,35,46,1.3142857142857143,5,7,1.4,4,5,False,0.5
67488f96-0d49-4d3a-ae68-84a8934414b8,paid_other,general,35,38,1.0857142857142856,5,6,1.2,4,5,False,0.5
67488f96-0d49-4d3a-ae68-84a8934414b8,neural,general,35,82,2.342857142857143,5,12,2.4,4,11,False,0.36363636363636365
67488f96-0d49-4d3a-ae68-84a8934414b8,specialized,general,35,43,1.2285714285714286,5,6,1.2,4,5,False,0.2857142857142857
0491dcc1-ddd2-4bf1-84dc-3f2634f5de47,original_free,general,82,82,1.0,10,10,1.0,10,10,True,1.0
0491dcc1-ddd2-4bf1-84dc-3f2634f5de47,paid_brave,general,82,56,0.6829268292682927,10,8,0.8,10,8,False,0.38461538461538464
0491dcc1-ddd2-4bf1-84dc-3f2634f5de47,paid_google,general,82,67,0.8170731707317073,10,7,0.7,10,7,False,0.5454545454545454
0491dcc1-ddd2-4bf1-84dc-3f2634f5de47,paid_other,general,82,50,0.6097560975609756,10,7,0.7,10,7,False,0.3076923076923077
0491dcc1-ddd2-4bf1-84dc-3f2634f5de47,neural,general,82,282,3.4390243902439024,10,36,3.6,10,36,False,0.1794871794871795
0491dcc1-ddd2-4bf1-84dc-3f2634f5de47,specialized,general,82,56,0.6829268292682927,10,8,0.8,10,8,False,0.2857142857142857
653aabb0-1be9-4b0a-b828-1f0c74321a44,original_free,general,54,54,1.0,8,8,1.0,8,8,True,1.0
653aabb0-1be9-4b0a-b828-1f0c74321a44,paid_brave,general,54,72,1.3333333333333333,8,9,1.125,8,9,False,0.5454545454545454
653aabb0-1be9-4b0a-b828-1f0c74321a44,paid_google,general,54,72,1.3333333333333333,8,11,1.375,8,10,False,0.2
653aabb0-1be9-4b0a-b828-1f0c74321a44,paid_other,general,54,71,1.3148148148148149,8,10,1.25,8,9,False,0.13333333333333333
653aabb0-1be9-4b0a-b828-1f0c74321a44,neural,general,54,193,3.574074074074074,8,25,3.125,8,25,False,0.17857142857142858
653aabb0-1be9-4b0a-b828-1f0c74321a44,specialized,general,54,51,0.9444444444444444,8,6,0.75,8,6,False,0.2727272727272727
2008d8ce-c85d-48f3-80e4-1954371e8bdd,original_free,general,63,63,1.0,9,9,1.0,7,7,True,1.0
2008d8ce-c85d-48f3-80e4-1954371e8bdd,paid_brave,general,63,47,0.746031746031746,9,6,0.6666666666666666,7,5,False,0.3333333333333333
2008d8ce-c85d-48f3-80e4-1954371e8bdd,paid_google,general,63,42,0.6666666666666666,9,8,0.8888888888888888,7,6,False,0.08333333333333333
2008d8ce-c85d-48f3-80e4-1954371e8bdd,paid_other,general,63,38,0.6031746031746031,9,6,0.6666666666666666,7,5,False,0.2
2008d8ce-c85d-48f3-80e4-1954371e8bdd,neural,general,63,134,2.126984126984127,9,21,2.3333333333333335,7,20,False,0.22727272727272727
2008d8ce-c85d-48f3-80e4-1954371e8bdd,specialized,general,63,30,0.47619047619047616,9,5,0.5555555555555556,7,3,False,0.1111111111111111
971ee889-50ac-4796-826f-07fe11905a25,original_free,general,43,43,1.0,7,7,1.0,7,7,True,1.0
971ee889-50ac-4796-826f-07fe11905a25,paid_brave,general,43,62,1.441860465116279,7,10,1.4285714285714286,7,10,False,0.7
971ee889-50ac-4796-826f-07fe11905a25,paid_google,general,43,68,1.5813953488372092,7,9,1.2857142857142858,7,9,False,0.14285714285714285
971ee889-50ac-4796-826f-07fe11905a25,paid_other,general,43,64,1.4883720930232558,7,10,1.4285714285714286,7,9,False,0.23076923076923078
971ee889-50ac-4796-826f-07fe11905a25,neural,general,43,152,3.5348837209302326,7,21,3.0,7,20,False,0.125
971ee889-50ac-4796-826f-07fe11905a25,specialized,general,43,126,2.9302325581395348,7,10,1.4285714285714286,7,9,False,0.3333333333333333
6d916c99-937d-4ed2-8f5f-dec6c90e4369,original_free,general,73,73,1.0,9,9,1.0,9,9,True,1.0
6d916c99-937d-4ed2-8f5f-dec6c90e4369,paid_brave,general,73,64,0.8767123287671232,9,9,1.0,9,9,False,0.5
6d916c99-937d-4ed2-8f5f-dec6c90e4369,paid_google,general,73,56,0.7671232876712328,9,8,0.8888888888888888,9,8,False,0.4166666666666667
6d916c99-937d-4ed2-8f5f-dec6c90e4369,paid_other,general,73,58,0.7945205479452054,9,8,0.8888888888888888,9,8,False,0.3076923076923077
6d916c99-937d-4ed2-8f5f-dec6c90e4369,neural,general,73,203,2.780821917808219,9,30,3.3333333333333335,9,30,False,0.14705882352941177
6d916c99-937d-4ed2-8f5f-dec6c90e4369,specialized,general,73,77,1.0547945205479452,9,10,1.1111111111111112,9,8,False,0.5454545454545454
caa398dd-3e0f-41f9-9d2f-8b1b2bb92db5,original_free,general,48,48,1.0,7,7,1.0,6,6,True,1.0
caa398dd-3e0f-41f9-9d2f-8b1b2bb92db5,paid_brave,general,48,59,1.2291666666666667,7,9,1.2857142857142858,6,7,False,0.4444444444444444
caa398dd-3e0f-41f9-9d2f-8b1b2bb92db5,paid_google,general,48,68,1.4166666666666667,7,9,1.2857142857142858,6,8,False,0.5555555555555556
caa398dd-3e0f-41f9-9d2f-8b1b2bb92db5,paid_other,general,48,76,1.5833333333333333,7,9,1.2857142857142858,6,8,False,0.2727272727272727
caa398dd-3e0f-41f9-9d2f-8b1b2bb92db5,neural,general,48,121,2.5208333333333335,7,19,2.7142857142857144,6,19,False,0.19047619047619047
caa398dd-3e0f-41f9-9d2f-8b1b2bb92db5,specialized,general,48,62,1.2916666666666667,7,11,1.5714285714285714,6,10,False,0.3333333333333333
e9784d46-6eac-4acf-a575-0525f4187772,original_free,general,90,90,1.0,12,12,1.0,10,10,True,1.0
e9784d46-6eac-4acf-a575-0525f4187772,paid_brave,general,90,215,2.388888888888889,12,23,1.9166666666666667,10,22,False,0.45454545454545453
e9784d46-6eac-4acf-a575-0525f4187772,paid_google,general,90,215,2.388888888888889,12,23,1.9166666666666667,10,22,False,0.45454545454545453
e9784d46-6eac-4acf-a575-0525f4187772,paid_other,general,90,215,2.388888888888889,12,23,1.9166666666666667,10,22,False,0.45454545454545453
e9784d46-6eac-4acf-a575-0525f4187772,neural,general,90,90,1.0,12,12,1.0,10,10,True,1.0
e9784d46-6eac-4acf-a575-0525f4187772,specialized,general,90,90,1.0,12,12,1.0,10,10,True,1.0
f8c95cc4-068f-4ff5-9920-5eb6c5bf78e3,original_free,general,115,115,1.0,15,15,1.0,13,13,True,1.0
f8c95cc4-068f-4ff5-9920-5eb6c5bf78e3,paid_brave,general,115,242,2.1043478260869564,15,22,1.4666666666666666,13,20,False,0.65
f8c95cc4-068f-4ff5-9920-5eb6c5bf78e3,paid_google,general,115,242,2.1043478260869564,15,22,1.4666666666666666,13,20,False,0.65
f8c95cc4-068f-4ff5-9920-5eb6c5bf78e3,paid_other,general,115,242,2.1043478260869564,15,22,1.4666666666666666,13,20,False,0.65
f8c95cc4-068f-4ff5-9920-5eb6c5bf78e3,neural,general,115,115,1.0,15,15,1.0,13,13,True,1.0
f8c95cc4-068f-4ff5-9920-5eb6c5bf78e3,specialized,general,115,115,1.0,15,15,1.0,13,13,True,1.0
34b6c06e-dc8a-4e96-9cf0-8ec0852f15c7,original_free,general,4,4,1.0,1,1,1.0,1,1,True,1.0
34b6c06e-dc8a-4e96-9cf0-8ec0852f15c7,paid_brave,general,4,73,18.25,1,10,10.0,1,9,False,0.1111111111111111
34b6c06e-dc8a-4e96-9cf0-8ec0852f15c7,paid_google,general,4,59,14.75,1,7,7.0,1,7,False,0.14285714285714285
34b6c06e-dc8a-4e96-9cf0-8ec0852f15c7,paid_other,general,4,41,10.25,1,6,6.0,1,6,False,0.0
34b6c06e-dc8a-4e96-9cf0-8ec0852f15c7,neural,general,4,71,17.75,1,12,12.0,1,12,False,0.0
34b6c06e-dc8a-4e96-9cf0-8ec0852f15c7,specialized,general,4,44,11.0,1,7,7.0,1,6,False,0.0
b824c63a-a310-4f94-aba4-c2e5f1328d9a,original_free,general,86,86,1.0,12,12,1.0,11,11,True,1.0
b824c63a-a310-4f94-aba4-c2e5f1328d9a,paid_brave,general,86,195,2.2674418604651163,12,24,2.0,11,22,False,0.5
b824c63a-a310-4f94-aba4-c2e5f1328d9a,paid_google,general,86,195,2.2674418604651163,12,24,2.0,11,22,False,0.5
b824c63a-a310-4f94-aba4-c2e5f1328d9a,paid_other,general,86,195,2.2674418604651163,12,24,2.0,11,22,False,0.5
b824c63a-a310-4f94-aba4-c2e5f1328d9a,neural,general,86,86,1.0,12,12,1.0,11,11,True,1.0
b824c63a-a310-4f94-aba4-c2e5f1328d9a,specialized,general,86,86,1.0,12,12,1.0,11,11,True,1.0
d59f26d3-a634-4dc6-9c5d-cce8ebc71bff,original_free,general,112,112,1.0,14,14,1.0,14,14,True,1.0
d59f26d3-a634-4dc6-9c5d-cce8ebc71bff,paid_brave,general,112,81,0.7232142857142857,14,10,0.7142857142857143,14,9,False,0.35294117647058826
d59f26d3-a634-4dc6-9c5d-cce8ebc71bff,paid_google,general,112,73,0.6517857142857143,14,10,0.7142857142857143,14,9,False,0.21052631578947367
d59f26d3-a634-4dc6-9c5d-cce8ebc71bff,paid_other,general,112,74,0.6607142857142857,14,9,0.6428571428571429,14,9,False,0.2777777777777778
d59f26d3-a634-4dc6-9c5d-cce8ebc71bff,neural,general,112,190,1.6964285714285714,14,24,1.7142857142857142,14,23,False,0.37037037037037035
d59f26d3-a634-4dc6-9c5d-cce8ebc71bff,specialized,general,112,79,0.7053571428571429,14,9,0.6428571428571429,14,7,False,0.10526315789473684
08da862b-3d9a-4ab3-94b2-1cae75d41721,original_free,general,57,57,1.0,9,9,1.0,8,8,True,1.0
08da862b-3d9a-4ab3-94b2-1cae75d41721,paid_brave,general,57,50,0.8771929824561403,9,9,1.0,8,7,False,0.36363636363636365
08da862b-3d9a-4ab3-94b2-1cae75d41721,paid_google,general,57,50,0.8771929824561403,9,7,0.7777777777777778,8,7,False,0.36363636363636365
08da862b-3d9a-4ab3-94b2-1cae75d41721,paid_other,general,57,44,0.7719298245614035,9,7,0.7777777777777778,8,7,False,0.15384615384615385
08da862b-3d9a-4ab3-94b2-1cae75d41721,neural,general,57,144,2.526315789473684,9,21,2.3333333333333335,8,21,False,0.38095238095238093
08da862b-3d9a-4ab3-94b2-1cae75d41721,specialized,general,57,87,1.5263157894736843,9,13,1.4444444444444444,8,13,False,0.4
5a2b695f-2783-46a9-8f6c-98868a9f5002,original_free,general,54,54,1.0,7,7,1.0,7,7,True,1.0
5a2b695f-2783-46a9-8f6c-98868a9f5002,paid_brave,general,54,37,0.6851851851851852,7,6,0.8571428571428571,7,7,False,0.4
5a2b695f-2783-46a9-8f6c-98868a9f5002,paid_google,general,54,56,1.037037037037037,7,8,1.1428571428571428,7,8,False,0.6666666666666666
5a2b695f-2783-46a9-8f6c-98868a9f5002,paid_other,general,54,46,0.8518518518518519,7,8,1.1428571428571428,7,8,False,0.36363636363636365
5a2b695f-2783-46a9-8f6c-98868a9f5002,neural,general,54,103,1.9074074074074074,7,16,2.2857142857142856,7,16,False,0.4375
5a2b695f-2783-46a9-8f6c-98868a9f5002,specialized,general,54,46,0.8518518518518519,7,8,1.1428571428571428,7,6,False,0.3
7428d981-9515-46ed-98d7-eedd43a179af,original_free,general,51,51,1.0,9,9,1.0,8,8,True,1.0
7428d981-9515-46ed-98d7-eedd43a179af,paid_brave,general,51,46,0.9019607843137255,9,8,0.8888888888888888,8,6,False,0.4
7428d981-9515-46ed-98d7-eedd43a179af,paid_google,general,51,56,1.0980392156862746,9,9,1.0,8,8,False,0.6
7428d981-9515-46ed-98d7-eedd43a179af,paid_other,general,51,49,0.9607843137254902,9,8,0.8888888888888888,8,8,False,0.3333333333333333
7428d981-9515-46ed-98d7-eedd43a179af,neural,general,51,143,2.803921568627451,9,20,2.2222222222222223,8,20,False,0.2727272727272727
7428d981-9515-46ed-98d7-eedd43a179af,specialized,general,51,57,1.1176470588235294,9,9,1.0,8,8,False,0.3333333333333333
726e8072-dbd6-4ff7-8dc5-d91d05c8b71d,original_free,general,110,110,1.0,13,13,1.0,13,13,True,1.0
726e8072-dbd6-4ff7-8dc5-d91d05c8b71d,paid_brave,general,110,83,0.7545454545454545,13,9,0.6923076923076923,13,8,False,0.3125
726e8072-dbd6-4ff7-8dc5-d91d05c8b71d,paid_google,general,110,59,0.5363636363636364,13,7,0.5384615384615384,13,7,False,0.25
726e8072-dbd6-4ff7-8dc5-d91d05c8b71d,paid_other,general,110,48,0.43636363636363634,13,7,0.5384615384615384,13,7,False,0.0
726e8072-dbd6-4ff7-8dc5-d91d05c8b71d,neural,general,110,172,1.5636363636363637,13,23,1.7692307692307692,13,23,False,0.2413793103448276
726e8072-dbd6-4ff7-8dc5-d91d05c8b71d,specialized,general,110,61,0.5545454545454546,13,8,0.6153846153846154,13,6,False,0.1875
23cd58af-a8fa-488e-8bae-ef479fdf5cbd,original_free,general,86,86,1.0,9,9,1.0,8,8,True,1.0
23cd58af-a8fa-488e-8bae-ef479fdf5cbd,paid_brave,general,86,50,0.5813953488372093,9,7,0.7777777777777778,8,7,False,0.36363636363636365
23cd58af-a8fa-488e-8bae-ef479fdf5cbd,paid_google,general,86,80,0.9302325581395349,9,10,1.1111111111111112,8,8,False,0.3333333333333333
23cd58af-a8fa-488e-8bae-ef479fdf5cbd,paid_other,general,86,67,0.7790697674418605,9,9,1.0,8,9,False,0.5454545454545454
23cd58af-a8fa-488e-8bae-ef479fdf5cbd,neural,general,86,151,1.755813953488372,9,21,2.3333333333333335,8,21,False,0.3181818181818182
23cd58af-a8fa-488e-8bae-ef479fdf5cbd,specialized,general,86,83,0.9651162790697675,9,11,1.2222222222222223,8,8,False,0.14285714285714285
3e50e21d-762c-4bba-addd-983c63cdfa34,original_free,general,35,35,1.0,5,5,1.0,2,2,True,1.0
3e50e21d-762c-4bba-addd-983c63cdfa34,paid_brave,general,35,56,1.6,5,9,1.8,2,5,False,0.4
3e50e21d-762c-4bba-addd-983c63cdfa34,paid_google,general,35,73,2.085714285714286,5,9,1.8,2,7,False,0.2857142857142857
3e50e21d-762c-4bba-addd-983c63cdfa34,paid_other,general,35,59,1.6857142857142857,5,10,2.0,2,7,False,0.2857142857142857
3e50e21d-762c-4bba-addd-983c63cdfa34,neural,general,35,141,4.0285714285714285,5,18,3.6,2,18,False,0.0
3e50e21d-762c-4bba-addd-983c63cdfa34,specialized,general,35,52,1.4857142857142858,5,8,1.6,2,7,False,0.0
53a937ae-ab54-4637-b954-68f8a06fd1a1,original_free,general,69,69,1.0,9,9,1.0,6,6,True,1.0
53a937ae-ab54-4637-b954-68f8a06fd1a1,paid_brave,general,69,91,1.318840579710145,9,11,1.2222222222222223,6,8,False,0.75
53a937ae-ab54-4637-b954-68f8a06fd1a1,paid_google,general,69,72,1.0434782608695652,9,9,1.0,6,6,False,0.5
53a937ae-ab54-4637-b954-68f8a06fd1a1,paid_other,general,69,86,1.2463768115942029,9,13,1.4444444444444444,6,9,False,0.36363636363636365
53a937ae-ab54-4637-b954-68f8a06fd1a1,neural,general,69,180,2.608695652173913,9,27,3.0,6,22,False,0.21739130434782608
53a937ae-ab54-4637-b954-68f8a06fd1a1,specialized,general,69,99,1.434782608695652,9,13,1.4444444444444444,6,9,False,0.5
f250ada5-7ca8-4259-83ae-404e17423998,original_free,general,72,72,1.0,9,9,1.0,6,6,True,1.0
f250ada5-7ca8-4259-83ae-404e17423998,paid_brave,general,72,55,0.7638888888888888,9,10,1.1111111111111112,6,6,False,0.3333333333333333
f250ada5-7ca8-4259-83ae-404e17423998,paid_google,general,72,68,0.9444444444444444,9,10,1.1111111111111112,6,8,False,0.5555555555555556
f250ada5-7ca8-4259-83ae-404e17423998,paid_other,general,72,61,0.8472222222222222,9,9,1.0,6,7,False,0.18181818181818182
f250ada5-7ca8-4259-83ae-404e17423998,neural,general,72,109,1.5138888888888888,9,18,2.0,6,16,False,0.1
f250ada5-7ca8-4259-83ae-404e17423998,specialized,general,72,71,0.9861111111111112,9,11,1.2222222222222223,6,7,False,0.3
3bbdf982-3527-4b8a-9c40-59b4ee575b46,original_free,general,79,79,1.0,11,11,1.0,8,8,True,1.0
3bbdf982-3527-4b8a-9c40-59b4ee575b46,paid_brave,general,79,67,0.8481012658227848,11,11,1.0,8,7,False,0.36363636363636365
3bbdf982-3527-4b8a-9c40-59b4ee575b46,paid_google,general,79,77,0.9746835443037974,11,11,1.0,8,10,False,0.2857142857142857
3bbdf982-3527-4b8a-9c40-59b4ee575b46,paid_other,general,79,70,0.8860759493670886,11,11,1.0,8,9,False,0.13333333333333333
3bbdf982-3527-4b8a-9c40-59b4ee575b46,neural,general,79,204,2.5822784810126582,11,28,2.5454545454545454,8,27,False,0.20689655172413793
3bbdf982-3527-4b8a-9c40-59b4ee575b46,specialized,general,79,72,0.9113924050632911,11,9,0.8181818181818182,8,6,False,0.2727272727272727
46e10105-8e18-4f03-a97f-43e9b3db206f,original_free,general,66,66,1.0,10,10,1.0,8,8,True,1.0
46e10105-8e18-4f03-a97f-43e9b3db206f,paid_brave,general,66,71,1.0757575757575757,10,12,1.2,8,9,False,0.5454545454545454
46e10105-8e18-4f03-a97f-43e9b3db206f,paid_google,general,66,62,0.9393939393939394,10,10,1.0,8,8,False,0.45454545454545453
46e10105-8e18-4f03-a97f-43e9b3db206f,paid_other,general,66,68,1.0303030303030303,10,12,1.2,8,10,False,0.5
46e10105-8e18-4f03-a97f-43e9b3db206f,neural,general,66,182,2.757575757575758,10,26,2.6,8,26,False,0.1724137931034483
46e10105-8e18-4f03-a97f-43e9b3db206f,specialized,general,66,79,1.196969696969697,10,14,1.4,8,10,False,0.8
04f32696-5534-40f6-af39-ce76be29fd82,original_free,general,7,7,1.0,2,2,1.0,2,2,True,1.0
04f32696-5534-40f6-af39-ce76be29fd82,paid_brave,general,7,43,6.142857142857143,2,8,4.0,2,7,False,0.2857142857142857
04f32696-5534-40f6-af39-ce76be29fd82,paid_google,general,7,19,2.7142857142857144,2,4,2.0,2,4,False,0.5
04f32696-5534-40f6-af39-ce76be29fd82,paid_other,general,7,39,5.571428571428571,2,7,3.5,2,7,False,0.2857142857142857
04f32696-5534-40f6-af39-ce76be29fd82,neural,general,7,78,11.142857142857142,2,13,6.5,2,13,False,0.15384615384615385
04f32696-5534-40f6-af39-ce76be29fd82,specialized,general,7,43,6.142857142857143,2,8,4.0,2,6,False,0.3333333333333333
7f176fc8-84c8-4291-8399-535ea20c4156,original_free,general,55,55,1.0,9,9,1.0,9,9,True,1.0
7f176fc8-84c8-4291-8399-535ea20c4156,paid_brave,general,55,56,1.018181818181818,9,9,1.0,9,7,False,0.23076923076923078
7f176fc8-84c8-4291-8399-535ea20c4156,paid_google,general,55,58,1.0545454545454545,9,8,0.8888888888888888,9,8,False,0.3076923076923077
7f176fc8-84c8-4291-8399-535ea20c4156,paid_other,general,55,54,0.9818181818181818,9,9,1.0,9,9,False,0.2857142857142857
7f176fc8-84c8-4291-8399-535ea20c4156,neural,general,55,151,2.7454545454545456,9,20,2.2222222222222223,9,20,False,0.2608695652173913
7f176fc8-84c8-4291-8399-535ea20c4156,specialized,general,55,56,1.018181818181818,9,9,1.0,9,8,False,0.3076923076923077
43ae5558-52bb-4eda-a38c-714274e837f6,original_free,general,45,45,1.0,8,8,1.0,8,8,True,1.0
43ae5558-52bb-4eda-a38c-714274e837f6,paid_brave,general,45,59,1.3111111111111111,8,9,1.125,8,8,False,0.45454545454545453
43ae5558-52bb-4eda-a38c-714274e837f6,paid_google,general,45,59,1.3111111111111111,8,8,1.0,8,8,False,0.45454545454545453
43ae5558-52bb-4eda-a38c-714274e837f6,paid_other,general,45,67,1.488888888888889,8,10,1.25,8,10,False,0.5
43ae5558-52bb-4eda-a38c-714274e837f6,neural,general,45,172,3.8222222222222224,8,21,2.625,8,21,False,0.3181818181818182
43ae5558-52bb-4eda-a38c-714274e837f6,specialized,general,45,85,1.8888888888888888,8,10,1.25,8,8,False,0.23076923076923078
8c2270dd-d2c3-44b5-9590-9b5e90d2c3f4,original_free,general,47,47,1.0,6,6,1.0,6,6,True,1.0
8c2270dd-d2c3-44b5-9590-9b5e90d2c3f4,paid_brave,general,47,66,1.4042553191489362,6,8,1.3333333333333333,6,7,False,0.4444444444444444
8c2270dd-d2c3-44b5-9590-9b5e90d2c3f4,paid_google,general,47,86,1.8297872340425532,6,10,1.6666666666666667,6,10,False,0.6
8c2270dd-d2c3-44b5-9590-9b5e90d2c3f4,paid_other,general,47,90,1.9148936170212767,6,13,2.1666666666666665,6,12,False,0.5
8c2270dd-d2c3-44b5-9590-9b5e90d2c3f4,neural,general,47,170,3.617021276595745,6,24,4.0,6,24,False,0.25
8c2270dd-d2c3-44b5-9590-9b5e90d2c3f4,specialized,general,47,63,1.3404255319148937,6,9,1.5,6,7,False,0.3
ce5e9666-3677-46ab-bb79-6b2a78204226,original_free,general,81,81,1.0,10,10,1.0,10,10,True,1.0
ce5e9666-3677-46ab-bb79-6b2a78204226,paid_brave,general,81,68,0.8395061728395061,10,9,0.9,10,8,False,0.38461538461538464
ce5e9666-3677-46ab-bb79-6b2a78204226,paid_google,general,81,61,0.7530864197530864,10,7,0.7,10,7,False,0.5454545454545454
ce5e9666-3677-46ab-bb79-6b2a78204226,paid_other,general,81,58,0.7160493827160493,10,7,0.7,10,7,False,0.21428571428571427
ce5e9666-3677-46ab-bb79-6b2a78204226,neural,general,81,222,2.740740740740741,10,28,2.8,10,28,False,0.26666666666666666
ce5e9666-3677-46ab-bb79-6b2a78204226,specialized,general,81,87,1.0740740740740742,10,11,1.1,10,11,False,0.5
6413f295-f00f-47d3-b1fa-e43304106f5a,original_free,general,113,113,1.0,12,12,1.0,11,11,True,1.0
6413f295-f00f-47d3-b1fa-e43304106f5a,paid_brave,general,113,91,0.8053097345132744,12,12,1.0,11,9,False,0.6666666666666666
6413f295-f00f-47d3-b1fa-e43304106f5a,paid_google,general,113,82,0.7256637168141593,12,12,1.0,11,11,False,0.15789473684210525
6413f295-f00f-47d3-b1fa-e43304106f5a,paid_other,general,113,63,0.5575221238938053,12,8,0.6666666666666666,11,8,False,0.1875
6413f295-f00f-47d3-b1fa-e43304106f5a,neural,general,113,219,1.9380530973451326,12,26,2.1666666666666665,11,26,False,0.23333333333333334
6413f295-f00f-47d3-b1fa-e43304106f5a,specialized,general,113,77,0.6814159292035398,12,9,0.75,11,8,False,0.46153846153846156
aeaf88f1-1c63-450b-ba7a-088867303127,original_free,general,47,47,1.0,5,5,1.0,5,5,True,1.0
aeaf88f1-1c63-450b-ba7a-088867303127,paid_brave,general,47,75,1.5957446808510638,5,9,1.8,5,8,False,0.625
aeaf88f1-1c63-450b-ba7a-088867303127,paid_google,general,47,73,1.553191489361702,5,7,1.4,5,7,False,0.2
aeaf88f1-1c63-450b-ba7a-088867303127,paid_other,general,47,73,1.553191489361702,5,10,2.0,5,10,False,0.5
aeaf88f1-1c63-450b-ba7a-088867303127,neural,general,47,130,2.765957446808511,5,17,3.4,5,17,False,0.2222222222222222
aeaf88f1-1c63-450b-ba7a-088867303127,specialized,general,47,89,1.8936170212765957,5,11,2.2,5,9,False,0.2727272727272727
e06459d9-ddc3-4b65-84f6-04c60634fa4b,original_free,general,47,47,1.0,5,5,1.0,5,5,True,1.0
e06459d9-ddc3-4b65-84f6-04c60634fa4b,paid_brave,general,47,75,1.5957446808510638,5,9,1.8,5,8,False,0.625
e06459d9-ddc3-4b65-84f6-04c60634fa4b,paid_google,general,47,73,1.553191489361702,5,7,1.4,5,7,False,0.2
e06459d9-ddc3-4b65-84f6-04c60634fa4b,paid_other,general,47,73,1.553191489361702,5,10,2.0,5,10,False,0.5
e06459d9-ddc3-4b65-84f6-04c60634fa4b,neural,general,47,130,2.765957446808511,5,17,3.4,5,17,False,0.2222222222222222
e06459d9-ddc3-4b65-84f6-04c60634fa4b,specialized,general,47,89,1.8936170212765957,5,11,2.2,5,9,False,0.2727272727272727
75ac6791-8ff4-4fe9-9ce8-263f024fac03,original_free,general,7,7,1.0,2,2,1.0,2,2,True,1.0
75ac6791-8ff4-4fe9-9ce8-263f024fac03,paid_brave,general,7,27,3.857142857142857,2,4,2.0,2,4,False,0.5
75ac6791-8ff4-4fe9-9ce8-263f024fac03,paid_google,general,7,27,3.857142857142857,2,4,2.0,2,4,False,0.5
75ac6791-8ff4-4fe9-9ce8-263f024fac03,paid_other,general,7,27,3.857142857142857,2,4,2.0,2,4,False,0.5
75ac6791-8ff4-4fe9-9ce8-263f024fac03,neural,general,7,7,1.0,2,2,1.0,2,2,True,1.0
75ac6791-8ff4-4fe9-9ce8-263f024fac03,specialized,general,7,7,1.0,2,2,1.0,2,2,True,1.0
278436f3-c5aa-4573-ad03-d8d814aed9df,original_free,general,7,7,1.0,2,2,1.0,2,2,True,1.0
278436f3-c5aa-4573-ad03-d8d814aed9df,paid_brave,general,7,27,3.857142857142857,2,4,2.0,2,4,False,0.5
278436f3-c5aa-4573-ad03-d8d814aed9df,paid_google,general,7,27,3.857142857142857,2,4,2.0,2,4,False,0.5
278436f3-c5aa-4573-ad03-d8d814aed9df,paid_other,general,7,27,3.857142857142857,2,4,2.0,2,4,False,0.5
278436f3-c5aa-4573-ad03-d8d814aed9df,neural,general,7,7,1.0,2,2,1.0,2,2,True,1.0
278436f3-c5aa-4573-ad03-d8d814aed9df,specialized,general,7,7,1.0,2,2,1.0,2,2,True,1.0
7aecaf40-8f51-45cc-a554-eef092c40dc5,original_free,general,7,7,1.0,2,2,1.0,2,2,True,1.0
7aecaf40-8f51-45cc-a554-eef092c40dc5,paid_brave,general,7,27,3.857142857142857,2,4,2.0,2,4,False,0.5
7aecaf40-8f51-45cc-a554-eef092c40dc5,paid_google,general,7,27,3.857142857142857,2,4,2.0,2,4,False,0.5
7aecaf40-8f51-45cc-a554-eef092c40dc5,paid_other,general,7,27,3.857142857142857,2,4,2.0,2,4,False,0.5
7aecaf40-8f51-45cc-a554-eef092c40dc5,neural,general,7,7,1.0,2,2,1.0,2,2,True,1.0
7aecaf40-8f51-45cc-a554-eef092c40dc5,specialized,general,7,7,1.0,2,2,1.0,2,2,True,1.0
1072a343-7d01-44b6-83d2-ab297aa54dd9,original_free,general,7,7,1.0,2,2,1.0,2,2,True,1.0
1072a343-7d01-44b6-83d2-ab297aa54dd9,paid_brave,general,7,27,3.857142857142857,2,4,2.0,2,4,False,0.5
1072a343-7d01-44b6-83d2-ab297aa54dd9,paid_google,general,7,27,3.857142857142857,2,4,2.0,2,4,False,0.5
1072a343-7d01-44b6-83d2-ab297aa54dd9,paid_other,general,7,27,3.857142857142857,2,4,2.0,2,4,False,0.5
1072a343-7d01-44b6-83d2-ab297aa54dd9,neural,general,7,7,1.0,2,2,1.0,2,2,True,1.0
1072a343-7d01-44b6-83d2-ab297aa54dd9,specialized,general,7,7,1.0,2,2,1.0,2,2,True,1.0
94315ae4-7d84-4275-bf5d-3d0982c43333,original_free,general,77,77,1.0,10,10,1.0,9,9,True,1.0
94315ae4-7d84-4275-bf5d-3d0982c43333,paid_brave,general,77,165,2.142857142857143,10,17,1.7,9,17,False,0.5294117647058824
94315ae4-7d84-4275-bf5d-3d0982c43333,paid_google,general,77,165,2.142857142857143,10,17,1.7,9,17,False,0.5294117647058824
94315ae4-7d84-4275-bf5d-3d0982c43333,paid_other,general,77,165,2.142857142857143,10,17,1.7,9,17,False,0.5294117647058824
94315ae4-7d84-4275-bf5d-3d0982c43333,neural,general,77,77,1.0,10,10,1.0,9,9,True,1.0
94315ae4-7d84-4275-bf5d-3d0982c43333,specialized,general,77,77,1.0,10,10,1.0,9,9,True,1.0
e4601fd7-48d0-453c-b98f-4a0aa449740b,original_free,general,109,109,1.0,13,13,1.0,13,13,True,1.0
e4601fd7-48d0-453c-b98f-4a0aa449740b,paid_brave,general,109,267,2.44954128440367,13,22,1.6923076923076923,13,22,False,0.5909090909090909
e4601fd7-48d0-453c-b98f-4a0aa449740b,paid_google,general,109,267,2.44954128440367,13,22,1.6923076923076923,13,22,False,0.5909090909090909
e4601fd7-48d0-453c-b98f-4a0aa449740b,paid_other,general,109,267,2.44954128440367,13,22,1.6923076923076923,13,22,False,0.5909090909090909
e4601fd7-48d0-453c-b98f-4a0aa449740b,neural,general,109,109,1.0,13,13,1.0,13,13,True,1.0
e4601fd7-48d0-453c-b98f-4a0aa449740b,specialized,general,109,109,1.0,13,13,1.0,13,13,True,1.0
b2f94c6c-ec32-4bd4-8cc8-d54d930a75e5,original_free,general,114,114,1.0,13,13,1.0,13,13,True,1.0
b2f94c6c-ec32-4bd4-8cc8-d54d930a75e5,paid_brave,general,114,250,2.192982456140351,13,26,2.0,13,24,False,0.5416666666666666
b2f94c6c-ec32-4bd4-8cc8-d54d930a75e5,paid_google,general,114,250,2.192982456140351,13,26,2.0,13,24,False,0.5416666666666666
b2f94c6c-ec32-4bd4-8cc8-d54d930a75e5,paid_other,general,114,250,2.192982456140351,13,26,2.0,13,24,False,0.5416666666666666
b2f94c6c-ec32-4bd4-8cc8-d54d930a75e5,neural,general,114,114,1.0,13,13,1.0,13,13,True,1.0
b2f94c6c-ec32-4bd4-8cc8-d54d930a75e5,specialized,general,114,114,1.0,13,13,1.0,13,13,True,1.0
982729e8-04d2-46be-9a26-7ff85937a2a3,original_free,general,97,97,1.0,11,11,1.0,11,11,True,1.0
982729e8-04d2-46be-9a26-7ff85937a2a3,paid_brave,general,97,218,2.247422680412371,11,19,1.7272727272727273,11,19,False,0.5789473684210527
982729e8-04d2-46be-9a26-7ff85937a2a3,paid_google,general,97,218,2.247422680412371,11,19,1.7272727272727273,11,19,False,0.5789473684210527
982729e8-04d2-46be-9a26-7ff85937a2a3,paid_other,general,97,218,2.247422680412371,11,19,1.7272727272727273,11,19,False,0.5789473684210527
982729e8-04d2-46be-9a26-7ff85937a2a3,neural,general,97,97,1.0,11,11,1.0,11,11,True,1.0
982729e8-04d2-46be-9a26-7ff85937a2a3,specialized,general,97,97,1.0,11,11,1.0,11,11,True,1.0
ad041fb9-fe3a-4557-a727-01df5c7525c1,original_free,general,95,95,1.0,12,12,1.0,12,12,True,1.0
ad041fb9-fe3a-4557-a727-01df5c7525c1,paid_brave,general,95,228,2.4,12,19,1.5833333333333333,12,19,False,0.631578947368421
ad041fb9-fe3a-4557-a727-01df5c7525c1,paid_google,general,95,228,2.4,12,19,1.5833333333333333,12,19,False,0.631578947368421
ad041fb9-fe3a-4557-a727-01df5c7525c1,paid_other,general,95,228,2.4,12,19,1.5833333333333333,12,19,False,0.631578947368421
ad041fb9-fe3a-4557-a727-01df5c7525c1,neural,general,95,95,1.0,12,12,1.0,12,12,True,1.0
ad041fb9-fe3a-4557-a727-01df5c7525c1,specialized,general,95,95,1.0,12,12,1.0,12,12,True,1.0
a04e2ee1-79b7-4af2-929c-c6fef79e3a4c,original_free,general,105,105,1.0,12,12,1.0,12,12,True,1.0
a04e2ee1-79b7-4af2-929c-c6fef79e3a4c,paid_brave,general,105,241,2.295238095238095,12,19,1.5833333333333333,12,19,False,0.631578947368421
a04e2ee1-79b7-4af2-929c-c6fef79e3a4c,paid_google,general,105,241,2.295238095238095,12,19,1.5833333333333333,12,19,False,0.631578947368421
a04e2ee1-79b7-4af2-929c-c6fef79e3a4c,paid_other,general,105,241,2.295238095238095,12,19,1.5833333333333333,12,19,False,0.631578947368421
a04e2ee1-79b7-4af2-929c-c6fef79e3a4c,neural,general,105,105,1.0,12,12,1.0,12,12,True,1.0
a04e2ee1-79b7-4af2-929c-c6fef79e3a4c,specialized,general,105,105,1.0,12,12,1.0,12,12,True,1.0
a1335ec1-3c6d-4efd-a6a5-b91e84a6797a,original_free,general,95,95,1.0,13,13,1.0,13,13,True,1.0
a1335ec1-3c6d-4efd-a6a5-b91e84a6797a,paid_brave,general,95,247,2.6,13,25,1.9230769230769231,13,25,False,0.52
a1335ec1-3c6d-4efd-a6a5-b91e84a6797a,paid_google,general,95,247,2.6,13,25,1.9230769230769231,13,25,False,0.52
a1335ec1-3c6d-4efd-a6a5-b91e84a6797a,paid_other,general,95,247,2.6,13,25,1.9230769230769231,13,25,False,0.52
a1335ec1-3c6d-4efd-a6a5-b91e84a6797a,neural,general,95,95,1.0,13,13,1.0,13,13,True,1.0
a1335ec1-3c6d-4efd-a6a5-b91e84a6797a,specialized,general,95,95,1.0,13,13,1.0,13,13,True,1.0
cfb12cc3-33a0-4397-a70e-c80a284fc930,original_free,general,97,97,1.0,11,11,1.0,11,11,True,1.0
cfb12cc3-33a0-4397-a70e-c80a284fc930,paid_brave,general,97,216,2.2268041237113403,11,19,1.7272727272727273,11,19,False,0.5789473684210527
cfb12cc3-33a0-4397-a70e-c80a284fc930,paid_google,general,97,216,2.2268041237113403,11,19,1.7272727272727273,11,19,False,0.5789473684210527
cfb12cc3-33a0-4397-a70e-c80a284fc930,paid_other,general,97,216,2.2268041237113403,11,19,1.7272727272727273,11,19,False,0.5789473684210527
cfb12cc3-33a0-4397-a70e-c80a284fc930,neural,general,97,97,1.0,11,11,1.0,11,11,True,1.0
cfb12cc3-33a0-4397-a70e-c80a284fc930,specialized,general,97,97,1.0,11,11,1.0,11,11,True,1.0
6a320c07-9473-4117-8018-62bdd08695b1,original_free,general,105,105,1.0,12,12,1.0,12,12,True,1.0
6a320c07-9473-4117-8018-62bdd08695b1,paid_brave,general,105,240,2.2857142857142856,12,21,1.75,12,21,False,0.5714285714285714
6a320c07-9473-4117-8018-62bdd08695b1,paid_google,general,105,240,2.2857142857142856,12,21,1.75,12,21,False,0.5714285714285714
6a320c07-9473-4117-8018-62bdd08695b1,paid_other,general,105,240,2.2857142857142856,12,21,1.75,12,21,False,0.5714285714285714
6a320c07-9473-4117-8018-62bdd08695b1,neural,general,105,105,1.0,12,12,1.0,12,12,True,1.0
6a320c07-9473-4117-8018-62bdd08695b1,specialized,general,105,105,1.0,12,12,1.0,12,12,True,1.0
60621ba3-c2ab-4c84-8ae4-57499dc6d3a9,original_free,general,84,84,1.0,11,11,1.0,11,11,True,1.0
60621ba3-c2ab-4c84-8ae4-57499dc6d3a9,paid_brave,general,84,227,2.7023809523809526,11,19,1.7272727272727273,11,19,False,0.5789473684210527
60621ba3-c2ab-4c84-8ae4-57499dc6d3a9,paid_google,general,84,227,2.7023809523809526,11,19,1.7272727272727273,11,19,False,0.5789473684210527
60621ba3-c2ab-4c84-8ae4-57499dc6d3a9,paid_other,general,84,227,2.7023809523809526,11,19,1.7272727272727273,11,19,False,0.5789473684210527
60621ba3-c2ab-4c84-8ae4-57499dc6d3a9,neural,general,84,84,1.0,11,11,1.0,11,11,True,1.0
60621ba3-c2ab-4c84-8ae4-57499dc6d3a9,specialized,general,84,84,1.0,11,11,1.0,11,11,True,1.0
3afcb934-c8a9-40ca-8b34-f00a26cf0753,original_free,general,86,86,1.0,12,12,1.0,12,12,True,1.0
3afcb934-c8a9-40ca-8b34-f00a26cf0753,paid_brave,general,86,181,2.104651162790698,12,20,1.6666666666666667,12,20,False,0.6
3afcb934-c8a9-40ca-8b34-f00a26cf0753,paid_google,general,86,181,2.104651162790698,12,20,1.6666666666666667,12,20,False,0.6
3afcb934-c8a9-40ca-8b34-f00a26cf0753,paid_other,general,86,181,2.104651162790698,12,20,1.6666666666666667,12,20,False,0.6
3afcb934-c8a9-40ca-8b34-f00a26cf0753,neural,general,86,86,1.0,12,12,1.0,12,12,True,1.0
3afcb934-c8a9-40ca-8b34-f00a26cf0753,specialized,general,86,86,1.0,12,12,1.0,12,12,True,1.0
2ac8bbcd-4855-4f39-b339-60b095d8ed7a,original_free,general,105,105,1.0,12,12,1.0,12,12,True,1.0
2ac8bbcd-4855-4f39-b339-60b095d8ed7a,paid_brave,general,105,242,2.3047619047619046,12,15,1.25,12,15,False,0.8
2ac8bbcd-4855-4f39-b339-60b095d8ed7a,paid_google,general,105,242,2.3047619047619046,12,15,1.25,12,15,False,0.8
2ac8bbcd-4855-4f39-b339-60b095d8ed7a,paid_other,general,105,242,2.3047619047619046,12,15,1.25,12,15,False,0.8
2ac8bbcd-4855-4f39-b339-60b095d8ed7a,neural,general,105,105,1.0,12,12,1.0,12,12,True,1.0
2ac8bbcd-4855-4f39-b339-60b095d8ed7a,specialized,general,105,105,1.0,12,12,1.0,12,12,True,1.0
77b2d06f-36f3-4baf-8a0c-b5200e288437,original_free,general,120,120,1.0,14,14,1.0,14,14,True,1.0
77b2d06f-36f3-4baf-8a0c-b5200e288437,paid_brave,general,120,277,2.308333333333333,14,23,1.6428571428571428,14,23,False,0.6086956521739131
77b2d06f-36f3-4baf-8a0c-b5200e288437,paid_google,general,120,277,2.308333333333333,14,23,1.6428571428571428,14,23,False,0.6086956521739131
77b2d06f-36f3-4baf-8a0c-b5200e288437,paid_other,general,120,277,2.308333333333333,14,23,1.6428571428571428,14,23,False,0.6086956521739131
77b2d06f-36f3-4baf-8a0c-b5200e288437,neural,general,120,120,1.0,14,14,1.0,14,14,True,1.0
77b2d06f-36f3-4baf-8a0c-b5200e288437,specialized,general,120,120,1.0,14,14,1.0,14,14,True,1.0
eb820fef-f6d3-4235-822f-bdef0a3457bf,original_free,general,1,1,1.0,1,1,1.0,1,1,True,1.0
eb820fef-f6d3-4235-822f-bdef0a3457bf,paid_brave,general,1,14,14.0,1,2,2.0,1,2,False,0.0
eb820fef-f6d3-4235-822f-bdef0a3457bf,paid_google,general,1,9,9.0,1,2,2.0,1,2,False,0.5
eb820fef-f6d3-4235-822f-bdef0a3457bf,paid_other,general,1,9,9.0,1,2,2.0,1,2,False,0.5
eb820fef-f6d3-4235-822f-bdef0a3457bf,neural,general,1,1,1.0,1,1,1.0,1,1,True,1.0
eb820fef-f6d3-4235-822f-bdef0a3457bf,specialized,general,1,1,1.0,1,1,1.0,1,1,True,1.0
2508b6fe-faf2-4557-ae11-276c2eaf4442,original_free,general,7,7,1.0,2,2,1.0,2,2,True,1.0
2508b6fe-faf2-4557-ae11-276c2eaf4442,paid_brave,general,7,27,3.857142857142857,2,4,2.0,2,4,False,0.5
2508b6fe-faf2-4557-ae11-276c2eaf4442,paid_google,general,7,27,3.857142857142857,2,4,2.0,2,4,False,0.5
2508b6fe-faf2-4557-ae11-276c2eaf4442,paid_other,general,7,27,3.857142857142857,2,4,2.0,2,4,False,0.5
2508b6fe-faf2-4557-ae11-276c2eaf4442,neural,general,7,7,1.0,2,2,1.0,2,2,True,1.0
2508b6fe-faf2-4557-ae11-276c2eaf4442,specialized,general,7,7,1.0,2,2,1.0,2,2,True,1.0
5b91c1c2-6da3-4810-93c0-91f0e042d1d1,original_free,general,7,7,1.0,2,2,1.0,2,2,True,1.0
5b91c1c2-6da3-4810-93c0-91f0e042d1d1,paid_brave,general,7,27,3.857142857142857,2,4,2.0,2,4,False,0.5
5b91c1c2-6da3-4810-93c0-91f0e042d1d1,paid_google,general,7,27,3.857142857142857,2,4,2.0,2,4,False,0.5
5b91c1c2-6da3-4810-93c0-91f0e042d1d1,paid_other,general,7,27,3.857142857142857,2,4,2.0,2,4,False,0.5
5b91c1c2-6da3-4810-93c0-91f0e042d1d1,neural,general,7,7,1.0,2,2,1.0,2,2,True,1.0
5b91c1c2-6da3-4810-93c0-91f0e042d1d1,specialized,general,7,7,1.0,2,2,1.0,2,2,True,1.0
994ad3c7-2219-4a26-a603-8d7271956293,original_free,general,1,1,1.0,1,1,1.0,1,1,True,1.0
994ad3c7-2219-4a26-a603-8d7271956293,paid_brave,general,1,9,9.0,1,2,2.0,1,2,False,0.5
994ad3c7-2219-4a26-a603-8d7271956293,paid_google,general,1,9,9.0,1,2,2.0,1,2,False,0.5
994ad3c7-2219-4a26-a603-8d7271956293,paid_other,general,1,9,9.0,1,2,2.0,1,2,False,0.5
994ad3c7-2219-4a26-a603-8d7271956293,neural,general,1,1,1.0,1,1,1.0,1,1,True,1.0
994ad3c7-2219-4a26-a603-8d7271956293,specialized,general,1,1,1.0,1,1,1.0,1,1,True,1.0
d2d188ce-8720-425d-94cc-65a6b90e3282,original_free,general,7,7,1.0,2,2,1.0,2,2,True,1.0
d2d188ce-8720-425d-94cc-65a6b90e3282,paid_brave,general,7,29,4.142857142857143,2,3,1.5,2,3,False,0.0
d2d188ce-8720-425d-94cc-65a6b90e3282,paid_google,general,7,27,3.857142857142857,2,4,2.0,2,4,False,0.5
d2d188ce-8720-425d-94cc-65a6b90e3282,paid_other,general,7,27,3.857142857142857,2,4,2.0,2,4,False,0.5
d2d188ce-8720-425d-94cc-65a6b90e3282,neural,general,7,7,1.0,2,2,1.0,2,2,True,1.0
d2d188ce-8720-425d-94cc-65a6b90e3282,specialized,general,7,7,1.0,2,2,1.0,2,2,True,1.0
1b0ca779-e25e-40be-be74-fae4e26eea68,original_free,general,64,64,1.0,9,9,1.0,9,9,True,1.0
1b0ca779-e25e-40be-be74-fae4e26eea68,paid_brave,general,64,164,2.5625,9,13,1.4444444444444444,9,13,False,0.6923076923076923
1b0ca779-e25e-40be-be74-fae4e26eea68,paid_google,general,64,164,2.5625,9,13,1.4444444444444444,9,13,False,0.6923076923076923
1b0ca779-e25e-40be-be74-fae4e26eea68,paid_other,general,64,164,2.5625,9,13,1.4444444444444444,9,13,False,0.6923076923076923
1b0ca779-e25e-40be-be74-fae4e26eea68,neural,general,64,64,1.0,9,9,1.0,9,9,True,1.0
1b0ca779-e25e-40be-be74-fae4e26eea68,specialized,general,64,64,1.0,9,9,1.0,9,9,True,1.0
af4bad40-ee6d-46e1-bf6f-673513dec233,original_free,general,64,64,1.0,9,9,1.0,9,9,True,1.0
af4bad40-ee6d-46e1-bf6f-673513dec233,paid_brave,general,64,164,2.5625,9,13,1.4444444444444444,9,13,False,0.6923076923076923
af4bad40-ee6d-46e1-bf6f-673513dec233,paid_google,general,64,164,2.5625,9,13,1.4444444444444444,9,13,False,0.6923076923076923
af4bad40-ee6d-46e1-bf6f-673513dec233,paid_other,general,64,164,2.5625,9,13,1.4444444444444444,9,13,False,0.6923076923076923
af4bad40-ee6d-46e1-bf6f-673513dec233,neural,general,64,64,1.0,9,9,1.0,9,9,True,1.0
af4bad40-ee6d-46e1-bf6f-673513dec233,specialized,general,64,64,1.0,9,9,1.0,9,9,True,1.0
5d74fb4b-b8df-49aa-b952-b09a20bd1674,original_free,general,7,7,1.0,2,2,1.0,2,2,True,1.0
5d74fb4b-b8df-49aa-b952-b09a20bd1674,paid_brave,general,7,29,4.142857142857143,2,3,1.5,2,3,False,0.0
5d74fb4b-b8df-49aa-b952-b09a20bd1674,paid_google,general,7,27,3.857142857142857,2,4,2.0,2,4,False,0.5
5d74fb4b-b8df-49aa-b952-b09a20bd1674,paid_other,general,7,27,3.857142857142857,2,4,2.0,2,4,False,0.5
5d74fb4b-b8df-49aa-b952-b09a20bd1674,neural,general,7,7,1.0,2,2,1.0,2,2,True,1.0
5d74fb4b-b8df-49aa-b952-b09a20bd1674,specialized,general,7,7,1.0,2,2,1.0,2,2,True,1.0
577bda92-ad4a-4c66-b204-32763d1ea975,original_free,general,7,7,1.0,2,2,1.0,2,2,True,1.0
577bda92-ad4a-4c66-b204-32763d1ea975,paid_brave,general,7,29,4.142857142857143,2,3,1.5,2,3,False,0.0
577bda92-ad4a-4c66-b204-32763d1ea975,paid_google,general,7,27,3.857142857142857,2,4,2.0,2,4,False,0.5
577bda92-ad4a-4c66-b204-32763d1ea975,paid_other,general,7,27,3.857142857142857,2,4,2.0,2,4,False,0.5
577bda92-ad4a-4c66-b204-32763d1ea975,neural,general,7,7,1.0,2,2,1.0,2,2,True,1.0
577bda92-ad4a-4c66-b204-32763d1ea975,specialized,general,7,7,1.0,2,2,1.0,2,2,True,1.0
a5effc43-f12f-4f5c-aa0f-7fbf399ee83f,original_free,general,7,7,1.0,2,2,1.0,2,2,True,1.0
a5effc43-f12f-4f5c-aa0f-7fbf399ee83f,paid_brave,general,7,29,4.142857142857143,2,3,1.5,2,3,False,0.0
a5effc43-f12f-4f5c-aa0f-7fbf399ee83f,paid_google,general,7,27,3.857142857142857,2,4,2.0,2,4,False,0.5
a5effc43-f12f-4f5c-aa0f-7fbf399ee83f,paid_other,general,7,27,3.857142857142857,2,4,2.0,2,4,False,0.5
a5effc43-f12f-4f5c-aa0f-7fbf399ee83f,neural,general,7,7,1.0,2,2,1.0,2,2,True,1.0
a5effc43-f12f-4f5c-aa0f-7fbf399ee83f,specialized,general,7,7,1.0,2,2,1.0,2,2,True,1.0
f4aae70c-b1a6-404a-b61f-dc653e4a8dff,original_free,general,7,7,1.0,2,2,1.0,2,2,True,1.0
f4aae70c-b1a6-404a-b61f-dc653e4a8dff,paid_brave,general,7,29,4.142857142857143,2,3,1.5,2,3,False,0.0
f4aae70c-b1a6-404a-b61f-dc653e4a8dff,paid_google,general,7,27,3.857142857142857,2,4,2.0,2,4,False,0.5
f4aae70c-b1a6-404a-b61f-dc653e4a8dff,paid_other,general,7,27,3.857142857142857,2,4,2.0,2,4,False,0.5
f4aae70c-b1a6-404a-b61f-dc653e4a8dff,neural,general,7,7,1.0,2,2,1.0,2,2,True,1.0
f4aae70c-b1a6-404a-b61f-dc653e4a8dff,specialized,general,7,7,1.0,2,2,1.0,2,2,True,1.0
7de06311-2e45-461a-9164-d5ec42663991,original_free,general,7,7,1.0,2,2,1.0,2,2,True,1.0
7de06311-2e45-461a-9164-d5ec42663991,paid_brave,general,7,29,4.142857142857143,2,3,1.5,2,3,False,0.0
7de06311-2e45-461a-9164-d5ec42663991,paid_google,general,7,27,3.857142857142857,2,4,2.0,2,4,False,0.5
7de06311-2e45-461a-9164-d5ec42663991,paid_other,general,7,27,3.857142857142857,2,4,2.0,2,4,False,0.5
7de06311-2e45-461a-9164-d5ec42663991,neural,general,7,7,1.0,2,2,1.0,2,2,True,1.0
7de06311-2e45-461a-9164-d5ec42663991,specialized,general,7,7,1.0,2,2,1.0,2,2,True,1.0
6c1bef1e-3a1c-484a-a107-6462f9e6ec53,original_free,general,7,7,1.0,2,2,1.0,2,2,True,1.0
6c1bef1e-3a1c-484a-a107-6462f9e6ec53,paid_brave,general,7,29,4.142857142857143,2,3,1.5,2,3,False,0.0
6c1bef1e-3a1c-484a-a107-6462f9e6ec53,paid_google,general,7,27,3.857142857142857,2,4,2.0,2,4,False,0.5
6c1bef1e-3a1c-484a-a107-6462f9e6ec53,paid_other,general,7,27,3.857142857142857,2,4,2.0,2,4,False,0.5
6c1bef1e-3a1c-484a-a107-6462f9e6ec53,neural,general,7,7,1.0,2,2,1.0,2,2,True,1.0
6c1bef1e-3a1c-484a-a107-6462f9e6ec53,specialized,general,7,7,1.0,2,2,1.0,2,2,True,1.0
50924a1a-4fe8-4cc0-ac0b-0ef3e39f1bbf,original_free,general,7,7,1.0,2,2,1.0,2,2,True,1.0
50924a1a-4fe8-4cc0-ac0b-0ef3e39f1bbf,paid_brave,general,7,29,4.142857142857143,2,3,1.5,2,3,False,0.0
50924a1a-4fe8-4cc0-ac0b-0ef3e39f1bbf,paid_google,general,7,27,3.857142857142857,2,4,2.0,2,4,False,0.5
50924a1a-4fe8-4cc0-ac0b-0ef3e39f1bbf,paid_other,general,7,27,3.857142857142857,2,4,2.0,2,4,False,0.5
50924a1a-4fe8-4cc0-ac0b-0ef3e39f1bbf,neural,general,7,7,1.0,2,2,1.0,2,2,True,1.0
50924a1a-4fe8-4cc0-ac0b-0ef3e39f1bbf,specialized,general,7,7,1.0,2,2,1.0,2,2,True,1.0
edd1e4ed-038f-4c15-bd5b-6223e204a6c9,original_free,general,7,7,1.0,2,2,1.0,2,2,True,1.0
edd1e4ed-038f-4c15-bd5b-6223e204a6c9,paid_brave,general,7,29,4.142857142857143,2,3,1.5,2,3,False,0.0
edd1e4ed-038f-4c15-bd5b-6223e204a6c9,paid_google,general,7,27,3.857142857142857,2,4,2.0,2,4,False,0.5
edd1e4ed-038f-4c15-bd5b-6223e204a6c9,paid_other,general,7,27,3.857142857142857,2,4,2.0,2,4,False,0.5
edd1e4ed-038f-4c15-bd5b-6223e204a6c9,neural,general,7,7,1.0,2,2,1.0,2,2,True,1.0
edd1e4ed-038f-4c15-bd5b-6223e204a6c9,specialized,general,7,7,1.0,2,2,1.0,2,2,True,1.0
e1f59c4d-2a45-4ae0-8a36-6f3cb897b53d,original_free,general,7,7,1.0,2,2,1.0,2,2,True,1.0
e1f59c4d-2a45-4ae0-8a36-6f3cb897b53d,paid_brave,general,7,29,4.142857142857143,2,3,1.5,2,3,False,0.0
e1f59c4d-2a45-4ae0-8a36-6f3cb897b53d,paid_google,general,7,27,3.857142857142857,2,4,2.0,2,4,False,0.5
e1f59c4d-2a45-4ae0-8a36-6f3cb897b53d,paid_other,general,7,27,3.857142857142857,2,4,2.0,2,4,False,0.5
e1f59c4d-2a45-4ae0-8a36-6f3cb897b53d,neural,general,7,7,1.0,2,2,1.0,2,2,True,1.0
e1f59c4d-2a45-4ae0-8a36-6f3cb897b53d,specialized,general,7,7,1.0,2,2,1.0,2,2,True,1.0
00b7f89e-cdd6-4e34-9a90-bbda53733270,original_free,general,7,7,1.0,2,2,1.0,2,2,True,1.0
00b7f89e-cdd6-4e34-9a90-bbda53733270,paid_brave,general,7,29,4.142857142857143,2,3,1.5,2,3,False,0.0
00b7f89e-cdd6-4e34-9a90-bbda53733270,paid_google,general,7,27,3.857142857142857,2,4,2.0,2,4,False,0.5
00b7f89e-cdd6-4e34-9a90-bbda53733270,paid_other,general,7,27,3.857142857142857,2,4,2.0,2,4,False,0.5
00b7f89e-cdd6-4e34-9a90-bbda53733270,neural,general,7,7,1.0,2,2,1.0,2,2,True,1.0
00b7f89e-cdd6-4e34-9a90-bbda53733270,specialized,general,7,7,1.0,2,2,1.0,2,2,True,1.0
16b5e635-462a-43a2-8327-5c2e475e2968,original_free,general,7,7,1.0,2,2,1.0,2,2,True,1.0
16b5e635-462a-43a2-8327-5c2e475e2968,paid_brave,general,7,29,4.142857142857143,2,3,1.5,2,3,False,0.0
16b5e635-462a-43a2-8327-5c2e475e2968,paid_google,general,7,27,3.857142857142857,2,4,2.0,2,4,False,0.5
16b5e635-462a-43a2-8327-5c2e475e2968,paid_other,general,7,27,3.857142857142857,2,4,2.0,2,4,False,0.5
16b5e635-462a-43a2-8327-5c2e475e2968,neural,general,7,7,1.0,2,2,1.0,2,2,True,1.0
16b5e635-462a-43a2-8327-5c2e475e2968,specialized,general,7,7,1.0,2,2,1.0,2,2,True,1.0
3d80fc9a-0064-4231-aa23-f088e898ab0d,original_free,general,7,7,1.0,2,2,1.0,2,2,True,1.0
3d80fc9a-0064-4231-aa23-f088e898ab0d,paid_brave,general,7,29,4.142857142857143,2,3,1.5,2,3,False,0.0
3d80fc9a-0064-4231-aa23-f088e898ab0d,paid_google,general,7,27,3.857142857142857,2,4,2.0,2,4,False,0.5
3d80fc9a-0064-4231-aa23-f088e898ab0d,paid_other,general,7,27,3.857142857142857,2,4,2.0,2,4,False,0.5
3d80fc9a-0064-4231-aa23-f088e898ab0d,neural,general,7,7,1.0,2,2,1.0,2,2,True,1.0
3d80fc9a-0064-4231-aa23-f088e898ab0d,specialized,general,7,7,1.0,2,2,1.0,2,2,True,1.0
ee706abd-d8bd-45ab-8a71-ecb2684a0aab,original_free,general,7,7,1.0,2,2,1.0,2,2,True,1.0
ee706abd-d8bd-45ab-8a71-ecb2684a0aab,paid_brave,general,7,29,4.142857142857143,2,3,1.5,2,3,False,0.0
ee706abd-d8bd-45ab-8a71-ecb2684a0aab,paid_google,general,7,27,3.857142857142857,2,4,2.0,2,4,False,0.5
ee706abd-d8bd-45ab-8a71-ecb2684a0aab,paid_other,general,7,27,3.857142857142857,2,4,2.0,2,4,False,0.5
ee706abd-d8bd-45ab-8a71-ecb2684a0aab,neural,general,7,7,1.0,2,2,1.0,2,2,True,1.0
ee706abd-d8bd-45ab-8a71-ecb2684a0aab,specialized,general,7,7,1.0,2,2,1.0,2,2,True,1.0
e7737246-539a-4ee7-aa0e-b9ab91e4178e,original_free,general,78,78,1.0,11,11,1.0,8,8,True,1.0
e7737246-539a-4ee7-aa0e-b9ab91e4178e,paid_brave,general,78,182,2.3333333333333335,11,16,1.4545454545454546,8,13,False,0.6153846153846154
e7737246-539a-4ee7-aa0e-b9ab91e4178e,paid_google,general,78,182,2.3333333333333335,11,16,1.4545454545454546,8,13,False,0.6153846153846154
e7737246-539a-4ee7-aa0e-b9ab91e4178e,paid_other,general,78,182,2.3333333333333335,11,16,1.4545454545454546,8,13,False,0.6153846153846154
e7737246-539a-4ee7-aa0e-b9ab91e4178e,neural,general,78,78,1.0,11,11,1.0,8,8,True,1.0
e7737246-539a-4ee7-aa0e-b9ab91e4178e,specialized,general,78,78,1.0,11,11,1.0,8,8,True,1.0
ff2df774-8d22-4909-ae19-95d426a89530,original_free,general,51,51,1.0,9,9,1.0,7,7,True,1.0
ff2df774-8d22-4909-ae19-95d426a89530,paid_brave,general,51,168,3.2941176470588234,9,17,1.8888888888888888,7,15,False,0.4666666666666667
ff2df774-8d22-4909-ae19-95d426a89530,paid_google,general,51,168,3.2941176470588234,9,17,1.8888888888888888,7,15,False,0.4666666666666667
ff2df774-8d22-4909-ae19-95d426a89530,paid_other,general,51,168,3.2941176470588234,9,17,1.8888888888888888,7,15,False,0.4666666666666667
ff2df774-8d22-4909-ae19-95d426a89530,neural,general,51,51,1.0,9,9,1.0,7,7,True,1.0
ff2df774-8d22-4909-ae19-95d426a89530,specialized,general,51,51,1.0,9,9,1.0,7,7,True,1.0
fa427d9f-6b56-452f-9d2d-9cfd4f5d647f,original_free,general,70,70,1.0,9,9,1.0,9,9,True,1.0
fa427d9f-6b56-452f-9d2d-9cfd4f5d647f,paid_brave,general,70,198,2.8285714285714287,9,20,2.2222222222222223,9,20,False,0.45
fa427d9f-6b56-452f-9d2d-9cfd4f5d647f,paid_google,general,70,198,2.8285714285714287,9,20,2.2222222222222223,9,20,False,0.45
fa427d9f-6b56-452f-9d2d-9cfd4f5d647f,paid_other,general,70,198,2.8285714285714287,9,20,2.2222222222222223,9,20,False,0.45
fa427d9f-6b56-452f-9d2d-9cfd4f5d647f,neural,general,70,70,1.0,9,9,1.0,9,9,True,1.0
fa427d9f-6b56-452f-9d2d-9cfd4f5d647f,specialized,general,70,70,1.0,9,9,1.0,9,9,True,1.0
ced51279-8e65-4d04-a15b-6d278c595c85,original_free,general,56,56,1.0,9,9,1.0,7,7,True,1.0
ced51279-8e65-4d04-a15b-6d278c595c85,paid_brave,general,56,166,2.9642857142857144,9,21,2.3333333333333335,7,19,False,0.3684210526315789
ced51279-8e65-4d04-a15b-6d278c595c85,paid_google,general,56,166,2.9642857142857144,9,21,2.3333333333333335,7,19,False,0.3684210526315789
ced51279-8e65-4d04-a15b-6d278c595c85,paid_other,general,56,166,2.9642857142857144,9,21,2.3333333333333335,7,19,False,0.3684210526315789
ced51279-8e65-4d04-a15b-6d278c595c85,neural,general,56,56,1.0,9,9,1.0,7,7,True,1.0
ced51279-8e65-4d04-a15b-6d278c595c85,specialized,general,56,56,1.0,9,9,1.0,7,7,True,1.0
80242102-1e23-45e8-b2aa-4d15fcc88d49,original_free,general,79,79,1.0,12,12,1.0,12,12,True,1.0
80242102-1e23-45e8-b2aa-4d15fcc88d49,paid_brave,general,79,162,2.050632911392405,12,16,1.3333333333333333,12,16,False,0.75
80242102-1e23-45e8-b2aa-4d15fcc88d49,paid_google,general,79,162,2.050632911392405,12,16,1.3333333333333333,12,16,False,0.75
80242102-1e23-45e8-b2aa-4d15fcc88d49,paid_other,general,79,162,2.050632911392405,12,16,1.3333333333333333,12,16,False,0.75
80242102-1e23-45e8-b2aa-4d15fcc88d49,neural,general,79,79,1.0,12,12,1.0,12,12,True,1.0
80242102-1e23-45e8-b2aa-4d15fcc88d49,specialized,general,79,79,1.0,12,12,1.0,12,12,True,1.0
5453bd7b-8c66-41fa-84eb-1541c9160d68,original_free,general,64,64,1.0,8,8,1.0,8,8,True,1.0
5453bd7b-8c66-41fa-84eb-1541c9160d68,paid_brave,general,64,114,1.78125,8,9,1.125,8,9,False,0.8888888888888888
5453bd7b-8c66-41fa-84eb-1541c9160d68,paid_google,general,64,114,1.78125,8,9,1.125,8,9,False,0.8888888888888888
5453bd7b-8c66-41fa-84eb-1541c9160d68,paid_other,general,64,114,1.78125,8,9,1.125,8,9,False,0.8888888888888888
5453bd7b-8c66-41fa-84eb-1541c9160d68,neural,general,64,64,1.0,8,8,1.0,8,8,True,1.0
5453bd7b-8c66-41fa-84eb-1541c9160d68,specialized,general,64,64,1.0,8,8,1.0,8,8,True,1.0
12335093-babd-4598-8924-e08ed77e2c33,original_free,general,74,74,1.0,11,11,1.0,10,10,True,1.0
12335093-babd-4598-8924-e08ed77e2c33,paid_brave,general,74,181,2.445945945945946,11,15,1.3636363636363635,10,14,False,0.7142857142857143
12335093-babd-4598-8924-e08ed77e2c33,paid_google,general,74,181,2.445945945945946,11,15,1.3636363636363635,10,14,False,0.7142857142857143
12335093-babd-4598-8924-e08ed77e2c33,paid_other,general,74,181,2.445945945945946,11,15,1.3636363636363635,10,14,False,0.7142857142857143
12335093-babd-4598-8924-e08ed77e2c33,neural,general,74,74,1.0,11,11,1.0,10,10,True,1.0
12335093-babd-4598-8924-e08ed77e2c33,specialized,general,74,74,1.0,11,11,1.0,10,10,True,1.0
38d79892-cbe4-4f5e-a368-d21f269d33fd,original_free,general,61,61,1.0,8,8,1.0,8,8,True,1.0
38d79892-cbe4-4f5e-a368-d21f269d33fd,paid_brave,general,61,61,1.0,8,8,1.0,8,8,True,1.0
38d79892-cbe4-4f5e-a368-d21f269d33fd,paid_google,general,61,61,1.0,8,8,1.0,8,8,True,1.0
38d79892-cbe4-4f5e-a368-d21f269d33fd,paid_other,general,61,61,1.0,8,8,1.0,8,8,True,1.0
38d79892-cbe4-4f5e-a368-d21f269d33fd,neural,general,61,61,1.0,8,8,1.0,8,8,True,1.0
38d79892-cbe4-4f5e-a368-d21f269d33fd,specialized,general,61,61,1.0,8,8,1.0,8,8,True,1.0
cdfd6a14-0d96-4c2f-8194-6693404218b2,original_free,general,68,68,1.0,10,10,1.0,9,9,True,1.0
cdfd6a14-0d96-4c2f-8194-6693404218b2,paid_brave,general,68,138,2.0294117647058822,10,12,1.2,9,11,False,0.8181818181818182
cdfd6a14-0d96-4c2f-8194-6693404218b2,paid_google,general,68,138,2.0294117647058822,10,12,1.2,9,11,False,0.8181818181818182
cdfd6a14-0d96-4c2f-8194-6693404218b2,paid_other,general,68,138,2.0294117647058822,10,12,1.2,9,11,False,0.8181818181818182
cdfd6a14-0d96-4c2f-8194-6693404218b2,neural,general,68,68,1.0,10,10,1.0,9,9,True,1.0
cdfd6a14-0d96-4c2f-8194-6693404218b2,specialized,general,68,68,1.0,10,10,1.0,9,9,True,1.0
af9808ff-13cd-41fd-9222-ff548cd13f66,original_free,general,72,72,1.0,9,9,1.0,8,8,True,1.0
af9808ff-13cd-41fd-9222-ff548cd13f66,paid_brave,general,72,110,1.5277777777777777,9,11,1.2222222222222223,8,10,False,0.8
af9808ff-13cd-41fd-9222-ff548cd13f66,paid_google,general,72,110,1.5277777777777777,9,11,1.2222222222222223,8,10,False,0.8
af9808ff-13cd-41fd-9222-ff548cd13f66,paid_other,general,72,110,1.5277777777777777,9,11,1.2222222222222223,8,10,False,0.8
af9808ff-13cd-41fd-9222-ff548cd13f66,neural,general,72,72,1.0,9,9,1.0,8,8,True,1.0
af9808ff-13cd-41fd-9222-ff548cd13f66,specialized,general,72,72,1.0,9,9,1.0,8,8,True,1.0
6ac7d769-520f-4e69-8ca7-ee2aa2fbbd38,original_free,general,52,52,1.0,6,6,1.0,6,6,True,1.0
6ac7d769-520f-4e69-8ca7-ee2aa2fbbd38,paid_brave,general,52,132,2.5384615384615383,6,7,1.1666666666666667,6,7,False,0.8571428571428571
6ac7d769-520f-4e69-8ca7-ee2aa2fbbd38,paid_google,general,52,132,2.5384615384615383,6,7,1.1666666666666667,6,7,False,0.8571428571428571
6ac7d769-520f-4e69-8ca7-ee2aa2fbbd38,paid_other,general,52,132,2.5384615384615383,6,7,1.1666666666666667,6,7,False,0.8571428571428571
6ac7d769-520f-4e69-8ca7-ee2aa2fbbd38,neural,general,52,52,1.0,6,6,1.0,6,6,True,1.0
6ac7d769-520f-4e69-8ca7-ee2aa2fbbd38,specialized,general,52,52,1.0,6,6,1.0,6,6,True,1.0
c760a8ae-de33-47bf-bde1-5bb414447092,original_free,general,108,108,1.0,10,10,1.0,8,8,True,1.0
c760a8ae-de33-47bf-bde1-5bb414447092,paid_brave,general,108,193,1.787037037037037,10,15,1.5,8,14,False,0.5714285714285714
c760a8ae-de33-47bf-bde1-5bb414447092,paid_google,general,108,193,1.787037037037037,10,15,1.5,8,14,False,0.5714285714285714
c760a8ae-de33-47bf-bde1-5bb414447092,paid_other,general,108,193,1.787037037037037,10,15,1.5,8,14,False,0.5714285714285714
c760a8ae-de33-47bf-bde1-5bb414447092,neural,general,108,108,1.0,10,10,1.0,8,8,True,1.0
c760a8ae-de33-47bf-bde1-5bb414447092,specialized,general,108,108,1.0,10,10,1.0,8,8,True,1.0
39e14779-b329-4d7c-b376-f587d6ff6c89,original_free,general,70,70,1.0,8,8,1.0,8,8,True,1.0
39e14779-b329-4d7c-b376-f587d6ff6c89,paid_brave,general,70,125,1.7857142857142858,8,13,1.625,8,13,False,0.6153846153846154
39e14779-b329-4d7c-b376-f587d6ff6c89,paid_google,general,70,125,1.7857142857142858,8,13,1.625,8,13,False,0.6153846153846154
39e14779-b329-4d7c-b376-f587d6ff6c89,paid_other,general,70,125,1.7857142857142858,8,13,1.625,8,13,False,0.6153846153846154
39e14779-b329-4d7c-b376-f587d6ff6c89,neural,general,70,70,1.0,8,8,1.0,8,8,True,1.0
39e14779-b329-4d7c-b376-f587d6ff6c89,specialized,general,70,70,1.0,8,8,1.0,8,8,True,1.0
4f89645d-d128-4031-9eaa-3a7d6648df23,original_free,general,64,64,1.0,7,7,1.0,6,6,True,1.0
4f89645d-d128-4031-9eaa-3a7d6648df23,paid_brave,general,64,220,3.4375,7,11,1.5714285714285714,6,11,False,0.5454545454545454
4f89645d-d128-4031-9eaa-3a7d6648df23,paid_google,general,64,220,3.4375,7,11,1.5714285714285714,6,11,False,0.5454545454545454
4f89645d-d128-4031-9eaa-3a7d6648df23,paid_other,general,64,220,3.4375,7,11,1.5714285714285714,6,11,False,0.5454545454545454
4f89645d-d128-4031-9eaa-3a7d6648df23,neural,general,64,64,1.0,7,7,1.0,6,6,True,1.0
4f89645d-d128-4031-9eaa-3a7d6648df23,specialized,general,64,64,1.0,7,7,1.0,6,6,True,1.0
23274dcc-cc03-4a1b-926e-300d7bc1f82f,original_free,general,63,63,1.0,8,8,1.0,8,8,True,1.0
23274dcc-cc03-4a1b-926e-300d7bc1f82f,paid_brave,general,63,142,2.253968253968254,8,17,2.125,8,15,False,0.5333333333333333
23274dcc-cc03-4a1b-926e-300d7bc1f82f,paid_google,general,63,142,2.253968253968254,8,17,2.125,8,15,False,0.5333333333333333
23274dcc-cc03-4a1b-926e-300d7bc1f82f,paid_other,general,63,142,2.253968253968254,8,17,2.125,8,15,False,0.5333333333333333
23274dcc-cc03-4a1b-926e-300d7bc1f82f,neural,general,63,63,1.0,8,8,1.0,8,8,True,1.0
23274dcc-cc03-4a1b-926e-300d7bc1f82f,specialized,general,63,63,1.0,8,8,1.0,8,8,True,1.0
ea0bc351-df32-4176-8749-e3042d30adf6,original_free,general,77,77,1.0,10,10,1.0,8,8,True,1.0
ea0bc351-df32-4176-8749-e3042d30adf6,paid_brave,general,77,175,2.272727272727273,10,17,1.7,8,14,False,0.5714285714285714
ea0bc351-df32-4176-8749-e3042d30adf6,paid_google,general,77,175,2.272727272727273,10,17,1.7,8,14,False,0.5714285714285714
ea0bc351-df32-4176-8749-e3042d30adf6,paid_other,general,77,175,2.272727272727273,10,17,1.7,8,14,False,0.5714285714285714
ea0bc351-df32-4176-8749-e3042d30adf6,neural,general,77,77,1.0,10,10,1.0,8,8,True,1.0
ea0bc351-df32-4176-8749-e3042d30adf6,specialized,general,77,77,1.0,10,10,1.0,8,8,True,1.0
d803118b-4a57-4304-803d-6f27e2cf167c,original_free,general,89,89,1.0,10,10,1.0,6,6,True,1.0
d803118b-4a57-4304-803d-6f27e2cf167c,paid_brave,general,89,185,2.0786516853932584,10,19,1.9,6,14,False,0.42857142857142855
d803118b-4a57-4304-803d-6f27e2cf167c,paid_google,general,89,185,2.0786516853932584,10,19,1.9,6,14,False,0.42857142857142855
d803118b-4a57-4304-803d-6f27e2cf167c,paid_other,general,89,185,2.0786516853932584,10,19,1.9,6,14,False,0.42857142857142855
d803118b-4a57-4304-803d-6f27e2cf167c,neural,general,89,89,1.0,10,10,1.0,6,6,True,1.0
d803118b-4a57-4304-803d-6f27e2cf167c,specialized,general,89,89,1.0,10,10,1.0,6,6,True,1.0
c01152b1-17db-4800-9406-c8fb8ed73fbe,original_free,general,99,99,1.0,17,17,1.0,13,13,True,1.0
c01152b1-17db-4800-9406-c8fb8ed73fbe,paid_brave,general,99,234,2.3636363636363638,17,30,1.7647058823529411,13,24,False,0.5416666666666666
c01152b1-17db-4800-9406-c8fb8ed73fbe,paid_google,general,99,234,2.3636363636363638,17,30,1.7647058823529411,13,24,False,0.5416666666666666
c01152b1-17db-4800-9406-c8fb8ed73fbe,paid_other,general,99,234,2.3636363636363638,17,30,1.7647058823529411,13,24,False,0.5416666666666666
c01152b1-17db-4800-9406-c8fb8ed73fbe,neural,general,99,99,1.0,17,17,1.0,13,13,True,1.0
c01152b1-17db-4800-9406-c8fb8ed73fbe,specialized,general,99,99,1.0,17,17,1.0,13,13,True,1.0
4d3c36c7-4869-48df-9b46-043fbc302a61,original_free,general,111,111,1.0,15,15,1.0,13,13,True,1.0
4d3c36c7-4869-48df-9b46-043fbc302a61,paid_brave,general,111,226,2.036036036036036,15,24,1.6,13,22,False,0.5909090909090909
4d3c36c7-4869-48df-9b46-043fbc302a61,paid_google,general,111,226,2.036036036036036,15,24,1.6,13,22,False,0.5909090909090909
4d3c36c7-4869-48df-9b46-043fbc302a61,paid_other,general,111,226,2.036036036036036,15,24,1.6,13,22,False,0.5909090909090909
4d3c36c7-4869-48df-9b46-043fbc302a61,neural,general,111,111,1.0,15,15,1.0,13,13,True,1.0
4d3c36c7-4869-48df-9b46-043fbc302a61,specialized,general,111,111,1.0,15,15,1.0,13,13,True,1.0
e865c771-ff8b-4b77-b6d0-a55003f1fc4d,original_free,general,76,76,1.0,12,12,1.0,9,9,True,1.0
e865c771-ff8b-4b77-b6d0-a55003f1fc4d,paid_brave,general,76,185,2.4342105263157894,12,20,1.6666666666666667,9,17,False,0.5294117647058824
e865c771-ff8b-4b77-b6d0-a55003f1fc4d,paid_google,general,76,185,2.4342105263157894,12,20,1.6666666666666667,9,17,False,0.5294117647058824
e865c771-ff8b-4b77-b6d0-a55003f1fc4d,paid_other,general,76,185,2.4342105263157894,12,20,1.6666666666666667,9,17,False,0.5294117647058824
e865c771-ff8b-4b77-b6d0-a55003f1fc4d,neural,general,76,76,1.0,12,12,1.0,9,9,True,1.0
e865c771-ff8b-4b77-b6d0-a55003f1fc4d,specialized,general,76,76,1.0,12,12,1.0,9,9,True,1.0
0be887d8-d8ae-4e6d-84d4-595c9aa34da9,original_free,general,27,27,1.0,4,4,1.0,3,3,True,1.0
0be887d8-d8ae-4e6d-84d4-595c9aa34da9,paid_brave,general,27,140,5.185185185185185,4,14,3.5,3,14,False,0.21428571428571427
0be887d8-d8ae-4e6d-84d4-595c9aa34da9,paid_google,general,27,140,5.185185185185185,4,14,3.5,3,14,False,0.21428571428571427
0be887d8-d8ae-4e6d-84d4-595c9aa34da9,paid_other,general,27,140,5.185185185185185,4,14,3.5,3,14,False,0.21428571428571427
0be887d8-d8ae-4e6d-84d4-595c9aa34da9,neural,general,27,27,1.0,4,4,1.0,3,3,True,1.0
0be887d8-d8ae-4e6d-84d4-595c9aa34da9,specialized,general,27,27,1.0,4,4,1.0,3,3,True,1.0
4d040c3c-945c-44c2-b2a8-7a3a0e027610,original_free,general,65,65,1.0,10,10,1.0,8,8,True,1.0
4d040c3c-945c-44c2-b2a8-7a3a0e027610,paid_brave,general,65,185,2.8461538461538463,10,18,1.8,8,16,False,0.5
4d040c3c-945c-44c2-b2a8-7a3a0e027610,paid_google,general,65,185,2.8461538461538463,10,18,1.8,8,16,False,0.5
4d040c3c-945c-44c2-b2a8-7a3a0e027610,paid_other,general,65,185,2.8461538461538463,10,18,1.8,8,16,False,0.5
4d040c3c-945c-44c2-b2a8-7a3a0e027610,neural,general,65,65,1.0,10,10,1.0,8,8,True,1.0
4d040c3c-945c-44c2-b2a8-7a3a0e027610,specialized,general,65,65,1.0,10,10,1.0,8,8,True,1.0
d9cd5a69-6902-4880-b0e5-fdcecfcb48bf,original_free,general,83,83,1.0,11,11,1.0,11,11,True,1.0
d9cd5a69-6902-4880-b0e5-fdcecfcb48bf,paid_brave,general,83,205,2.4698795180722892,11,22,2.0,11,22,False,0.5
d9cd5a69-6902-4880-b0e5-fdcecfcb48bf,paid_google,general,83,205,2.4698795180722892,11,22,2.0,11,22,False,0.5
d9cd5a69-6902-4880-b0e5-fdcecfcb48bf,paid_other,general,83,205,2.4698795180722892,11,22,2.0,11,22,False,0.5
d9cd5a69-6902-4880-b0e5-fdcecfcb48bf,neural,general,83,83,1.0,11,11,1.0,11,11,True,1.0
d9cd5a69-6902-4880-b0e5-fdcecfcb48bf,specialized,general,83,83,1.0,11,11,1.0,11,11,True,1.0
c32c82de-a06a-47a2-9b5b-2140026dd918,original_free,general,55,55,1.0,8,8,1.0,7,7,True,1.0
c32c82de-a06a-47a2-9b5b-2140026dd918,paid_brave,general,55,161,2.9272727272727272,8,15,1.875,7,14,False,0.5
c32c82de-a06a-47a2-9b5b-2140026dd918,paid_google,general,55,161,2.9272727272727272,8,15,1.875,7,14,False,0.5
c32c82de-a06a-47a2-9b5b-2140026dd918,paid_other,general,55,161,2.9272727272727272,8,15,1.875,7,14,False,0.5
c32c82de-a06a-47a2-9b5b-2140026dd918,neural,general,55,55,1.0,8,8,1.0,7,7,True,1.0
c32c82de-a06a-47a2-9b5b-2140026dd918,specialized,general,55,55,1.0,8,8,1.0,7,7,True,1.0
